DeviceID,Latitude,Longitude,Timestamp,Store
DEV_0001,28.6101,77.2072,2026-09-01 06:08:00,Store_A
DEV_0001,28.615792,77.210414,2026-09-01 06:37:00,Store_A
DEV_0001,28.614624,77.205254,2026-09-01 06:40:00,Store_A
DEV_0001,28.611761,77.209816,2026-09-01 06:58:00,Store_A
DEV_0001,28.615628,77.210611,2026-09-01 07:12:00,Store_A
DEV_0001,28.613494,77.207226,2026-09-01 07:40:00,Store_A
DEV_0001,28.61597,77.206277,2026-09-01 07:54:00,Store_A
DEV_0001,28.614223,77.210723,2026-09-01 08:19:00,Store_B
DEV_0001,28.612818,77.212039,2026-09-01 08:31:00,Store_B
DEV_0001,28.61683,77.215457,2026-09-01 08:55:00,Store_B
DEV_0001,28.61629,77.216785,2026-09-01 09:08:00,Store_B
DEV_0001,28.614316,77.211635,2026-09-01 09:28:00,Store_A
DEV_0001,28.616619,77.214637,2026-09-01 09:30:00,Store_B
DEV_0001,28.616085,77.212882,2026-09-01 09:58:00,Store_A
DEV_0001,28.616832,77.208041,2026-09-01 10:13:00,Store_A
DEV_0001,28.613301,77.211842,2026-09-01 10:35:00,Store_B
DEV_0001,28.617615,77.214468,2026-09-01 10:38:00,Store_B
DEV_0001,28.614173,77.206958,2026-09-01 10:53:00,Store_A
DEV_0001,28.61416,77.216403,2026-09-01 11:16:00,Store_B
DEV_0001,28.615377,77.211743,2026-09-01 11:41:00,Store_A
DEV_0001,28.611732,77.205257,2026-09-01 11:52:00,Store_A
DEV_0001,28.614142,77.210688,2026-09-01 12:11:00,Store_B
DEV_0001,28.613701,77.212994,2026-09-01 12:40:00,Store_B
DEV_0001,28.613143,77.210117,2026-09-01 13:04:00,Store_B
DEV_0001,28.617976,77.212427,2026-09-01 13:23:00,Store_B
DEV_0001,28.614896,77.216979,2026-09-01 13:28:00,Store_B
DEV_0001,28.612727,77.209377,2026-09-01 13:32:00,Store_B
DEV_0001,28.61492,77.211337,2026-09-01 13:46:00,Store_A
DEV_0001,28.612978,77.209767,2026-09-01 14:01:00,Store_A
DEV_0001,28.619769,77.215886,2026-09-01 14:02:00,Store_B
DEV_0001,28.615354,77.209296,2026-09-01 14:11:00,Store_A
DEV_0001,28.612892,77.212478,2026-09-01 14:26:00,Store_B
DEV_0001,28.617531,77.212007,2026-09-01 14:35:00,Store_A
DEV_0001,28.613961,77.205851,2026-09-01 14:56:00,Store_A
DEV_0001,28.618733,77.213061,2026-09-01 15:03:00,Store_B
DEV_0001,28.612891,77.206292,2026-09-01 15:28:00,Store_A
DEV_0001,28.614692,77.208909,2026-09-01 15:32:00,Store_A
DEV_0001,28.61903,77.215653,2026-09-01 15:42:00,Store_B
DEV_0001,28.610363,77.212024,2026-09-01 15:45:00,Store_A
DEV_0001,28.615755,77.211528,2026-09-01 16:10:00,Store_A
DEV_0001,28.610927,77.208802,2026-09-02 06:18:00,Store_A
DEV_0001,28.61202,77.211979,2026-09-02 06:32:00,Store_A
DEV_0001,28.617331,77.211042,2026-09-02 06:55:00,Store_A
DEV_0001,28.615604,77.208192,2026-09-02 07:17:00,Store_A
DEV_0001,28.615505,77.213141,2026-09-02 07:21:00,Store_B
DEV_0001,28.611698,77.207705,2026-09-02 07:40:00,Store_A
DEV_0001,28.614608,77.205058,2026-09-02 08:03:00,Store_A
DEV_0001,28.611732,77.212243,2026-09-02 08:31:00,Store_A
DEV_0001,28.612567,77.210904,2026-09-02 08:53:00,Store_B
DEV_0001,28.613714,77.210058,2026-09-02 09:23:00,Store_B
DEV_0001,28.613944,77.212784,2026-09-02 09:37:00,Store_B
DEV_0001,28.610655,77.210272,2026-09-02 09:49:00,Store_A
DEV_0001,28.615289,77.215911,2026-09-02 09:51:00,Store_B
DEV_0001,28.610385,77.210826,2026-09-02 10:17:00,Store_A
DEV_0001,28.611889,77.206522,2026-09-02 10:32:00,Store_A
DEV_0001,28.613275,77.207228,2026-09-02 10:40:00,Store_A
DEV_0001,28.613445,77.211891,2026-09-02 10:58:00,Store_A
DEV_0001,28.610305,77.212994,2026-09-02 11:25:00,Store_A
DEV_0001,28.617652,77.212411,2026-09-02 11:53:00,Store_A
DEV_0001,28.61123,77.208885,2026-09-02 12:00:00,Store_A
DEV_0001,28.61922,77.210317,2026-09-02 12:01:00,Store_B
DEV_0001,28.614122,77.215273,2026-09-02 12:16:00,Store_B
DEV_0001,28.615384,77.216659,2026-09-02 12:42:00,Store_B
DEV_0001,28.613238,77.211374,2026-09-02 12:44:00,Store_B
DEV_0001,28.615884,77.205457,2026-09-02 13:03:00,Store_A
DEV_0001,28.616023,77.215822,2026-09-02 13:09:00,Store_B
DEV_0001,28.617586,77.205641,2026-09-02 13:15:00,Store_A
DEV_0001,28.61466,77.210402,2026-09-02 13:23:00,Store_A
DEV_0001,28.612959,77.216122,2026-09-02 13:31:00,Store_B
DEV_0001,28.614855,77.208354,2026-09-02 13:50:00,Store_A
DEV_0001,28.619478,77.210634,2026-09-02 14:13:00,Store_B
DEV_0001,28.613909,77.212166,2026-09-02 14:35:00,Store_B
DEV_0001,28.615658,77.216432,2026-09-02 15:05:00,Store_B
DEV_0001,28.609975,77.209969,2026-09-02 15:24:00,Store_A
DEV_0001,28.610486,77.206705,2026-09-02 15:33:00,Store_A
DEV_0001,28.617366,77.212047,2026-09-02 16:02:00,Store_A
DEV_0001,28.612856,77.206262,2026-09-02 16:29:00,Store_A
DEV_0001,28.616893,77.216898,2026-09-02 16:50:00,Store_B
DEV_0001,28.615243,77.209437,2026-09-02 17:20:00,Store_A
DEV_0001,28.617411,77.206074,2026-09-02 17:24:00,Store_A
DEV_0001,28.615839,77.206244,2026-09-03 06:10:00,Store_A
DEV_0001,28.615641,77.206629,2026-09-03 06:31:00,Store_A
DEV_0001,28.616043,77.211009,2026-09-03 07:01:00,Store_B
DEV_0001,28.610638,77.208389,2026-09-03 07:10:00,Store_A
DEV_0001,28.609928,77.211169,2026-09-03 07:31:00,Store_A
DEV_0001,28.613293,77.212535,2026-09-03 07:54:00,Store_B
DEV_0001,28.616487,77.209895,2026-09-03 08:23:00,Store_B
DEV_0001,28.614265,77.211677,2026-09-03 08:42:00,Store_A
DEV_0001,28.613338,77.205335,2026-09-03 08:54:00,Store_A
DEV_0001,28.617091,77.206681,2026-09-03 09:02:00,Store_A
DEV_0001,28.612729,77.209479,2026-09-03 09:30:00,Store_A
DEV_0001,28.619791,77.214996,2026-09-03 10:00:00,Store_B
DEV_0001,28.616817,77.21281,2026-09-03 10:26:00,Store_A
DEV_0001,28.616951,77.205198,2026-09-03 10:50:00,Store_A
DEV_0001,28.618259,77.212294,2026-09-03 11:12:00,Store_B
DEV_0001,28.612034,77.211299,2026-09-03 11:16:00,Store_A
DEV_0001,28.618977,77.215869,2026-09-03 11:24:00,Store_B
DEV_0001,28.616433,77.208682,2026-09-03 11:34:00,Store_A
DEV_0001,28.611683,77.21028,2026-09-03 11:47:00,Store_A
DEV_0001,28.614229,77.209555,2026-09-03 12:12:00,Store_B
DEV_0001,28.614809,77.213075,2026-09-03 12:34:00,Store_B
DEV_0001,28.619514,77.209923,2026-09-03 12:43:00,Store_B
DEV_0001,28.614545,77.212868,2026-09-03 12:45:00,Store_A
DEV_0001,28.614673,77.207765,2026-09-03 13:11:00,Store_A
DEV_0001,28.615491,77.216874,2026-09-03 13:15:00,Store_B
DEV_0001,28.619196,77.210521,2026-09-03 13:17:00,Store_B
DEV_0001,28.612014,77.216405,2026-09-03 13:35:00,Store_B
DEV_0001,28.612814,77.20556,2026-09-03 13:57:00,Store_A
DEV_0001,28.616985,77.214307,2026-09-03 14:01:00,Store_B
DEV_0001,28.616057,77.214335,2026-09-03 14:12:00,Store_B
DEV_0001,28.617578,77.213435,2026-09-03 14:19:00,Store_B
DEV_0001,28.617319,77.212033,2026-09-03 14:43:00,Store_B
DEV_0001,28.614824,77.207408,2026-09-03 15:01:00,Store_A
DEV_0001,28.612331,77.206681,2026-09-03 15:27:00,Store_A
DEV_0001,28.61572,77.212537,2026-09-03 15:34:00,Store_B
DEV_0001,28.61835,77.216679,2026-09-03 15:58:00,Store_B
DEV_0001,28.615171,77.20727,2026-09-03 16:20:00,Store_A
DEV_0001,28.612747,77.216616,2026-09-03 16:28:00,Store_B
DEV_0001,28.613797,77.210593,2026-09-03 16:29:00,Store_B
DEV_0001,28.611859,77.208801,2026-09-03 16:57:00,Store_A
DEV_0001,28.613543,77.212089,2026-09-04 06:19:00,Store_A
DEV_0001,28.615647,77.208072,2026-09-04 06:32:00,Store_A
DEV_0001,28.611081,77.210501,2026-09-04 07:01:00,Store_A
DEV_0001,28.616127,77.206751,2026-09-04 07:27:00,Store_A
DEV_0001,28.612402,77.210994,2026-09-04 07:55:00,Store_B
DEV_0001,28.613552,77.211411,2026-09-04 08:17:00,Store_A
DEV_0001,28.6196,77.216131,2026-09-04 08:37:00,Store_B
DEV_0001,28.618645,77.213383,2026-09-04 09:06:00,Store_B
DEV_0001,28.615849,77.208797,2026-09-04 09:15:00,Store_A
DEV_0001,28.616619,77.207218,2026-09-04 09:40:00,Store_A
DEV_0001,28.617014,77.211197,2026-09-04 09:43:00,Store_B
DEV_0001,28.613876,77.211687,2026-09-04 10:12:00,Store_B
DEV_0001,28.611007,77.20685,2026-09-04 10:35:00,Store_A
DEV_0001,28.615551,77.205514,2026-09-04 10:49:00,Store_A
DEV_0001,28.616341,77.212326,2026-09-04 10:56:00,Store_B
DEV_0001,28.615116,77.215158,2026-09-04 11:19:00,Store_B
DEV_0001,28.616754,77.211125,2026-09-04 11:32:00,Store_A
DEV_0001,28.612047,77.211814,2026-09-04 11:57:00,Store_B
DEV_0001,28.618828,77.216627,2026-09-04 12:11:00,Store_B
DEV_0001,28.613806,77.207183,2026-09-04 12:27:00,Store_A
DEV_0001,28.613011,77.210351,2026-09-04 12:53:00,Store_A
DEV_0001,28.617793,77.215724,2026-09-04 13:23:00,Store_B
DEV_0001,28.617746,77.209273,2026-09-04 13:53:00,Store_A
DEV_0001,28.616735,77.214304,2026-09-04 13:56:00,Store_B
DEV_0001,28.613086,77.212694,2026-09-04 13:58:00,Store_B
DEV_0001,28.615033,77.210693,2026-09-04 14:09:00,Store_B
DEV_0001,28.61809,77.212033,2026-09-04 14:34:00,Store_B
DEV_0001,28.614018,77.209655,2026-09-04 14:35:00,Store_B
DEV_0001,28.617899,77.2078,2026-09-04 14:56:00,Store_A
DEV_0001,28.61615,77.210214,2026-09-04 15:21:00,Store_A
DEV_0001,28.617497,77.206595,2026-09-04 15:22:00,Store_A
DEV_0001,28.611808,77.208788,2026-09-04 15:26:00,Store_A
DEV_0001,28.61362,77.20705,2026-09-04 15:38:00,Store_A
DEV_0001,28.614747,77.21271,2026-09-04 16:01:00,Store_A
DEV_0001,28.616122,77.20631,2026-09-04 16:11:00,Store_A
DEV_0001,28.614529,77.212431,2026-09-04 16:30:00,Store_A
DEV_0001,28.615173,77.21472,2026-09-04 16:33:00,Store_B
DEV_0001,28.610715,77.21118,2026-09-04 17:01:00,Store_A
DEV_0001,28.61627,77.209527,2026-09-04 17:03:00,Store_A
DEV_0001,28.616262,77.214292,2026-09-04 17:06:00,Store_B
DEV_0001,28.612101,77.21236,2026-09-05 06:16:00,Store_B
DEV_0001,28.613368,77.207898,2026-09-05 06:45:00,Store_A
DEV_0001,28.617658,77.212484,2026-09-05 07:09:00,Store_B
DEV_0001,28.616927,77.216357,2026-09-05 07:34:00,Store_B
DEV_0001,28.615719,77.215606,2026-09-05 07:53:00,Store_B
DEV_0001,28.614578,77.210964,2026-09-05 08:23:00,Store_B
DEV_0001,28.612131,77.208606,2026-09-05 08:48:00,Store_A
DEV_0001,28.616559,77.214346,2026-09-05 08:59:00,Store_B
DEV_0001,28.613854,77.2076,2026-09-05 09:15:00,Store_A
DEV_0001,28.612739,77.207067,2026-09-05 09:24:00,Store_A
DEV_0001,28.616446,77.213133,2026-09-05 09:31:00,Store_B
DEV_0001,28.611831,77.208251,2026-09-05 09:49:00,Store_A
DEV_0001,28.615425,77.210167,2026-09-05 10:05:00,Store_A
DEV_0001,28.618343,77.209744,2026-09-05 10:13:00,Store_B
DEV_0001,28.617534,77.21145,2026-09-05 10:32:00,Store_B
DEV_0001,28.615786,77.213247,2026-09-05 10:46:00,Store_B
DEV_0001,28.614814,77.21263,2026-09-05 10:56:00,Store_B
DEV_0001,28.613844,77.21477,2026-09-05 11:07:00,Store_B
DEV_0001,28.615843,77.212607,2026-09-05 11:30:00,Store_A
DEV_0001,28.611432,77.210909,2026-09-05 11:39:00,Store_A
DEV_0001,28.619844,77.215661,2026-09-05 11:49:00,Store_B
DEV_0001,28.612787,77.207418,2026-09-05 12:12:00,Store_A
DEV_0001,28.612094,77.212794,2026-09-05 12:30:00,Store_A
DEV_0001,28.617579,77.21001,2026-09-05 12:58:00,Store_B
DEV_0001,28.612821,77.209098,2026-09-05 13:08:00,Store_B
DEV_0001,28.61583,77.211726,2026-09-05 13:10:00,Store_B
DEV_0001,28.619529,77.212822,2026-09-05 13:37:00,Store_B
DEV_0001,28.613106,77.205593,2026-09-05 13:58:00,Store_A
DEV_0001,28.611114,77.211489,2026-09-05 14:08:00,Store_A
DEV_0001,28.617851,77.205948,2026-09-05 14:33:00,Store_A
DEV_0001,28.616851,77.215326,2026-09-05 14:41:00,Store_B
DEV_0001,28.615604,77.212542,2026-09-05 15:09:00,Store_B
DEV_0001,28.614443,77.213968,2026-09-05 15:29:00,Store_B
DEV_0001,28.617481,77.206662,2026-09-05 15:36:00,Store_A
DEV_0001,28.617283,77.210256,2026-09-05 15:42:00,Store_B
DEV_0001,28.611152,77.208268,2026-09-05 16:05:00,Store_A
DEV_0001,28.61433,77.210852,2026-09-05 16:28:00,Store_B
DEV_0001,28.617624,77.212632,2026-09-05 16:50:00,Store_B
DEV_0001,28.617291,77.211303,2026-09-05 17:11:00,Store_A
DEV_0001,28.613301,77.209356,2026-09-05 17:32:00,Store_A
DEV_0001,28.617167,77.211613,2026-09-06 06:03:00,Store_A
DEV_0001,28.611227,77.207461,2026-09-06 06:27:00,Store_A
DEV_0001,28.615513,77.21275,2026-09-06 06:37:00,Store_B
DEV_0001,28.619541,77.213004,2026-09-06 06:53:00,Store_B
DEV_0001,28.612644,77.209319,2026-09-06 07:07:00,Store_B
DEV_0001,28.61683,77.209207,2026-09-06 07:15:00,Store_B
DEV_0001,28.617897,77.210378,2026-09-06 07:24:00,Store_A
DEV_0001,28.616005,77.206402,2026-09-06 07:41:00,Store_A
DEV_0001,28.619329,77.210452,2026-09-06 08:00:00,Store_B
DEV_0001,28.617078,77.212934,2026-09-06 08:03:00,Store_B
DEV_0001,28.614784,77.211666,2026-09-06 08:25:00,Store_B
DEV_0001,28.616762,77.207638,2026-09-06 08:48:00,Store_A
DEV_0001,28.614306,77.216562,2026-09-06 09:15:00,Store_B
DEV_0001,28.613539,77.207516,2026-09-06 09:26:00,Store_A
DEV_0001,28.617661,77.208233,2026-09-06 09:43:00,Store_A
DEV_0001,28.615161,77.209341,2026-09-06 09:57:00,Store_A
DEV_0001,28.611401,77.207894,2026-09-06 10:22:00,Store_A
DEV_0001,28.617003,77.21508,2026-09-06 10:29:00,Store_B
DEV_0001,28.616394,77.216421,2026-09-06 10:44:00,Store_B
DEV_0001,28.612971,77.216785,2026-09-06 11:04:00,Store_B
DEV_0001,28.615578,77.207486,2026-09-06 11:05:00,Store_A
DEV_0001,28.612746,77.216938,2026-09-06 11:35:00,Store_B
DEV_0001,28.613592,77.20594,2026-09-06 12:02:00,Store_A
DEV_0001,28.613887,77.210733,2026-09-06 12:19:00,Store_A
DEV_0001,28.615324,77.21286,2026-09-06 12:35:00,Store_B
DEV_0001,28.613554,77.206157,2026-09-06 12:42:00,Store_A
DEV_0001,28.616812,77.20721,2026-09-06 13:08:00,Store_A
DEV_0001,28.614719,77.215302,2026-09-06 13:17:00,Store_B
DEV_0001,28.612163,77.207388,2026-09-06 13:36:00,Store_A
DEV_0001,28.618922,77.212572,2026-09-06 13:52:00,Store_B
DEV_0001,28.61466,77.215103,2026-09-06 14:05:00,Store_B
DEV_0001,28.619463,77.215957,2026-09-06 14:28:00,Store_B
DEV_0001,28.614474,77.206868,2026-09-06 14:53:00,Store_A
DEV_0001,28.612349,77.214958,2026-09-06 15:16:00,Store_B
DEV_0001,28.615089,77.21431,2026-09-06 15:43:00,Store_B
DEV_0001,28.613863,77.205296,2026-09-06 16:00:00,Store_A
DEV_0001,28.618958,77.215994,2026-09-06 16:15:00,Store_B
DEV_0001,28.614108,77.208655,2026-09-06 16:39:00,Store_A
DEV_0001,28.61318,77.210238,2026-09-06 16:44:00,Store_A
DEV_0001,28.613656,77.212754,2026-09-06 16:55:00,Store_A
DEV_0001,28.617199,77.215814,2026-09-07 06:28:00,Store_B
DEV_0001,28.619633,77.214014,2026-09-07 06:57:00,Store_B
DEV_0001,28.618979,77.209287,2026-09-07 07:00:00,Store_B
DEV_0001,28.614949,77.212367,2026-09-07 07:08:00,Store_A
DEV_0001,28.613372,77.205788,2026-09-07 07:29:00,Store_A
DEV_0001,28.613449,77.210552,2026-09-07 07:58:00,Store_A
DEV_0001,28.610268,77.211369,2026-09-07 08:08:00,Store_A
DEV_0001,28.614999,77.210165,2026-09-07 08:25:00,Store_B
DEV_0001,28.616527,77.21534,2026-09-07 08:31:00,Store_B
DEV_0001,28.610532,77.211967,2026-09-07 08:51:00,Store_A
DEV_0001,28.613881,77.209665,2026-09-07 08:59:00,Store_A
DEV_0001,28.617103,77.212677,2026-09-07 09:21:00,Store_B
DEV_0001,28.617091,77.208722,2026-09-07 09:31:00,Store_A
DEV_0001,28.610491,77.212562,2026-09-07 09:50:00,Store_A
DEV_0001,28.617112,77.212394,2026-09-07 09:59:00,Store_B
DEV_0001,28.618762,77.210594,2026-09-07 10:12:00,Store_B
DEV_0001,28.612853,77.212051,2026-09-07 10:24:00,Store_B
DEV_0001,28.619942,77.211362,2026-09-07 10:51:00,Store_B
DEV_0001,28.614196,77.213527,2026-09-07 11:13:00,Store_B
DEV_0001,28.617185,77.210961,2026-09-07 11:40:00,Store_A
DEV_0001,28.618206,77.210841,2026-09-07 12:06:00,Store_B
DEV_0001,28.613752,77.210521,2026-09-07 12:15:00,Store_B
DEV_0001,28.614926,77.212227,2026-09-07 12:36:00,Store_A
DEV_0001,28.612371,77.208527,2026-09-07 12:55:00,Store_A
DEV_0001,28.617859,77.209721,2026-09-07 13:05:00,Store_B
DEV_0001,28.61798,77.210405,2026-09-07 13:10:00,Store_B
DEV_0001,28.616247,77.216308,2026-09-07 13:37:00,Store_B
DEV_0001,28.611956,77.211598,2026-09-07 13:53:00,Store_A
DEV_0001,28.617972,77.21171,2026-09-07 13:57:00,Store_B
DEV_0001,28.619703,77.210126,2026-09-07 14:05:00,Store_B
DEV_0001,28.619738,77.215437,2026-09-07 14:17:00,Store_B
DEV_0001,28.616225,77.205111,2026-09-07 14:35:00,Store_A
DEV_0001,28.613538,77.210383,2026-09-07 14:57:00,Store_A
DEV_0001,28.616676,77.215579,2026-09-07 15:09:00,Store_B
DEV_0001,28.615299,77.208772,2026-09-07 15:29:00,Store_A
DEV_0001,28.619322,77.210771,2026-09-07 15:32:00,Store_B
DEV_0001,28.619275,77.211418,2026-09-07 15:46:00,Store_B
DEV_0001,28.611018,77.21257,2026-09-07 15:56:00,Store_A
DEV_0001,28.612929,77.210878,2026-09-07 16:14:00,Store_B
DEV_0001,28.613009,77.207968,2026-09-07 16:38:00,Store_A
DEV_0002,28.616699,77.214813,2026-09-01 06:29:00,Store_B
DEV_0002,28.617239,77.21567,2026-09-01 06:49:00,Store_B
DEV_0002,28.619512,77.211238,2026-09-01 07:12:00,Store_B
DEV_0002,28.613738,77.212558,2026-09-01 07:20:00,Store_B
DEV_0002,28.612795,77.214485,2026-09-01 07:38:00,Store_B
DEV_0002,28.612484,77.211207,2026-09-01 07:42:00,Store_B
DEV_0002,28.612733,77.210697,2026-09-01 08:03:00,Store_B
DEV_0002,28.610305,77.207668,2026-09-01 08:08:00,Store_A
DEV_0002,28.610449,77.211121,2026-09-01 08:15:00,Store_A
DEV_0002,28.616404,77.206864,2026-09-01 08:40:00,Store_A
DEV_0002,28.616209,77.209768,2026-09-01 08:49:00,Store_A
DEV_0002,28.6178,77.209322,2026-09-01 09:15:00,Store_A
DEV_0002,28.610779,77.211932,2026-09-01 09:20:00,Store_A
DEV_0002,28.612766,77.211307,2026-09-01 09:39:00,Store_A
DEV_0002,28.612126,77.211123,2026-09-01 09:44:00,Store_B
DEV_0002,28.616209,77.214965,2026-09-01 10:00:00,Store_B
DEV_0002,28.618224,77.213106,2026-09-01 10:04:00,Store_B
DEV_0002,28.616031,77.216563,2026-09-01 10:06:00,Store_B
DEV_0002,28.615664,77.216712,2026-09-01 10:08:00,Store_B
DEV_0002,28.618778,77.21241,2026-09-01 10:12:00,Store_B
DEV_0002,28.617699,77.212548,2026-09-01 10:41:00,Store_B
DEV_0002,28.612477,77.206187,2026-09-01 10:46:00,Store_A
DEV_0002,28.616995,77.213683,2026-09-01 11:09:00,Store_B
DEV_0002,28.615047,77.213779,2026-09-01 11:19:00,Store_B
DEV_0002,28.616044,77.212442,2026-09-01 11:45:00,Store_B
DEV_0002,28.616722,77.210207,2026-09-01 12:10:00,Store_A
DEV_0002,28.613341,77.212105,2026-09-01 12:24:00,Store_A
DEV_0002,28.618619,77.21219,2026-09-01 12:48:00,Store_B
DEV_0002,28.6124,77.2075,2026-09-01 12:57:00,Store_A
DEV_0002,28.619629,77.214495,2026-09-01 13:13:00,Store_B
DEV_0002,28.61063,77.205683,2026-09-01 13:27:00,Store_A
DEV_0002,28.615857,77.207981,2026-09-01 13:32:00,Store_A
DEV_0002,28.614592,77.209493,2026-09-01 13:43:00,Store_A
DEV_0002,28.613186,77.211989,2026-09-01 14:08:00,Store_A
DEV_0002,28.618945,77.214768,2026-09-01 14:18:00,Store_B
DEV_0002,28.614813,77.213623,2026-09-01 14:25:00,Store_B
DEV_0002,28.615154,77.206794,2026-09-01 14:29:00,Store_A
DEV_0002,28.618763,77.21194,2026-09-01 14:54:00,Store_B
DEV_0002,28.616593,77.215458,2026-09-01 15:22:00,Store_B
DEV_0002,28.614772,77.210263,2026-09-01 15:45:00,Store_A
DEV_0002,28.612232,77.211186,2026-09-02 06:25:00,Store_B
DEV_0002,28.619372,77.211808,2026-09-02 06:31:00,Store_B
DEV_0002,28.614431,77.208206,2026-09-02 06:36:00,Store_A
DEV_0002,28.610634,77.209244,2026-09-02 06:49:00,Store_A
DEV_0002,28.615629,77.210259,2026-09-02 06:59:00,Store_B
DEV_0002,28.618215,77.213541,2026-09-02 07:02:00,Store_B
DEV_0002,28.611145,77.211035,2026-09-02 07:04:00,Store_A
DEV_0002,28.612077,77.210296,2026-09-02 07:20:00,Store_A
DEV_0002,28.615313,77.210725,2026-09-02 07:37:00,Store_B
DEV_0002,28.612661,77.205887,2026-09-02 07:59:00,Store_A
DEV_0002,28.616215,77.211467,2026-09-02 08:07:00,Store_B
DEV_0002,28.619876,77.209438,2026-09-02 08:14:00,Store_B
DEV_0002,28.619563,77.215139,2026-09-02 08:39:00,Store_B
DEV_0002,28.614316,77.20996,2026-09-02 08:55:00,Store_B
DEV_0002,28.613406,77.212042,2026-09-02 09:18:00,Store_B
DEV_0002,28.613902,77.211667,2026-09-02 09:44:00,Store_A
DEV_0002,28.612577,77.215894,2026-09-02 09:46:00,Store_B
DEV_0002,28.61215,77.216369,2026-09-02 10:14:00,Store_B
DEV_0002,28.616606,77.213587,2026-09-02 10:37:00,Store_B
DEV_0002,28.614316,77.21224,2026-09-02 10:48:00,Store_B
DEV_0002,28.616311,77.209945,2026-09-02 11:15:00,Store_A
DEV_0002,28.612705,77.215756,2026-09-02 11:23:00,Store_B
DEV_0002,28.616711,77.213192,2026-09-02 11:36:00,Store_B
DEV_0002,28.617966,77.210773,2026-09-02 12:01:00,Store_B
DEV_0002,28.610511,77.210066,2026-09-02 12:18:00,Store_A
DEV_0002,28.617147,77.207795,2026-09-02 12:42:00,Store_A
DEV_0002,28.61179,77.206172,2026-09-02 12:49:00,Store_A
DEV_0002,28.614719,77.211082,2026-09-02 13:10:00,Store_A
DEV_0002,28.611317,77.211183,2026-09-02 13:26:00,Store_A
DEV_0002,28.618036,77.215079,2026-09-02 13:41:00,Store_B
DEV_0002,28.618914,77.214018,2026-09-02 13:46:00,Store_B
DEV_0002,28.612546,77.212538,2026-09-02 13:56:00,Store_B
DEV_0002,28.616731,77.211816,2026-09-02 13:59:00,Store_B
DEV_0002,28.615694,77.209301,2026-09-02 14:11:00,Store_B
DEV_0002,28.612614,77.215914,2026-09-02 14:39:00,Store_B
DEV_0002,28.61482,77.209057,2026-09-02 14:54:00,Store_A
DEV_0002,28.613498,77.211479,2026-09-02 15:15:00,Store_A
DEV_0002,28.612472,77.208805,2026-09-02 15:20:00,Store_A
DEV_0002,28.613504,77.211488,2026-09-02 15:47:00,Store_A
DEV_0002,28.619859,77.209675,2026-09-02 16:08:00,Store_B
DEV_0002,28.610213,77.210661,2026-09-03 06:15:00,Store_A
DEV_0002,28.612811,77.212343,2026-09-03 06:28:00,Store_A
DEV_0002,28.618196,77.214431,2026-09-03 06:30:00,Store_B
DEV_0002,28.612527,77.209756,2026-09-03 06:52:00,Store_B
DEV_0002,28.614273,77.21479,2026-09-03 07:14:00,Store_B
DEV_0002,28.612567,77.209662,2026-09-03 07:19:00,Store_A
DEV_0002,28.614482,77.214248,2026-09-03 07:41:00,Store_B
DEV_0002,28.613032,77.214671,2026-09-03 07:44:00,Store_B
DEV_0002,28.616471,77.214148,2026-09-03 07:55:00,Store_B
DEV_0002,28.615261,77.211632,2026-09-03 08:19:00,Store_A
DEV_0002,28.615068,77.208387,2026-09-03 08:31:00,Store_A
DEV_0002,28.612801,77.206442,2026-09-03 08:38:00,Store_A
DEV_0002,28.619581,77.21289,2026-09-03 08:46:00,Store_B
DEV_0002,28.61114,77.207366,2026-09-03 09:12:00,Store_A
DEV_0002,28.613962,77.209318,2026-09-03 09:36:00,Store_A
DEV_0002,28.615195,77.212011,2026-09-03 09:56:00,Store_A
DEV_0002,28.614678,77.206234,2026-09-03 10:02:00,Store_A
DEV_0002,28.615669,77.20535,2026-09-03 10:14:00,Store_A
DEV_0002,28.617657,77.209885,2026-09-03 10:39:00,Store_A
DEV_0002,28.613872,77.210913,2026-09-03 11:05:00,Store_B
DEV_0002,28.619232,77.210552,2026-09-03 11:27:00,Store_B
DEV_0002,28.615693,77.211254,2026-09-03 11:40:00,Store_B
DEV_0002,28.61973,77.215535,2026-09-03 12:06:00,Store_B
DEV_0002,28.616884,77.205417,2026-09-03 12:22:00,Store_A
DEV_0002,28.616436,77.209821,2026-09-03 12:50:00,Store_B
DEV_0002,28.612181,77.211105,2026-09-03 12:59:00,Store_A
DEV_0002,28.619242,77.210179,2026-09-03 13:13:00,Store_B
DEV_0002,28.617471,77.206776,2026-09-03 13:28:00,Store_A
DEV_0002,28.619444,77.212319,2026-09-03 13:41:00,Store_B
DEV_0002,28.613886,77.216956,2026-09-03 13:53:00,Store_B
DEV_0002,28.610126,77.212447,2026-09-03 14:20:00,Store_A
DEV_0002,28.618331,77.210101,2026-09-03 14:30:00,Store_B
DEV_0002,28.617569,77.21011,2026-09-03 14:53:00,Store_B
DEV_0002,28.615589,77.209042,2026-09-03 14:56:00,Store_B
DEV_0002,28.611947,77.21168,2026-09-03 15:14:00,Store_A
DEV_0002,28.612889,77.211305,2026-09-03 15:24:00,Store_B
DEV_0002,28.610282,77.208359,2026-09-03 15:50:00,Store_A
DEV_0002,28.612502,77.215694,2026-09-03 16:06:00,Store_B
DEV_0002,28.614956,77.2096,2026-09-03 16:29:00,Store_A
DEV_0002,28.61223,77.205013,2026-09-03 16:41:00,Store_A
DEV_0002,28.614465,77.206499,2026-09-04 06:22:00,Store_A
DEV_0002,28.614088,77.207885,2026-09-04 06:39:00,Store_A
DEV_0002,28.613024,77.208761,2026-09-04 07:00:00,Store_A
DEV_0002,28.619848,77.211029,2026-09-04 07:01:00,Store_B
DEV_0002,28.618308,77.211758,2026-09-04 07:25:00,Store_B
DEV_0002,28.616072,77.210881,2026-09-04 07:36:00,Store_A
DEV_0002,28.610255,77.209368,2026-09-04 08:03:00,Store_A
DEV_0002,28.616543,77.210477,2026-09-04 08:26:00,Store_A
DEV_0002,28.617054,77.215492,2026-09-04 08:29:00,Store_B
DEV_0002,28.612296,77.210613,2026-09-04 08:55:00,Store_B
DEV_0002,28.616986,77.207525,2026-09-04 09:05:00,Store_A
DEV_0002,28.619913,77.213344,2026-09-04 09:14:00,Store_B
DEV_0002,28.615926,77.206529,2026-09-04 09:26:00,Store_A
DEV_0002,28.616826,77.207655,2026-09-04 09:30:00,Store_A
DEV_0002,28.615496,77.2122,2026-09-04 09:45:00,Store_B
DEV_0002,28.614712,77.210495,2026-09-04 10:08:00,Store_B
DEV_0002,28.614939,77.215378,2026-09-04 10:17:00,Store_B
DEV_0002,28.615717,77.205631,2026-09-04 10:37:00,Store_A
DEV_0002,28.614264,77.20757,2026-09-04 10:40:00,Store_A
DEV_0002,28.617287,77.211452,2026-09-04 11:00:00,Store_B
DEV_0002,28.613333,77.212551,2026-09-04 11:15:00,Store_B
DEV_0002,28.615715,77.212293,2026-09-04 11:35:00,Store_A
DEV_0002,28.614196,77.21684,2026-09-04 11:37:00,Store_B
DEV_0002,28.615269,77.20825,2026-09-04 11:54:00,Store_A
DEV_0002,28.617522,77.206142,2026-09-04 12:14:00,Store_A
DEV_0002,28.612278,77.209538,2026-09-04 12:39:00,Store_B
DEV_0002,28.614897,77.216596,2026-09-04 12:41:00,Store_B
DEV_0002,28.615332,77.212591,2026-09-04 12:53:00,Store_A
DEV_0002,28.618105,77.213591,2026-09-04 13:10:00,Store_B
DEV_0002,28.615184,77.214196,2026-09-04 13:18:00,Store_B
DEV_0002,28.610107,77.206488,2026-09-04 13:35:00,Store_A
DEV_0002,28.619308,77.209942,2026-09-04 14:00:00,Store_B
DEV_0002,28.617632,77.210717,2026-09-04 14:20:00,Store_B
DEV_0002,28.617552,77.216989,2026-09-04 14:27:00,Store_B
DEV_0002,28.610986,77.205592,2026-09-04 14:33:00,Store_A
DEV_0002,28.619978,77.215484,2026-09-04 15:01:00,Store_B
DEV_0002,28.617343,77.214676,2026-09-04 15:19:00,Store_B
DEV_0002,28.619131,77.215811,2026-09-04 15:42:00,Store_B
DEV_0002,28.61625,77.20907,2026-09-04 15:46:00,Store_A
DEV_0002,28.616237,77.206894,2026-09-04 16:02:00,Store_A
DEV_0002,28.612787,77.209578,2026-09-05 06:15:00,Store_A
DEV_0002,28.614796,77.20569,2026-09-05 06:25:00,Store_A
DEV_0002,28.619997,77.214751,2026-09-05 06:42:00,Store_B
DEV_0002,28.618153,77.215587,2026-09-05 06:45:00,Store_B
DEV_0002,28.617679,77.210139,2026-09-05 07:00:00,Store_A
DEV_0002,28.617441,77.211756,2026-09-05 07:29:00,Store_B
DEV_0002,28.616042,77.206032,2026-09-05 07:46:00,Store_A
DEV_0002,28.616551,77.209145,2026-09-05 07:56:00,Store_A
DEV_0002,28.611196,77.212478,2026-09-05 08:04:00,Store_A
DEV_0002,28.61958,77.213151,2026-09-05 08:14:00,Store_B
DEV_0002,28.611905,77.21008,2026-09-05 08:32:00,Store_A
DEV_0002,28.613001,77.211423,2026-09-05 08:50:00,Store_B
DEV_0002,28.613921,77.206349,2026-09-05 09:09:00,Store_A
DEV_0002,28.61127,77.209996,2026-09-05 09:38:00,Store_A
DEV_0002,28.61874,77.213509,2026-09-05 10:05:00,Store_B
DEV_0002,28.61055,77.212588,2026-09-05 10:30:00,Store_A
DEV_0002,28.617209,77.215136,2026-09-05 10:44:00,Store_B
DEV_0002,28.613884,77.210017,2026-09-05 10:54:00,Store_A
DEV_0002,28.615864,77.215438,2026-09-05 11:16:00,Store_B
DEV_0002,28.614379,77.209584,2026-09-05 11:18:00,Store_B
DEV_0002,28.613417,77.208874,2026-09-05 11:25:00,Store_A
DEV_0002,28.616853,77.211501,2026-09-05 11:48:00,Store_B
DEV_0002,28.617874,77.215886,2026-09-05 12:01:00,Store_B
DEV_0002,28.615985,77.20912,2026-09-05 12:05:00,Store_A
DEV_0002,28.613934,77.20998,2026-09-05 12:20:00,Store_B
DEV_0002,28.611027,77.205405,2026-09-05 12:33:00,Store_A
DEV_0002,28.613986,77.215922,2026-09-05 12:39:00,Store_B
DEV_0002,28.61947,77.214769,2026-09-05 12:46:00,Store_B
DEV_0002,28.613886,77.209118,2026-09-05 13:02:00,Store_A
DEV_0002,28.615979,77.20972,2026-09-05 13:15:00,Store_B
DEV_0002,28.619733,77.210721,2026-09-05 13:27:00,Store_B
DEV_0002,28.610304,77.208959,2026-09-05 13:56:00,Store_A
DEV_0002,28.614286,77.209065,2026-09-05 14:00:00,Store_B
DEV_0002,28.613071,77.211116,2026-09-05 14:12:00,Store_B
DEV_0002,28.614927,77.212205,2026-09-05 14:31:00,Store_B
DEV_0002,28.6128,77.207309,2026-09-05 14:44:00,Store_A
DEV_0002,28.618115,77.211238,2026-09-05 15:04:00,Store_B
DEV_0002,28.610929,77.205773,2026-09-05 15:16:00,Store_A
DEV_0002,28.616463,77.211925,2026-09-05 15:21:00,Store_B
DEV_0002,28.61472,77.208211,2026-09-05 15:23:00,Store_A
DEV_0002,28.610211,77.210709,2026-09-06 06:26:00,Store_A
DEV_0002,28.616155,77.210192,2026-09-06 06:55:00,Store_B
DEV_0002,28.612524,77.209905,2026-09-06 07:01:00,Store_A
DEV_0002,28.619925,77.214915,2026-09-06 07:11:00,Store_B
DEV_0002,28.616059,77.213078,2026-09-06 07:27:00,Store_B
DEV_0002,28.615799,77.209133,2026-09-06 07:38:00,Store_B
DEV_0002,28.617739,77.20967,2026-09-06 08:04:00,Store_A
DEV_0002,28.614675,77.207124,2026-09-06 08:25:00,Store_A
DEV_0002,28.615671,77.209668,2026-09-06 08:31:00,Store_A
DEV_0002,28.613182,77.214446,2026-09-06 08:33:00,Store_B
DEV_0002,28.611426,77.208528,2026-09-06 08:47:00,Store_A
DEV_0002,28.613204,77.206631,2026-09-06 09:04:00,Store_A
DEV_0002,28.618983,77.214887,2026-09-06 09:06:00,Store_B
DEV_0002,28.614049,77.209487,2026-09-06 09:28:00,Store_A
DEV_0002,28.616204,77.21151,2026-09-06 09:34:00,Store_B
DEV_0002,28.619297,77.211739,2026-09-06 09:46:00,Store_B
DEV_0002,28.616881,77.210538,2026-09-06 09:54:00,Store_B
DEV_0002,28.616465,77.210799,2026-09-06 10:04:00,Store_B
DEV_0002,28.617639,77.214522,2026-09-06 10:20:00,Store_B
DEV_0002,28.615838,77.213484,2026-09-06 10:50:00,Store_B
DEV_0002,28.614302,77.213588,2026-09-06 11:08:00,Store_B
DEV_0002,28.619166,77.212156,2026-09-06 11:20:00,Store_B
DEV_0002,28.612224,77.207301,2026-09-06 11:43:00,Store_A
DEV_0002,28.612671,77.208539,2026-09-06 11:52:00,Store_A
DEV_0002,28.613712,77.215624,2026-09-06 12:01:00,Store_B
DEV_0002,28.613098,77.213925,2026-09-06 12:20:00,Store_B
DEV_0002,28.61184,77.210359,2026-09-06 12:37:00,Store_A
DEV_0002,28.615004,77.20542,2026-09-06 12:51:00,Store_A
DEV_0002,28.617739,77.209804,2026-09-06 13:16:00,Store_B
DEV_0002,28.609941,77.209403,2026-09-06 13:46:00,Store_A
DEV_0002,28.613155,77.21248,2026-09-06 14:15:00,Store_A
DEV_0002,28.61582,77.210596,2026-09-06 14:25:00,Store_B
DEV_0002,28.614283,77.209473,2026-09-06 14:50:00,Store_B
DEV_0002,28.615118,77.206858,2026-09-06 15:14:00,Store_A
DEV_0002,28.617206,77.206401,2026-09-06 15:43:00,Store_A
DEV_0002,28.617371,77.205291,2026-09-06 16:10:00,Store_A
DEV_0002,28.618304,77.21049,2026-09-06 16:34:00,Store_B
DEV_0002,28.619014,77.209074,2026-09-06 16:53:00,Store_B
DEV_0002,28.617328,77.20768,2026-09-06 17:08:00,Store_A
DEV_0002,28.619114,77.210074,2026-09-06 17:25:00,Store_B
DEV_0002,28.614183,77.215471,2026-09-07 06:11:00,Store_B
DEV_0002,28.615749,77.210186,2026-09-07 06:34:00,Store_A
DEV_0002,28.610013,77.207697,2026-09-07 06:44:00,Store_A
DEV_0002,28.611304,77.211849,2026-09-07 07:13:00,Store_A
DEV_0002,28.618616,77.213122,2026-09-07 07:16:00,Store_B
DEV_0002,28.617354,77.210478,2026-09-07 07:21:00,Store_B
DEV_0002,28.614589,77.210984,2026-09-07 07:30:00,Store_B
DEV_0002,28.613884,77.21503,2026-09-07 07:41:00,Store_B
DEV_0002,28.61666,77.213583,2026-09-07 07:50:00,Store_B
DEV_0002,28.617542,77.209497,2026-09-07 07:54:00,Store_B
DEV_0002,28.614454,77.212243,2026-09-07 08:11:00,Store_B
DEV_0002,28.617522,77.21411,2026-09-07 08:21:00,Store_B
DEV_0002,28.616917,77.210753,2026-09-07 08:26:00,Store_B
DEV_0002,28.613225,77.214982,2026-09-07 08:46:00,Store_B
DEV_0002,28.615327,77.213394,2026-09-07 09:02:00,Store_B
DEV_0002,28.615995,77.210443,2026-09-07 09:22:00,Store_A
DEV_0002,28.614104,77.209225,2026-09-07 09:34:00,Store_A
DEV_0002,28.617238,77.205898,2026-09-07 10:01:00,Store_A
DEV_0002,28.614482,77.206199,2026-09-07 10:12:00,Store_A
DEV_0002,28.61293,77.210643,2026-09-07 10:31:00,Store_B
DEV_0002,28.612728,77.213083,2026-09-07 10:57:00,Store_B
DEV_0002,28.613527,77.209106,2026-09-07 11:12:00,Store_A
DEV_0002,28.61437,77.210382,2026-09-07 11:22:00,Store_A
DEV_0002,28.613068,77.211532,2026-09-07 11:46:00,Store_A
DEV_0002,28.614526,77.205362,2026-09-07 11:58:00,Store_A
DEV_0002,28.614229,77.205482,2026-09-07 12:27:00,Store_A
DEV_0002,28.617789,77.208777,2026-09-07 12:37:00,Store_A
DEV_0002,28.61344,77.210083,2026-09-07 12:58:00,Store_B
DEV_0002,28.614996,77.216131,2026-09-07 13:13:00,Store_B
DEV_0002,28.615005,77.214462,2026-09-07 13:35:00,Store_B
DEV_0002,28.615128,77.207782,2026-09-07 13:41:00,Store_A
DEV_0002,28.616231,77.214823,2026-09-07 13:49:00,Store_B
DEV_0002,28.615949,77.212828,2026-09-07 14:04:00,Store_A
DEV_0002,28.616255,77.215587,2026-09-07 14:12:00,Store_B
DEV_0002,28.614769,77.211205,2026-09-07 14:42:00,Store_B
DEV_0002,28.610158,77.210282,2026-09-07 15:02:00,Store_A
DEV_0002,28.611825,77.205538,2026-09-07 15:22:00,Store_A
DEV_0002,28.613472,77.210376,2026-09-07 15:50:00,Store_A
DEV_0002,28.611858,77.205354,2026-09-07 16:05:00,Store_A
DEV_0002,28.614218,77.211035,2026-09-07 16:30:00,Store_A
DEV_0003,28.611021,77.212948,2026-09-01 06:08:00,Store_A
DEV_0003,28.61662,77.21518,2026-09-01 06:35:00,Store_B
DEV_0003,28.613895,77.21601,2026-09-01 06:57:00,Store_B
DEV_0003,28.613208,77.207201,2026-09-01 07:15:00,Store_A
DEV_0003,28.614908,77.208418,2026-09-01 07:31:00,Store_A
DEV_0003,28.617678,77.212533,2026-09-01 07:53:00,Store_A
DEV_0003,28.618286,77.21155,2026-09-01 08:07:00,Store_B
DEV_0003,28.613194,77.212012,2026-09-01 08:32:00,Store_B
DEV_0003,28.613928,77.210803,2026-09-01 09:00:00,Store_B
DEV_0003,28.616346,77.212318,2026-09-01 09:18:00,Store_A
DEV_0003,28.619742,77.213458,2026-09-01 09:23:00,Store_B
DEV_0003,28.613943,77.210627,2026-09-01 09:44:00,Store_B
DEV_0003,28.617278,77.211777,2026-09-01 09:47:00,Store_A
DEV_0003,28.610312,77.208017,2026-09-01 10:07:00,Store_A
DEV_0003,28.616889,77.206505,2026-09-01 10:32:00,Store_A
DEV_0003,28.613735,77.211956,2026-09-01 10:43:00,Store_A
DEV_0003,28.619656,77.209123,2026-09-01 11:13:00,Store_B
DEV_0003,28.617597,77.205939,2026-09-01 11:38:00,Store_A
DEV_0003,28.619316,77.214565,2026-09-01 12:01:00,Store_B
DEV_0003,28.613073,77.206915,2026-09-01 12:12:00,Store_A
DEV_0003,28.615045,77.213269,2026-09-01 12:24:00,Store_B
DEV_0003,28.614092,77.213103,2026-09-01 12:40:00,Store_B
DEV_0003,28.612789,77.216851,2026-09-01 12:56:00,Store_B
DEV_0003,28.619315,77.211966,2026-09-01 13:10:00,Store_B
DEV_0003,28.6144,77.20677,2026-09-01 13:15:00,Store_A
DEV_0003,28.611986,77.212478,2026-09-01 13:34:00,Store_A
DEV_0003,28.614362,77.21057,2026-09-01 13:42:00,Store_B
DEV_0003,28.616558,77.210966,2026-09-01 14:00:00,Store_B
DEV_0003,28.614059,77.215573,2026-09-01 14:24:00,Store_B
DEV_0003,28.615687,77.214862,2026-09-01 14:36:00,Store_B
DEV_0003,28.61102,77.209372,2026-09-01 14:42:00,Store_A
DEV_0003,28.614092,77.211713,2026-09-01 14:45:00,Store_A
DEV_0003,28.616015,77.208299,2026-09-01 15:12:00,Store_A
DEV_0003,28.610444,77.206208,2026-09-01 15:19:00,Store_A
DEV_0003,28.614986,77.213943,2026-09-01 15:41:00,Store_B
DEV_0003,28.617274,77.209126,2026-09-01 15:59:00,Store_B
DEV_0003,28.612095,77.213235,2026-09-01 16:08:00,Store_B
DEV_0003,28.612137,77.215505,2026-09-01 16:30:00,Store_B
DEV_0003,28.618449,77.216278,2026-09-01 16:34:00,Store_B
DEV_0003,28.614095,77.206928,2026-09-01 16:54:00,Store_A
DEV_0003,28.618522,77.211139,2026-09-02 06:13:00,Store_B
DEV_0003,28.612884,77.208248,2026-09-02 06:32:00,Store_A
DEV_0003,28.617822,77.206807,2026-09-02 06:54:00,Store_A
DEV_0003,28.61513,77.211866,2026-09-02 07:19:00,Store_A
DEV_0003,28.610648,77.208034,2026-09-02 07:37:00,Store_A
DEV_0003,28.612449,77.209076,2026-09-02 07:43:00,Store_B
DEV_0003,28.613899,77.208471,2026-09-02 08:09:00,Store_A
DEV_0003,28.616527,77.215864,2026-09-02 08:13:00,Store_B
DEV_0003,28.611738,77.21221,2026-09-02 08:36:00,Store_A
DEV_0003,28.614169,77.216393,2026-09-02 08:58:00,Store_B
DEV_0003,28.619194,77.213508,2026-09-02 09:00:00,Store_B
DEV_0003,28.61733,77.207516,2026-09-02 09:07:00,Store_A
DEV_0003,28.615918,77.210702,2026-09-02 09:20:00,Store_A
DEV_0003,28.612294,77.209512,2026-09-02 09:39:00,Store_A
DEV_0003,28.617416,77.213324,2026-09-02 09:52:00,Store_B
DEV_0003,28.616224,77.210514,2026-09-02 09:55:00,Store_A
DEV_0003,28.61243,77.212497,2026-09-02 10:22:00,Store_B
DEV_0003,28.612625,77.211152,2026-09-02 10:42:00,Store_A
DEV_0003,28.619751,77.211611,2026-09-02 11:03:00,Store_B
DEV_0003,28.618268,77.212604,2026-09-02 11:11:00,Store_B
DEV_0003,28.616424,77.212003,2026-09-02 11:17:00,Store_B
DEV_0003,28.612686,77.213949,2026-09-02 11:43:00,Store_B
DEV_0003,28.615605,77.205656,2026-09-02 11:48:00,Store_A
DEV_0003,28.617693,77.214071,2026-09-02 12:12:00,Store_B
DEV_0003,28.614533,77.209852,2026-09-02 12:13:00,Store_B
DEV_0003,28.615558,77.215091,2026-09-02 12:17:00,Store_B
DEV_0003,28.610598,77.208448,2026-09-02 12:35:00,Store_A
DEV_0003,28.612826,77.209717,2026-09-02 12:53:00,Store_B
DEV_0003,28.614675,77.211276,2026-09-02 13:21:00,Store_A
DEV_0003,28.612099,77.21231,2026-09-02 13:46:00,Store_B
DEV_0003,28.615699,77.209476,2026-09-02 13:54:00,Store_A
DEV_0003,28.615383,77.206356,2026-09-02 14:03:00,Store_A
DEV_0003,28.614147,77.210167,2026-09-02 14:09:00,Store_B
DEV_0003,28.614208,77.211398,2026-09-02 14:35:00,Store_B
DEV_0003,28.612789,77.212554,2026-09-02 14:59:00,Store_A
DEV_0003,28.61675,77.210564,2026-09-02 15:03:00,Store_B
DEV_0003,28.612337,77.212591,2026-09-02 15:14:00,Store_A
DEV_0003,28.618433,77.211636,2026-09-02 15:25:00,Store_B
DEV_0003,28.618524,77.215876,2026-09-02 15:45:00,Store_B
DEV_0003,28.612303,77.209826,2026-09-02 16:08:00,Store_A
DEV_0003,28.613732,77.206421,2026-09-03 06:13:00,Store_A
DEV_0003,28.614332,77.21456,2026-09-03 06:29:00,Store_B
DEV_0003,28.612507,77.207242,2026-09-03 06:55:00,Store_A
DEV_0003,28.61492,77.216457,2026-09-03 07:02:00,Store_B
DEV_0003,28.615354,77.209401,2026-09-03 07:26:00,Store_A
DEV_0003,28.619544,77.210677,2026-09-03 07:52:00,Store_B
DEV_0003,28.61865,77.209553,2026-09-03 08:20:00,Store_B
DEV_0003,28.617384,77.210113,2026-09-03 08:30:00,Store_B
DEV_0003,28.611921,77.206233,2026-09-03 08:44:00,Store_A
DEV_0003,28.612592,77.216926,2026-09-03 09:00:00,Store_B
DEV_0003,28.616275,77.216388,2026-09-03 09:28:00,Store_B
DEV_0003,28.616349,77.215326,2026-09-03 09:40:00,Store_B
DEV_0003,28.610775,77.206986,2026-09-03 10:02:00,Store_A
DEV_0003,28.613331,77.213901,2026-09-03 10:21:00,Store_B
DEV_0003,28.619734,77.211653,2026-09-03 10:47:00,Store_B
DEV_0003,28.612848,77.209789,2026-09-03 10:55:00,Store_B
DEV_0003,28.613466,77.208129,2026-09-03 11:20:00,Store_A
DEV_0003,28.61266,77.205197,2026-09-03 11:24:00,Store_A
DEV_0003,28.615328,77.216694,2026-09-03 11:28:00,Store_B
DEV_0003,28.612687,77.207745,2026-09-03 11:54:00,Store_A
DEV_0003,28.614069,77.207786,2026-09-03 11:58:00,Store_A
DEV_0003,28.617776,77.21262,2026-09-03 12:01:00,Store_B
DEV_0003,28.612357,77.214686,2026-09-03 12:02:00,Store_B
DEV_0003,28.617184,77.214417,2026-09-03 12:08:00,Store_B
DEV_0003,28.614028,77.209415,2026-09-03 12:19:00,Store_A
DEV_0003,28.619668,77.210855,2026-09-03 12:32:00,Store_B
DEV_0003,28.611391,77.210258,2026-09-03 12:45:00,Store_A
DEV_0003,28.615799,77.212065,2026-09-03 13:00:00,Store_A
DEV_0003,28.615111,77.214638,2026-09-03 13:07:00,Store_B
DEV_0003,28.618019,77.21547,2026-09-03 13:10:00,Store_B
DEV_0003,28.616296,77.209295,2026-09-03 13:22:00,Store_A
DEV_0003,28.613577,77.209912,2026-09-03 13:44:00,Store_B
DEV_0003,28.616222,77.214113,2026-09-03 14:04:00,Store_B
DEV_0003,28.61689,77.213696,2026-09-03 14:16:00,Store_B
DEV_0003,28.618764,77.213939,2026-09-03 14:43:00,Store_B
DEV_0003,28.619349,77.213721,2026-09-03 15:05:00,Store_B
DEV_0003,28.612405,77.206909,2026-09-03 15:09:00,Store_A
DEV_0003,28.612886,77.206131,2026-09-03 15:22:00,Store_A
DEV_0003,28.616771,77.213598,2026-09-03 15:36:00,Store_B
DEV_0003,28.613793,77.209299,2026-09-03 16:06:00,Store_A
DEV_0003,28.614339,77.208917,2026-09-04 06:05:00,Store_A
DEV_0003,28.612417,77.208608,2026-09-04 06:07:00,Store_A
DEV_0003,28.619615,77.212877,2026-09-04 06:14:00,Store_B
DEV_0003,28.619711,77.213044,2026-09-04 06:30:00,Store_B
DEV_0003,28.617478,77.212325,2026-09-04 06:57:00,Store_B
DEV_0003,28.61591,77.209661,2026-09-04 06:58:00,Store_B
DEV_0003,28.612237,77.207199,2026-09-04 07:16:00,Store_A
DEV_0003,28.613346,77.212659,2026-09-04 07:40:00,Store_B
DEV_0003,28.616398,77.209906,2026-09-04 07:44:00,Store_B
DEV_0003,28.618201,77.215586,2026-09-04 07:56:00,Store_B
DEV_0003,28.61598,77.208531,2026-09-04 08:03:00,Store_A
DEV_0003,28.612819,77.215641,2026-09-04 08:28:00,Store_B
DEV_0003,28.612282,77.212995,2026-09-04 08:43:00,Store_A
DEV_0003,28.614789,77.215534,2026-09-04 08:58:00,Store_B
DEV_0003,28.616105,77.206896,2026-09-04 09:24:00,Store_A
DEV_0003,28.618888,77.213882,2026-09-04 09:38:00,Store_B
DEV_0003,28.614829,77.211279,2026-09-04 10:05:00,Store_A
DEV_0003,28.616344,77.209561,2026-09-04 10:23:00,Store_A
DEV_0003,28.616775,77.210347,2026-09-04 10:46:00,Store_B
DEV_0003,28.614315,77.211139,2026-09-04 11:14:00,Store_B
DEV_0003,28.610985,77.211001,2026-09-04 11:28:00,Store_A
DEV_0003,28.61784,77.211936,2026-09-04 11:33:00,Store_A
DEV_0003,28.611897,77.210691,2026-09-04 12:00:00,Store_A
DEV_0003,28.615992,77.21041,2026-09-04 12:16:00,Store_A
DEV_0003,28.614519,77.20715,2026-09-04 12:30:00,Store_A
DEV_0003,28.615616,77.214069,2026-09-04 12:59:00,Store_B
DEV_0003,28.613123,77.210998,2026-09-04 13:22:00,Store_A
DEV_0003,28.615638,77.212904,2026-09-04 13:41:00,Store_B
DEV_0003,28.616851,77.211777,2026-09-04 13:44:00,Store_A
DEV_0003,28.617079,77.214578,2026-09-04 14:12:00,Store_B
DEV_0003,28.616265,77.208182,2026-09-04 14:26:00,Store_A
DEV_0003,28.613858,77.207583,2026-09-04 14:36:00,Store_A
DEV_0003,28.616378,77.210045,2026-09-04 15:04:00,Store_B
DEV_0003,28.618306,77.216153,2026-09-04 15:29:00,Store_B
DEV_0003,28.610268,77.210009,2026-09-04 15:56:00,Store_A
DEV_0003,28.61213,77.216435,2026-09-04 16:02:00,Store_B
DEV_0003,28.615652,77.216935,2026-09-04 16:16:00,Store_B
DEV_0003,28.617866,77.212275,2026-09-04 16:45:00,Store_A
DEV_0003,28.613272,77.216462,2026-09-04 16:54:00,Store_B
DEV_0003,28.615137,77.207003,2026-09-04 17:06:00,Store_A
DEV_0003,28.610314,77.210005,2026-09-05 06:24:00,Store_A
DEV_0003,28.613334,77.20573,2026-09-05 06:28:00,Store_A
DEV_0003,28.611607,77.205624,2026-09-05 06:47:00,Store_A
DEV_0003,28.614056,77.208561,2026-09-05 06:48:00,Store_A
DEV_0003,28.618537,77.216905,2026-09-05 07:02:00,Store_B
DEV_0003,28.613722,77.206832,2026-09-05 07:05:00,Store_A
DEV_0003,28.610726,77.20794,2026-09-05 07:15:00,Store_A
DEV_0003,28.612962,77.211507,2026-09-05 07:43:00,Store_A
DEV_0003,28.615033,77.210417,2026-09-05 07:46:00,Store_A
DEV_0003,28.614783,77.206313,2026-09-05 07:58:00,Store_A
DEV_0003,28.614925,77.206211,2026-09-05 08:12:00,Store_A
DEV_0003,28.61888,77.209694,2026-09-05 08:16:00,Store_B
DEV_0003,28.61592,77.209717,2026-09-05 08:29:00,Store_A
DEV_0003,28.619706,77.211516,2026-09-05 08:34:00,Store_B
DEV_0003,28.612116,77.205674,2026-09-05 08:52:00,Store_A
DEV_0003,28.618232,77.214524,2026-09-05 09:20:00,Store_B
DEV_0003,28.613644,77.213855,2026-09-05 09:27:00,Store_B
DEV_0003,28.614364,77.209437,2026-09-05 09:56:00,Store_B
DEV_0003,28.613859,77.205902,2026-09-05 10:12:00,Store_A
DEV_0003,28.614126,77.212822,2026-09-05 10:24:00,Store_A
DEV_0003,28.613056,77.215887,2026-09-05 10:43:00,Store_B
DEV_0003,28.614923,77.214464,2026-09-05 11:08:00,Store_B
DEV_0003,28.619636,77.215163,2026-09-05 11:09:00,Store_B
DEV_0003,28.61001,77.206726,2026-09-05 11:39:00,Store_A
DEV_0003,28.617489,77.208184,2026-09-05 11:49:00,Store_A
DEV_0003,28.615389,77.212218,2026-09-05 12:10:00,Store_B
DEV_0003,28.61212,77.207479,2026-09-05 12:27:00,Store_A
DEV_0003,28.617695,77.206243,2026-09-05 12:38:00,Store_A
DEV_0003,28.616691,77.215106,2026-09-05 12:59:00,Store_B
DEV_0003,28.612381,77.2085,2026-09-05 13:27:00,Store_A
DEV_0003,28.610363,77.20569,2026-09-05 13:41:00,Store_A
DEV_0003,28.613527,77.209871,2026-09-05 13:51:00,Store_A
DEV_0003,28.610856,77.210663,2026-09-05 14:14:00,Store_A
DEV_0003,28.611211,77.212624,2026-09-05 14:31:00,Store_A
DEV_0003,28.613336,77.210015,2026-09-05 14:56:00,Store_B
DEV_0003,28.617863,77.209944,2026-09-05 15:25:00,Store_B
DEV_0003,28.61258,77.208435,2026-09-05 15:42:00,Store_A
DEV_0003,28.612004,77.2128,2026-09-05 16:03:00,Store_A
DEV_0003,28.613869,77.209086,2026-09-05 16:05:00,Store_A
DEV_0003,28.618875,77.210335,2026-09-05 16:11:00,Store_B
DEV_0003,28.618187,77.216154,2026-09-06 06:22:00,Store_B
DEV_0003,28.611727,77.209071,2026-09-06 06:24:00,Store_A
DEV_0003,28.611856,77.208774,2026-09-06 06:37:00,Store_A
DEV_0003,28.611332,77.212683,2026-09-06 06:39:00,Store_A
DEV_0003,28.613796,77.210986,2026-09-06 07:09:00,Store_B
DEV_0003,28.61417,77.209623,2026-09-06 07:21:00,Store_B
DEV_0003,28.613916,77.212216,2026-09-06 07:27:00,Store_A
DEV_0003,28.616335,77.212851,2026-09-06 07:40:00,Store_A
DEV_0003,28.616916,77.211928,2026-09-06 08:05:00,Store_A
DEV_0003,28.614618,77.213425,2026-09-06 08:06:00,Store_B
DEV_0003,28.613605,77.21351,2026-09-06 08:16:00,Store_B
DEV_0003,28.613611,77.209734,2026-09-06 08:32:00,Store_A
DEV_0003,28.61576,77.209372,2026-09-06 08:58:00,Store_A
DEV_0003,28.611105,77.212459,2026-09-06 08:59:00,Store_A
DEV_0003,28.614232,77.210088,2026-09-06 09:22:00,Store_A
DEV_0003,28.617508,77.205012,2026-09-06 09:44:00,Store_A
DEV_0003,28.618792,77.214818,2026-09-06 09:48:00,Store_B
DEV_0003,28.614139,77.206905,2026-09-06 10:04:00,Store_A
DEV_0003,28.61768,77.206139,2026-09-06 10:13:00,Store_A
DEV_0003,28.610251,77.206852,2026-09-06 10:41:00,Store_A
DEV_0003,28.617607,77.21198,2026-09-06 11:05:00,Store_B
DEV_0003,28.614546,77.209043,2026-09-06 11:26:00,Store_A
DEV_0003,28.612599,77.213543,2026-09-06 11:40:00,Store_B
DEV_0003,28.611794,77.207088,2026-09-06 11:51:00,Store_A
DEV_0003,28.617606,77.214883,2026-09-06 12:02:00,Store_B
DEV_0003,28.614176,77.209597,2026-09-06 12:09:00,Store_B
DEV_0003,28.616139,77.209678,2026-09-06 12:14:00,Store_A
DEV_0003,28.611215,77.208728,2026-09-06 12:28:00,Store_A
DEV_0003,28.614187,77.212717,2026-09-06 12:35:00,Store_A
DEV_0003,28.614466,77.21112,2026-09-06 12:39:00,Store_B
DEV_0003,28.611161,77.210488,2026-09-06 13:06:00,Store_A
DEV_0003,28.61162,77.211853,2026-09-06 13:11:00,Store_A
DEV_0003,28.615589,77.212747,2026-09-06 13:24:00,Store_A
DEV_0003,28.615317,77.207081,2026-09-06 13:30:00,Store_A
DEV_0003,28.617517,77.211837,2026-09-06 13:48:00,Store_A
DEV_0003,28.610658,77.205815,2026-09-06 14:14:00,Store_A
DEV_0003,28.610872,77.205493,2026-09-06 14:39:00,Store_A
DEV_0003,28.610946,77.211589,2026-09-06 14:51:00,Store_A
DEV_0003,28.614559,77.207071,2026-09-06 15:18:00,Store_A
DEV_0003,28.610074,77.205516,2026-09-06 15:47:00,Store_A
DEV_0003,28.618474,77.209736,2026-09-07 06:28:00,Store_B
DEV_0003,28.61298,77.216538,2026-09-07 06:30:00,Store_B
DEV_0003,28.617293,77.208465,2026-09-07 06:54:00,Store_A
DEV_0003,28.615969,77.212062,2026-09-07 07:08:00,Store_B
DEV_0003,28.612732,77.212266,2026-09-07 07:17:00,Store_A
DEV_0003,28.615568,77.210189,2026-09-07 07:37:00,Store_B
DEV_0003,28.615078,77.208991,2026-09-07 08:06:00,Store_A
DEV_0003,28.612488,77.211238,2026-09-07 08:11:00,Store_B
DEV_0003,28.613596,77.216077,2026-09-07 08:28:00,Store_B
DEV_0003,28.614946,77.211417,2026-09-07 08:54:00,Store_A
DEV_0003,28.617815,77.211255,2026-09-07 09:06:00,Store_A
DEV_0003,28.616356,77.212877,2026-09-07 09:36:00,Store_B
DEV_0003,28.615107,77.210439,2026-09-07 09:47:00,Store_B
DEV_0003,28.610134,77.211486,2026-09-07 09:56:00,Store_A
DEV_0003,28.616369,77.208773,2026-09-07 10:08:00,Store_A
DEV_0003,28.617692,77.205801,2026-09-07 10:30:00,Store_A
DEV_0003,28.612032,77.21153,2026-09-07 11:00:00,Store_A
DEV_0003,28.616012,77.212582,2026-09-07 11:19:00,Store_A
DEV_0003,28.614838,77.215714,2026-09-07 11:47:00,Store_B
DEV_0003,28.611309,77.20974,2026-09-07 12:13:00,Store_A
DEV_0003,28.619312,77.209226,2026-09-07 12:36:00,Store_B
DEV_0003,28.61958,77.213509,2026-09-07 12:55:00,Store_B
DEV_0003,28.616594,77.211483,2026-09-07 13:11:00,Store_A
DEV_0003,28.613404,77.209304,2026-09-07 13:13:00,Store_B
DEV_0003,28.614713,77.205159,2026-09-07 13:29:00,Store_A
DEV_0003,28.612554,77.209913,2026-09-07 13:55:00,Store_A
DEV_0003,28.612626,77.20642,2026-09-07 14:21:00,Store_A
DEV_0003,28.612476,77.210182,2026-09-07 14:44:00,Store_B
DEV_0003,28.616095,77.211772,2026-09-07 15:12:00,Store_A
DEV_0003,28.619684,77.211989,2026-09-07 15:34:00,Store_B
DEV_0003,28.616688,77.211692,2026-09-07 15:45:00,Store_B
DEV_0003,28.617707,77.210859,2026-09-07 15:59:00,Store_A
DEV_0003,28.617193,77.210394,2026-09-07 16:17:00,Store_B
DEV_0003,28.613786,77.213712,2026-09-07 16:23:00,Store_B
DEV_0003,28.614455,77.214508,2026-09-07 16:28:00,Store_B
DEV_0003,28.615731,77.21259,2026-09-07 16:47:00,Store_A
DEV_0003,28.618806,77.215167,2026-09-07 17:06:00,Store_B
DEV_0003,28.611357,77.207546,2026-09-07 17:32:00,Store_A
DEV_0003,28.615017,77.205833,2026-09-07 17:48:00,Store_A
DEV_0003,28.612549,77.205622,2026-09-07 18:00:00,Store_A
DEV_0004,28.613343,77.216083,2026-09-01 06:03:00,Store_B
DEV_0004,28.615573,77.211122,2026-09-01 06:11:00,Store_B
DEV_0004,28.612704,77.211296,2026-09-01 06:35:00,Store_A
DEV_0004,28.610285,77.208506,2026-09-01 06:49:00,Store_A
DEV_0004,28.616976,77.208945,2026-09-01 07:02:00,Store_A
DEV_0004,28.616368,77.209811,2026-09-01 07:18:00,Store_B
DEV_0004,28.611201,77.20559,2026-09-01 07:46:00,Store_A
DEV_0004,28.612259,77.20755,2026-09-01 07:50:00,Store_A
DEV_0004,28.612634,77.212103,2026-09-01 07:56:00,Store_A
DEV_0004,28.614276,77.212185,2026-09-01 07:59:00,Store_A
DEV_0004,28.616752,77.213909,2026-09-01 08:15:00,Store_B
DEV_0004,28.613351,77.210229,2026-09-01 08:35:00,Store_A
DEV_0004,28.613257,77.20981,2026-09-01 08:42:00,Store_B
DEV_0004,28.613174,77.209433,2026-09-01 09:12:00,Store_A
DEV_0004,28.617285,77.211379,2026-09-01 09:16:00,Store_B
DEV_0004,28.613043,77.209397,2026-09-01 09:32:00,Store_A
DEV_0004,28.610336,77.205031,2026-09-01 09:35:00,Store_A
DEV_0004,28.618591,77.214001,2026-09-01 09:51:00,Store_B
DEV_0004,28.610676,77.206656,2026-09-01 10:12:00,Store_A
DEV_0004,28.619816,77.212789,2026-09-01 10:16:00,Store_B
DEV_0004,28.618279,77.212768,2026-09-01 10:45:00,Store_B
DEV_0004,28.612729,77.213353,2026-09-01 10:51:00,Store_B
DEV_0004,28.619084,77.211955,2026-09-01 11:06:00,Store_B
DEV_0004,28.612006,77.20872,2026-09-01 11:14:00,Store_A
DEV_0004,28.616514,77.210209,2026-09-01 11:37:00,Store_B
DEV_0004,28.610586,77.20775,2026-09-01 11:55:00,Store_A
DEV_0004,28.619766,77.213718,2026-09-01 12:13:00,Store_B
DEV_0004,28.616626,77.211547,2026-09-01 12:27:00,Store_A
DEV_0004,28.616582,77.210885,2026-09-01 12:37:00,Store_B
DEV_0004,28.613058,77.211832,2026-09-01 12:39:00,Store_A
DEV_0004,28.610862,77.211058,2026-09-01 12:45:00,Store_A
DEV_0004,28.617677,77.211468,2026-09-01 12:50:00,Store_A
DEV_0004,28.613287,77.212906,2026-09-01 13:04:00,Store_A
DEV_0004,28.617878,77.210018,2026-09-01 13:31:00,Store_A
DEV_0004,28.614558,77.214817,2026-09-01 13:57:00,Store_B
DEV_0004,28.610596,77.209451,2026-09-01 14:15:00,Store_A
DEV_0004,28.618853,77.213158,2026-09-01 14:45:00,Store_B
DEV_0004,28.616192,77.209984,2026-09-01 15:02:00,Store_A
DEV_0004,28.6129,77.210197,2026-09-01 15:21:00,Store_B
DEV_0004,28.617299,77.209501,2026-09-01 15:25:00,Store_A
DEV_0004,28.61894,77.216041,2026-09-02 06:29:00,Store_B
DEV_0004,28.614113,77.214238,2026-09-02 06:48:00,Store_B
DEV_0004,28.6123,77.211203,2026-09-02 06:53:00,Store_B
DEV_0004,28.61231,77.216117,2026-09-02 07:04:00,Store_B
DEV_0004,28.610294,77.208802,2026-09-02 07:13:00,Store_A
DEV_0004,28.612162,77.215539,2026-09-02 07:23:00,Store_B
DEV_0004,28.614243,77.212933,2026-09-02 07:46:00,Store_B
DEV_0004,28.61768,77.206824,2026-09-02 07:56:00,Store_A
DEV_0004,28.618192,77.211567,2026-09-02 08:20:00,Store_B
DEV_0004,28.61684,77.209714,2026-09-02 08:35:00,Store_B
DEV_0004,28.617207,77.208257,2026-09-02 08:51:00,Store_A
DEV_0004,28.618568,77.213122,2026-09-02 08:57:00,Store_B
DEV_0004,28.612389,77.209054,2026-09-02 09:02:00,Store_A
DEV_0004,28.61129,77.212001,2026-09-02 09:09:00,Store_A
DEV_0004,28.611896,77.208652,2026-09-02 09:39:00,Store_A
DEV_0004,28.617637,77.211192,2026-09-02 10:06:00,Store_B
DEV_0004,28.616041,77.214083,2026-09-02 10:10:00,Store_B
DEV_0004,28.611836,77.20891,2026-09-02 10:25:00,Store_A
DEV_0004,28.617584,77.208797,2026-09-02 10:43:00,Store_A
DEV_0004,28.614754,77.215701,2026-09-02 10:52:00,Store_B
DEV_0004,28.612181,77.208093,2026-09-02 10:58:00,Store_A
DEV_0004,28.616757,77.210179,2026-09-02 11:20:00,Store_A
DEV_0004,28.612053,77.208276,2026-09-02 11:21:00,Store_A
DEV_0004,28.613693,77.206059,2026-09-02 11:27:00,Store_A
DEV_0004,28.61169,77.209867,2026-09-02 11:37:00,Store_A
DEV_0004,28.61539,77.212012,2026-09-02 11:49:00,Store_B
DEV_0004,28.614016,77.212734,2026-09-02 12:11:00,Store_B
DEV_0004,28.616676,77.209059,2026-09-02 12:33:00,Store_B
DEV_0004,28.616492,77.21375,2026-09-02 12:43:00,Store_B
DEV_0004,28.617475,77.212854,2026-09-02 12:54:00,Store_B
DEV_0004,28.617125,77.215892,2026-09-02 13:03:00,Store_B
DEV_0004,28.613507,77.213138,2026-09-02 13:11:00,Store_B
DEV_0004,28.616343,77.211419,2026-09-02 13:31:00,Store_A
DEV_0004,28.617284,77.214446,2026-09-02 13:55:00,Store_B
DEV_0004,28.615143,77.21298,2026-09-02 14:04:00,Store_A
DEV_0004,28.615237,77.214894,2026-09-02 14:23:00,Store_B
DEV_0004,28.612645,77.210707,2026-09-02 14:45:00,Store_A
DEV_0004,28.619252,77.214375,2026-09-02 15:02:00,Store_B
DEV_0004,28.618763,77.215725,2026-09-02 15:31:00,Store_B
DEV_0004,28.61225,77.208766,2026-09-02 15:55:00,Store_A
DEV_0004,28.617801,77.213472,2026-09-03 06:30:00,Store_B
DEV_0004,28.617475,77.212197,2026-09-03 06:51:00,Store_A
DEV_0004,28.611678,77.206787,2026-09-03 07:19:00,Store_A
DEV_0004,28.615364,77.216095,2026-09-03 07:31:00,Store_B
DEV_0004,28.616685,77.21271,2026-09-03 07:35:00,Store_B
DEV_0004,28.612429,77.214075,2026-09-03 07:54:00,Store_B
DEV_0004,28.613678,77.206556,2026-09-03 07:58:00,Store_A
DEV_0004,28.616239,77.212305,2026-09-03 08:26:00,Store_B
DEV_0004,28.610999,77.206602,2026-09-03 08:40:00,Store_A
DEV_0004,28.613146,77.215899,2026-09-03 08:46:00,Store_B
DEV_0004,28.613801,77.210048,2026-09-03 08:52:00,Store_A
DEV_0004,28.617076,77.209038,2026-09-03 09:01:00,Store_B
DEV_0004,28.61599,77.206349,2026-09-03 09:26:00,Store_A
DEV_0004,28.613817,77.211109,2026-09-03 09:29:00,Store_A
DEV_0004,28.614816,77.210068,2026-09-03 09:42:00,Store_A
DEV_0004,28.619723,77.212067,2026-09-03 09:44:00,Store_B
DEV_0004,28.615745,77.212601,2026-09-03 10:13:00,Store_A
DEV_0004,28.618055,77.213248,2026-09-03 10:14:00,Store_B
DEV_0004,28.614913,77.206991,2026-09-03 10:37:00,Store_A
DEV_0004,28.614497,77.209822,2026-09-03 10:54:00,Store_B
DEV_0004,28.613336,77.215591,2026-09-03 11:04:00,Store_B
DEV_0004,28.615647,77.213162,2026-09-03 11:21:00,Store_B
DEV_0004,28.615469,77.214494,2026-09-03 11:26:00,Store_B
DEV_0004,28.619969,77.212921,2026-09-03 11:51:00,Store_B
DEV_0004,28.611219,77.212255,2026-09-03 12:17:00,Store_A
DEV_0004,28.612153,77.210795,2026-09-03 12:22:00,Store_B
DEV_0004,28.615773,77.209718,2026-09-03 12:28:00,Store_A
DEV_0004,28.612833,77.210204,2026-09-03 12:30:00,Store_A
DEV_0004,28.619012,77.211046,2026-09-03 12:48:00,Store_B
DEV_0004,28.614651,77.205384,2026-09-03 12:52:00,Store_A
DEV_0004,28.610286,77.205926,2026-09-03 13:07:00,Store_A
DEV_0004,28.612989,77.211022,2026-09-03 13:30:00,Store_B
DEV_0004,28.611544,77.210486,2026-09-03 13:31:00,Store_A
DEV_0004,28.615367,77.209808,2026-09-03 13:48:00,Store_B
DEV_0004,28.616982,77.214606,2026-09-03 14:02:00,Store_B
DEV_0004,28.613993,77.209942,2026-09-03 14:12:00,Store_A
DEV_0004,28.616178,77.208982,2026-09-03 14:32:00,Store_A
DEV_0004,28.616124,77.211652,2026-09-03 14:39:00,Store_A
DEV_0004,28.617627,77.211363,2026-09-03 14:41:00,Store_B
DEV_0004,28.619283,77.214506,2026-09-03 14:57:00,Store_B
DEV_0004,28.613876,77.209102,2026-09-04 06:03:00,Store_B
DEV_0004,28.616582,77.210352,2026-09-04 06:08:00,Store_A
DEV_0004,28.616136,77.2056,2026-09-04 06:32:00,Store_A
DEV_0004,28.617138,77.210155,2026-09-04 06:47:00,Store_A
DEV_0004,28.614113,77.209401,2026-09-04 07:14:00,Store_B
DEV_0004,28.616893,77.211818,2026-09-04 07:26:00,Store_A
DEV_0004,28.615408,77.209927,2026-09-04 07:54:00,Store_B
DEV_0004,28.609977,77.206107,2026-09-04 08:15:00,Store_A
DEV_0004,28.612529,77.212156,2026-09-04 08:35:00,Store_A
DEV_0004,28.619028,77.209744,2026-09-04 09:02:00,Store_B
DEV_0004,28.613463,77.212206,2026-09-04 09:17:00,Store_B
DEV_0004,28.618686,77.214519,2026-09-04 09:33:00,Store_B
DEV_0004,28.617191,77.215375,2026-09-04 09:37:00,Store_B
DEV_0004,28.615469,77.205469,2026-09-04 10:05:00,Store_A
DEV_0004,28.61073,77.21229,2026-09-04 10:21:00,Store_A
DEV_0004,28.61345,77.212038,2026-09-04 10:33:00,Store_B
DEV_0004,28.616801,77.21204,2026-09-04 10:57:00,Store_A
DEV_0004,28.613765,77.208905,2026-09-04 11:26:00,Store_A
DEV_0004,28.615526,77.209507,2026-09-04 11:47:00,Store_B
DEV_0004,28.612099,77.215947,2026-09-04 12:04:00,Store_B
DEV_0004,28.617723,77.210359,2026-09-04 12:15:00,Store_A
DEV_0004,28.613363,77.210813,2026-09-04 12:31:00,Store_A
DEV_0004,28.61731,77.214131,2026-09-04 12:36:00,Store_B
DEV_0004,28.609993,77.212475,2026-09-04 12:53:00,Store_A
DEV_0004,28.618815,77.215955,2026-09-04 12:56:00,Store_B
DEV_0004,28.614565,77.211647,2026-09-04 13:05:00,Store_B
DEV_0004,28.613955,77.209404,2026-09-04 13:18:00,Store_A
DEV_0004,28.618537,77.209631,2026-09-04 13:33:00,Store_B
DEV_0004,28.612704,77.212988,2026-09-04 13:44:00,Store_B
DEV_0004,28.617745,77.210962,2026-09-04 13:45:00,Store_A
DEV_0004,28.613128,77.205287,2026-09-04 14:03:00,Store_A
DEV_0004,28.616507,77.211334,2026-09-04 14:23:00,Store_A
DEV_0004,28.619121,77.213499,2026-09-04 14:44:00,Store_B
DEV_0004,28.619603,77.211907,2026-09-04 14:46:00,Store_B
DEV_0004,28.616655,77.207656,2026-09-04 15:11:00,Store_A
DEV_0004,28.617733,77.211906,2026-09-04 15:26:00,Store_B
DEV_0004,28.610679,77.210271,2026-09-04 15:27:00,Store_A
DEV_0004,28.614841,77.214069,2026-09-04 15:53:00,Store_B
DEV_0004,28.616382,77.211991,2026-09-04 15:57:00,Store_B
DEV_0004,28.617075,77.208939,2026-09-04 16:24:00,Store_A
DEV_0004,28.612856,77.213887,2026-09-05 06:07:00,Store_B
DEV_0004,28.617342,77.208143,2026-09-05 06:22:00,Store_A
DEV_0004,28.615634,77.205862,2026-09-05 06:36:00,Store_A
DEV_0004,28.617313,77.2117,2026-09-05 06:55:00,Store_A
DEV_0004,28.616077,77.208604,2026-09-05 07:17:00,Store_A
DEV_0004,28.617611,77.205035,2026-09-05 07:41:00,Store_A
DEV_0004,28.614326,77.208462,2026-09-05 08:00:00,Store_A
DEV_0004,28.619395,77.215249,2026-09-05 08:30:00,Store_B
DEV_0004,28.615435,77.206389,2026-09-05 08:57:00,Store_A
DEV_0004,28.610728,77.21026,2026-09-05 09:17:00,Store_A
DEV_0004,28.616033,77.212077,2026-09-05 09:37:00,Store_B
DEV_0004,28.612089,77.212709,2026-09-05 09:47:00,Store_A
DEV_0004,28.618438,77.210105,2026-09-05 10:07:00,Store_B
DEV_0004,28.618745,77.213382,2026-09-05 10:18:00,Store_B
DEV_0004,28.611507,77.209993,2026-09-05 10:28:00,Store_A
DEV_0004,28.61937,77.210061,2026-09-05 10:51:00,Store_B
DEV_0004,28.613931,77.210554,2026-09-05 11:02:00,Store_A
DEV_0004,28.615986,77.209498,2026-09-05 11:21:00,Store_A
DEV_0004,28.617394,77.216151,2026-09-05 11:39:00,Store_B
DEV_0004,28.61902,77.212379,2026-09-05 11:40:00,Store_B
DEV_0004,28.610102,77.206163,2026-09-05 12:02:00,Store_A
DEV_0004,28.611499,77.211001,2026-09-05 12:08:00,Store_A
DEV_0004,28.617467,77.210171,2026-09-05 12:10:00,Store_B
DEV_0004,28.613632,77.213329,2026-09-05 12:22:00,Store_B
DEV_0004,28.61282,77.215944,2026-09-05 12:46:00,Store_B
DEV_0004,28.615839,77.20949,2026-09-05 12:54:00,Store_A
DEV_0004,28.617543,77.209376,2026-09-05 13:07:00,Store_B
DEV_0004,28.615333,77.215305,2026-09-05 13:29:00,Store_B
DEV_0004,28.619727,77.20943,2026-09-05 13:53:00,Store_B
DEV_0004,28.613625,77.215951,2026-09-05 14:21:00,Store_B
DEV_0004,28.61864,77.216292,2026-09-05 14:44:00,Store_B
DEV_0004,28.618041,77.213373,2026-09-05 15:04:00,Store_B
DEV_0004,28.616109,77.212714,2026-09-05 15:14:00,Store_A
DEV_0004,28.613419,77.214461,2026-09-05 15:20:00,Store_B
DEV_0004,28.615781,77.205955,2026-09-05 15:22:00,Store_A
DEV_0004,28.614233,77.211114,2026-09-05 15:28:00,Store_B
DEV_0004,28.612045,77.212731,2026-09-05 15:58:00,Store_B
DEV_0004,28.61022,77.212429,2026-09-05 16:18:00,Store_A
DEV_0004,28.616089,77.210003,2026-09-05 16:45:00,Store_A
DEV_0004,28.615924,77.213581,2026-09-05 16:57:00,Store_B
DEV_0004,28.616172,77.207543,2026-09-06 06:08:00,Store_A
DEV_0004,28.614065,77.21129,2026-09-06 06:14:00,Store_A
DEV_0004,28.616345,77.212227,2026-09-06 06:26:00,Store_B
DEV_0004,28.616967,77.210307,2026-09-06 06:37:00,Store_A
DEV_0004,28.614349,77.216602,2026-09-06 06:57:00,Store_B
DEV_0004,28.619973,77.21559,2026-09-06 07:18:00,Store_B
DEV_0004,28.610818,77.207768,2026-09-06 07:26:00,Store_A
DEV_0004,28.617571,77.21046,2026-09-06 07:37:00,Store_A
DEV_0004,28.619327,77.21656,2026-09-06 07:50:00,Store_B
DEV_0004,28.616322,77.211263,2026-09-06 08:20:00,Store_B
DEV_0004,28.616114,77.21307,2026-09-06 08:36:00,Store_B
DEV_0004,28.612271,77.210212,2026-09-06 08:47:00,Store_A
DEV_0004,28.617486,77.206339,2026-09-06 09:12:00,Store_A
DEV_0004,28.614915,77.206686,2026-09-06 09:33:00,Store_A
DEV_0004,28.61682,77.208394,2026-09-06 09:37:00,Store_A
DEV_0004,28.614202,77.210622,2026-09-06 10:01:00,Store_A
DEV_0004,28.617172,77.216518,2026-09-06 10:25:00,Store_B
DEV_0004,28.61009,77.210735,2026-09-06 10:27:00,Store_A
DEV_0004,28.610486,77.206424,2026-09-06 10:36:00,Store_A
DEV_0004,28.6145,77.206821,2026-09-06 10:45:00,Store_A
DEV_0004,28.615104,77.214042,2026-09-06 10:59:00,Store_B
DEV_0004,28.612135,77.214386,2026-09-06 11:17:00,Store_B
DEV_0004,28.615031,77.209947,2026-09-06 11:42:00,Store_A
DEV_0004,28.615507,77.205581,2026-09-06 12:12:00,Store_A
DEV_0004,28.612219,77.210487,2026-09-06 12:32:00,Store_A
DEV_0004,28.612152,77.212414,2026-09-06 12:45:00,Store_A
DEV_0004,28.618577,77.209247,2026-09-06 12:51:00,Store_B
DEV_0004,28.610991,77.208128,2026-09-06 13:17:00,Store_A
DEV_0004,28.619681,77.210153,2026-09-06 13:39:00,Store_B
DEV_0004,28.619659,77.209089,2026-09-06 14:07:00,Store_B
DEV_0004,28.610886,77.20504,2026-09-06 14:27:00,Store_A
DEV_0004,28.616297,77.216576,2026-09-06 14:37:00,Store_B
DEV_0004,28.615886,77.212228,2026-09-06 14:49:00,Store_A
DEV_0004,28.613201,77.210167,2026-09-06 15:06:00,Store_A
DEV_0004,28.611188,77.206766,2026-09-06 15:33:00,Store_A
DEV_0004,28.613555,77.210451,2026-09-06 15:59:00,Store_B
DEV_0004,28.616711,77.212459,2026-09-06 16:17:00,Store_A
DEV_0004,28.617157,77.209585,2026-09-06 16:39:00,Store_B
DEV_0004,28.611906,77.206579,2026-09-06 16:58:00,Store_A
DEV_0004,28.619612,77.211857,2026-09-06 17:20:00,Store_B
DEV_0004,28.6107,77.209956,2026-09-07 06:29:00,Store_A
DEV_0004,28.612442,77.208605,2026-09-07 06:49:00,Store_A
DEV_0004,28.617548,77.210219,2026-09-07 07:08:00,Store_B
DEV_0004,28.618462,77.216669,2026-09-07 07:14:00,Store_B
DEV_0004,28.612406,77.211285,2026-09-07 07:37:00,Store_A
DEV_0004,28.614213,77.211876,2026-09-07 07:59:00,Store_B
DEV_0004,28.619023,77.212703,2026-09-07 08:11:00,Store_B
DEV_0004,28.615896,77.209871,2026-09-07 08:32:00,Store_B
DEV_0004,28.616634,77.21187,2026-09-07 08:37:00,Store_A
DEV_0004,28.612006,77.212091,2026-09-07 08:40:00,Store_A
DEV_0004,28.617037,77.211797,2026-09-07 09:01:00,Store_A
DEV_0004,28.616401,77.209631,2026-09-07 09:26:00,Store_A
DEV_0004,28.61715,77.209413,2026-09-07 09:44:00,Store_A
DEV_0004,28.617231,77.210189,2026-09-07 09:57:00,Store_B
DEV_0004,28.617032,77.209717,2026-09-07 10:25:00,Store_A
DEV_0004,28.613071,77.213009,2026-09-07 10:28:00,Store_B
DEV_0004,28.614911,77.209085,2026-09-07 10:36:00,Store_B
DEV_0004,28.615958,77.206123,2026-09-07 10:42:00,Store_A
DEV_0004,28.614431,77.209527,2026-09-07 11:10:00,Store_A
DEV_0004,28.615787,77.208868,2026-09-07 11:22:00,Store_A
DEV_0004,28.611651,77.208901,2026-09-07 11:25:00,Store_A
DEV_0004,28.614955,77.209342,2026-09-07 11:32:00,Store_B
DEV_0004,28.615105,77.216343,2026-09-07 12:01:00,Store_B
DEV_0004,28.610219,77.210188,2026-09-07 12:05:00,Store_A
DEV_0004,28.618679,77.211107,2026-09-07 12:23:00,Store_B
DEV_0004,28.612913,77.208028,2026-09-07 12:42:00,Store_A
DEV_0004,28.614033,77.208011,2026-09-07 13:12:00,Store_A
DEV_0004,28.614031,77.207823,2026-09-07 13:40:00,Store_A
DEV_0004,28.615895,77.212857,2026-09-07 14:00:00,Store_B
DEV_0004,28.613915,77.206112,2026-09-07 14:06:00,Store_A
DEV_0004,28.610517,77.210148,2026-09-07 14:13:00,Store_A
DEV_0004,28.611395,77.207898,2026-09-07 14:36:00,Store_A
DEV_0004,28.615189,77.208317,2026-09-07 14:47:00,Store_A
DEV_0004,28.613752,77.208831,2026-09-07 14:54:00,Store_A
DEV_0004,28.615078,77.208287,2026-09-07 15:02:00,Store_A
DEV_0004,28.610923,77.209739,2026-09-07 15:07:00,Store_A
DEV_0004,28.617026,77.206175,2026-09-07 15:13:00,Store_A
DEV_0004,28.61938,77.213133,2026-09-07 15:26:00,Store_B
DEV_0004,28.616928,77.210824,2026-09-07 15:53:00,Store_A
DEV_0004,28.619578,77.210733,2026-09-07 16:13:00,Store_B
DEV_0005,28.618938,77.210365,2026-09-01 06:27:00,Store_B
DEV_0005,28.616807,77.215357,2026-09-01 06:54:00,Store_B
DEV_0005,28.614886,77.209086,2026-09-01 07:00:00,Store_A
DEV_0005,28.619379,77.213772,2026-09-01 07:03:00,Store_B
DEV_0005,28.612926,77.206058,2026-09-01 07:04:00,Store_A
DEV_0005,28.614082,77.212275,2026-09-01 07:26:00,Store_A
DEV_0005,28.618612,77.213844,2026-09-01 07:32:00,Store_B
DEV_0005,28.619213,77.213799,2026-09-01 08:01:00,Store_B
DEV_0005,28.610646,77.210275,2026-09-01 08:30:00,Store_A
DEV_0005,28.617076,77.211199,2026-09-01 08:51:00,Store_A
DEV_0005,28.616176,77.211963,2026-09-01 08:53:00,Store_B
DEV_0005,28.613836,77.215418,2026-09-01 09:19:00,Store_B
DEV_0005,28.614804,77.215437,2026-09-01 09:49:00,Store_B
DEV_0005,28.613304,77.207036,2026-09-01 10:14:00,Store_A
DEV_0005,28.617181,77.205671,2026-09-01 10:34:00,Store_A
DEV_0005,28.614062,77.209044,2026-09-01 10:58:00,Store_B
DEV_0005,28.614524,77.205943,2026-09-01 10:59:00,Store_A
DEV_0005,28.617236,77.214502,2026-09-01 11:10:00,Store_B
DEV_0005,28.614898,77.210238,2026-09-01 11:31:00,Store_B
DEV_0005,28.61409,77.213289,2026-09-01 11:50:00,Store_B
DEV_0005,28.616895,77.216934,2026-09-01 12:03:00,Store_B
DEV_0005,28.613206,77.21127,2026-09-01 12:19:00,Store_A
DEV_0005,28.612862,77.209439,2026-09-01 12:28:00,Store_A
DEV_0005,28.616621,77.215194,2026-09-01 12:41:00,Store_B
DEV_0005,28.61674,77.210274,2026-09-01 13:05:00,Store_A
DEV_0005,28.613473,77.210594,2026-09-01 13:11:00,Store_A
DEV_0005,28.611616,77.208204,2026-09-01 13:22:00,Store_A
DEV_0005,28.611186,77.212717,2026-09-01 13:23:00,Store_A
DEV_0005,28.616486,77.208773,2026-09-01 13:43:00,Store_A
DEV_0005,28.612705,77.211105,2026-09-01 13:55:00,Store_B
DEV_0005,28.614772,77.210796,2026-09-01 14:25:00,Store_A
DEV_0005,28.616912,77.213168,2026-09-01 14:48:00,Store_B
DEV_0005,28.617466,77.211562,2026-09-01 15:09:00,Store_A
DEV_0005,28.615512,77.210614,2026-09-01 15:31:00,Store_B
DEV_0005,28.613558,77.215272,2026-09-01 15:48:00,Store_B
DEV_0005,28.614822,77.210392,2026-09-01 16:00:00,Store_A
DEV_0005,28.61514,77.212805,2026-09-01 16:03:00,Store_A
DEV_0005,28.618237,77.211825,2026-09-01 16:16:00,Store_B
DEV_0005,28.616689,77.213142,2026-09-01 16:40:00,Store_B
DEV_0005,28.617253,77.209397,2026-09-01 17:04:00,Store_A
DEV_0005,28.61478,77.215524,2026-09-02 06:08:00,Store_B
DEV_0005,28.613538,77.208232,2026-09-02 06:09:00,Store_A
DEV_0005,28.6134,77.21305,2026-09-02 06:27:00,Store_B
DEV_0005,28.613925,77.20772,2026-09-02 06:31:00,Store_A
DEV_0005,28.619009,77.215505,2026-09-02 06:50:00,Store_B
DEV_0005,28.617554,77.216728,2026-09-02 07:09:00,Store_B
DEV_0005,28.61816,77.21506,2026-09-02 07:34:00,Store_B
DEV_0005,28.617453,77.216172,2026-09-02 08:02:00,Store_B
DEV_0005,28.613756,77.207063,2026-09-02 08:15:00,Store_A
DEV_0005,28.615315,77.206839,2026-09-02 08:26:00,Store_A
DEV_0005,28.619644,77.213132,2026-09-02 08:27:00,Store_B
DEV_0005,28.613986,77.209744,2026-09-02 08:49:00,Store_B
DEV_0005,28.612608,77.216451,2026-09-02 09:05:00,Store_B
DEV_0005,28.614828,77.216155,2026-09-02 09:14:00,Store_B
DEV_0005,28.617477,77.210465,2026-09-02 09:44:00,Store_A
DEV_0005,28.613892,77.206597,2026-09-02 10:08:00,Store_A
DEV_0005,28.616882,77.206654,2026-09-02 10:15:00,Store_A
DEV_0005,28.616591,77.207848,2026-09-02 10:40:00,Store_A
DEV_0005,28.610859,77.205628,2026-09-02 11:02:00,Store_A
DEV_0005,28.616911,77.215114,2026-09-02 11:20:00,Store_B
DEV_0005,28.616684,77.20797,2026-09-02 11:31:00,Store_A
DEV_0005,28.619185,77.216048,2026-09-02 11:50:00,Store_B
DEV_0005,28.615926,77.216875,2026-09-02 12:20:00,Store_B
DEV_0005,28.615183,77.215001,2026-09-02 12:25:00,Store_B
DEV_0005,28.614106,77.208385,2026-09-02 12:43:00,Store_A
DEV_0005,28.61392,77.20815,2026-09-02 13:05:00,Store_A
DEV_0005,28.613558,77.205963,2026-09-02 13:22:00,Store_A
DEV_0005,28.614525,77.209067,2026-09-02 13:44:00,Store_B
DEV_0005,28.612935,77.205806,2026-09-02 13:56:00,Store_A
DEV_0005,28.613497,77.211103,2026-09-02 14:05:00,Store_B
DEV_0005,28.619668,77.211745,2026-09-02 14:11:00,Store_B
DEV_0005,28.615392,77.212353,2026-09-02 14:36:00,Store_B
DEV_0005,28.614921,77.212205,2026-09-02 14:51:00,Store_B
DEV_0005,28.614471,77.212834,2026-09-02 15:13:00,Store_A
DEV_0005,28.616414,77.210767,2026-09-02 15:39:00,Store_A
DEV_0005,28.614343,77.21185,2026-09-02 15:46:00,Store_A
DEV_0005,28.6163,77.210908,2026-09-02 16:02:00,Store_A
DEV_0005,28.611313,77.208997,2026-09-02 16:31:00,Store_A
DEV_0005,28.618283,77.2114,2026-09-02 16:49:00,Store_B
DEV_0005,28.613087,77.210524,2026-09-02 16:51:00,Store_A
DEV_0005,28.616411,77.208812,2026-09-03 06:21:00,Store_A
DEV_0005,28.613499,77.207677,2026-09-03 06:33:00,Store_A
DEV_0005,28.616483,77.216455,2026-09-03 06:42:00,Store_B
DEV_0005,28.612159,77.20997,2026-09-03 07:10:00,Store_B
DEV_0005,28.614515,77.210199,2026-09-03 07:28:00,Store_A
DEV_0005,28.617735,77.207277,2026-09-03 07:39:00,Store_A
DEV_0005,28.618198,77.212575,2026-09-03 07:42:00,Store_B
DEV_0005,28.616909,77.21271,2026-09-03 07:47:00,Store_B
DEV_0005,28.615025,77.212429,2026-09-03 08:01:00,Store_A
DEV_0005,28.618791,77.209571,2026-09-03 08:07:00,Store_B
DEV_0005,28.613826,77.211535,2026-09-03 08:17:00,Store_B
DEV_0005,28.616843,77.212164,2026-09-03 08:46:00,Store_B
DEV_0005,28.618248,77.21651,2026-09-03 09:10:00,Store_B
DEV_0005,28.615312,77.210471,2026-09-03 09:11:00,Store_B
DEV_0005,28.615722,77.210296,2026-09-03 09:35:00,Store_A
DEV_0005,28.611585,77.208176,2026-09-03 09:39:00,Store_A
DEV_0005,28.617394,77.208785,2026-09-03 09:41:00,Store_A
DEV_0005,28.616067,77.209192,2026-09-03 09:44:00,Store_A
DEV_0005,28.612,77.206242,2026-09-03 10:05:00,Store_A
DEV_0005,28.614475,77.210979,2026-09-03 10:15:00,Store_B
DEV_0005,28.617012,77.21005,2026-09-03 10:42:00,Store_B
DEV_0005,28.610129,77.210308,2026-09-03 11:10:00,Store_A
DEV_0005,28.618914,77.212738,2026-09-03 11:38:00,Store_B
DEV_0005,28.616388,77.210081,2026-09-03 12:01:00,Store_B
DEV_0005,28.614627,77.208652,2026-09-03 12:25:00,Store_A
DEV_0005,28.616188,77.214116,2026-09-03 12:35:00,Store_B
DEV_0005,28.615853,77.210817,2026-09-03 12:38:00,Store_B
DEV_0005,28.614463,77.212298,2026-09-03 12:43:00,Store_B
DEV_0005,28.612084,77.213187,2026-09-03 13:08:00,Store_B
DEV_0005,28.612651,77.208754,2026-09-03 13:09:00,Store_A
DEV_0005,28.619576,77.212817,2026-09-03 13:10:00,Store_B
DEV_0005,28.618384,77.213776,2026-09-03 13:36:00,Store_B
DEV_0005,28.614286,77.206509,2026-09-03 14:05:00,Store_A
DEV_0005,28.615158,77.210306,2026-09-03 14:29:00,Store_B
DEV_0005,28.618627,77.210765,2026-09-03 14:32:00,Store_B
DEV_0005,28.617003,77.213133,2026-09-03 14:58:00,Store_B
DEV_0005,28.614277,77.214943,2026-09-03 15:24:00,Store_B
DEV_0005,28.615303,77.215828,2026-09-03 15:30:00,Store_B
DEV_0005,28.612217,77.210095,2026-09-03 15:50:00,Store_A
DEV_0005,28.614177,77.213982,2026-09-03 15:57:00,Store_B
DEV_0005,28.612155,77.209397,2026-09-04 06:18:00,Store_B
DEV_0005,28.611388,77.205818,2026-09-04 06:27:00,Store_A
DEV_0005,28.615622,77.210817,2026-09-04 06:35:00,Store_A
DEV_0005,28.611105,77.208949,2026-09-04 06:46:00,Store_A
DEV_0005,28.614493,77.215396,2026-09-04 06:58:00,Store_B
DEV_0005,28.617575,77.209254,2026-09-04 07:01:00,Store_B
DEV_0005,28.610348,77.211205,2026-09-04 07:04:00,Store_A
DEV_0005,28.613453,77.216166,2026-09-04 07:13:00,Store_B
DEV_0005,28.618626,77.209976,2026-09-04 07:38:00,Store_B
DEV_0005,28.612978,77.2128,2026-09-04 07:46:00,Store_A
DEV_0005,28.611493,77.210883,2026-09-04 07:50:00,Store_A
DEV_0005,28.613683,77.210452,2026-09-04 08:00:00,Store_A
DEV_0005,28.613269,77.214826,2026-09-04 08:24:00,Store_B
DEV_0005,28.611927,77.210108,2026-09-04 08:31:00,Store_A
DEV_0005,28.6191,77.215909,2026-09-04 08:38:00,Store_B
DEV_0005,28.611788,77.208473,2026-09-04 08:39:00,Store_A
DEV_0005,28.616255,77.209678,2026-09-04 08:52:00,Store_A
DEV_0005,28.609971,77.205336,2026-09-04 09:18:00,Store_A
DEV_0005,28.617507,77.21024,2026-09-04 09:43:00,Store_B
DEV_0005,28.61189,77.208999,2026-09-04 10:05:00,Store_A
DEV_0005,28.619447,77.216976,2026-09-04 10:26:00,Store_B
DEV_0005,28.610378,77.210157,2026-09-04 10:49:00,Store_A
DEV_0005,28.610907,77.206861,2026-09-04 11:07:00,Store_A
DEV_0005,28.618444,77.21251,2026-09-04 11:14:00,Store_B
DEV_0005,28.615414,77.207865,2026-09-04 11:19:00,Store_A
DEV_0005,28.619189,77.212882,2026-09-04 11:34:00,Store_B
DEV_0005,28.616342,77.212921,2026-09-04 11:53:00,Store_B
DEV_0005,28.614249,77.207589,2026-09-04 12:08:00,Store_A
DEV_0005,28.618941,77.213789,2026-09-04 12:36:00,Store_B
DEV_0005,28.610451,77.20624,2026-09-04 12:46:00,Store_A
DEV_0005,28.616333,77.212633,2026-09-04 13:11:00,Store_B
DEV_0005,28.617869,77.216063,2026-09-04 13:31:00,Store_B
DEV_0005,28.618208,77.21091,2026-09-04 13:55:00,Store_B
DEV_0005,28.615166,77.209312,2026-09-04 14:08:00,Store_A
DEV_0005,28.614093,77.20898,2026-09-04 14:26:00,Store_A
DEV_0005,28.614804,77.207581,2026-09-04 14:47:00,Store_A
DEV_0005,28.612884,77.213186,2026-09-04 14:50:00,Store_B
DEV_0005,28.616582,77.206038,2026-09-04 15:18:00,Store_A
DEV_0005,28.611517,77.208883,2026-09-04 15:22:00,Store_A
DEV_0005,28.614468,77.21169,2026-09-04 15:44:00,Store_A
DEV_0005,28.616207,77.214611,2026-09-05 06:09:00,Store_B
DEV_0005,28.612831,77.209848,2026-09-05 06:12:00,Store_A
DEV_0005,28.617342,77.20667,2026-09-05 06:28:00,Store_A
DEV_0005,28.613644,77.210111,2026-09-05 06:40:00,Store_A
DEV_0005,28.618576,77.215354,2026-09-05 06:42:00,Store_B
DEV_0005,28.616232,77.214874,2026-09-05 07:09:00,Store_B
DEV_0005,28.612623,77.210727,2026-09-05 07:26:00,Store_B
DEV_0005,28.61071,77.206848,2026-09-05 07:39:00,Store_A
DEV_0005,28.611445,77.210255,2026-09-05 07:58:00,Store_A
DEV_0005,28.614367,77.209465,2026-09-05 08:22:00,Store_A
DEV_0005,28.61603,77.209613,2026-09-05 08:44:00,Store_A
DEV_0005,28.61762,77.212417,2026-09-05 08:48:00,Store_B
DEV_0005,28.61624,77.2094,2026-09-05 09:05:00,Store_A
DEV_0005,28.61726,77.213271,2026-09-05 09:25:00,Store_B
DEV_0005,28.619468,77.21622,2026-09-05 09:43:00,Store_B
DEV_0005,28.618759,77.212299,2026-09-05 10:04:00,Store_B
DEV_0005,28.618609,77.211588,2026-09-05 10:12:00,Store_B
DEV_0005,28.612901,77.209402,2026-09-05 10:36:00,Store_A
DEV_0005,28.61488,77.212619,2026-09-05 10:49:00,Store_B
DEV_0005,28.615711,77.212864,2026-09-05 11:09:00,Store_A
DEV_0005,28.614041,77.212947,2026-09-05 11:19:00,Store_A
DEV_0005,28.612303,77.206775,2026-09-05 11:47:00,Store_A
DEV_0005,28.612174,77.215576,2026-09-05 12:10:00,Store_B
DEV_0005,28.619353,77.21309,2026-09-05 12:29:00,Store_B
DEV_0005,28.610654,77.208683,2026-09-05 12:34:00,Store_A
DEV_0005,28.61202,77.212117,2026-09-05 12:42:00,Store_A
DEV_0005,28.61195,77.207402,2026-09-05 13:01:00,Store_A
DEV_0005,28.616553,77.210739,2026-09-05 13:04:00,Store_B
DEV_0005,28.618343,77.210383,2026-09-05 13:31:00,Store_B
DEV_0005,28.614662,77.207403,2026-09-05 13:55:00,Store_A
DEV_0005,28.612628,77.209447,2026-09-05 14:20:00,Store_B
DEV_0005,28.614783,77.215537,2026-09-05 14:34:00,Store_B
DEV_0005,28.616858,77.206814,2026-09-05 14:55:00,Store_A
DEV_0005,28.614971,77.210058,2026-09-05 14:57:00,Store_A
DEV_0005,28.616195,77.211555,2026-09-05 15:16:00,Store_B
DEV_0005,28.612515,77.210582,2026-09-05 15:21:00,Store_A
DEV_0005,28.615289,77.212979,2026-09-05 15:36:00,Store_A
DEV_0005,28.611677,77.207318,2026-09-05 15:49:00,Store_A
DEV_0005,28.610958,77.20566,2026-09-05 16:08:00,Store_A
DEV_0005,28.614285,77.2071,2026-09-05 16:21:00,Store_A
DEV_0005,28.618191,77.210043,2026-09-06 06:05:00,Store_B
DEV_0005,28.616474,77.212903,2026-09-06 06:26:00,Store_B
DEV_0005,28.614389,77.212977,2026-09-06 06:43:00,Store_A
DEV_0005,28.611839,77.20713,2026-09-06 06:57:00,Store_A
DEV_0005,28.617478,77.213608,2026-09-06 07:01:00,Store_B
DEV_0005,28.615388,77.211786,2026-09-06 07:12:00,Store_B
DEV_0005,28.616751,77.209194,2026-09-06 07:22:00,Store_B
DEV_0005,28.617801,77.20993,2026-09-06 07:48:00,Store_A
DEV_0005,28.616985,77.212524,2026-09-06 08:18:00,Store_B
DEV_0005,28.611497,77.207991,2026-09-06 08:43:00,Store_A
DEV_0005,28.610799,77.205436,2026-09-06 09:03:00,Store_A
DEV_0005,28.61685,77.211561,2026-09-06 09:04:00,Store_A
DEV_0005,28.61755,77.20989,2026-09-06 09:19:00,Store_B
DEV_0005,28.612182,77.210672,2026-09-06 09:37:00,Store_B
DEV_0005,28.61153,77.209186,2026-09-06 09:46:00,Store_A
DEV_0005,28.616984,77.216938,2026-09-06 10:09:00,Store_B
DEV_0005,28.612913,77.212248,2026-09-06 10:26:00,Store_A
DEV_0005,28.611944,77.205481,2026-09-06 10:33:00,Store_A
DEV_0005,28.612425,77.214238,2026-09-06 10:34:00,Store_B
DEV_0005,28.613009,77.20717,2026-09-06 11:02:00,Store_A
DEV_0005,28.618914,77.209153,2026-09-06 11:30:00,Store_B
DEV_0005,28.613849,77.212046,2026-09-06 11:53:00,Store_B
DEV_0005,28.617131,77.208877,2026-09-06 12:13:00,Store_A
DEV_0005,28.611391,77.209005,2026-09-06 12:28:00,Store_A
DEV_0005,28.610218,77.212378,2026-09-06 12:38:00,Store_A
DEV_0005,28.615919,77.214955,2026-09-06 12:39:00,Store_B
DEV_0005,28.617474,77.211843,2026-09-06 12:49:00,Store_B
DEV_0005,28.617868,77.212829,2026-09-06 12:58:00,Store_A
DEV_0005,28.614906,77.212029,2026-09-06 13:27:00,Store_A
DEV_0005,28.617453,77.212593,2026-09-06 13:35:00,Store_A
DEV_0005,28.612634,77.208143,2026-09-06 13:40:00,Store_A
DEV_0005,28.615739,77.209166,2026-09-06 14:02:00,Store_A
DEV_0005,28.613239,77.209583,2026-09-06 14:16:00,Store_A
DEV_0005,28.619278,77.211634,2026-09-06 14:34:00,Store_B
DEV_0005,28.611554,77.206109,2026-09-06 14:52:00,Store_A
DEV_0005,28.616801,77.207472,2026-09-06 15:15:00,Store_A
DEV_0005,28.613341,77.212272,2026-09-06 15:40:00,Store_A
DEV_0005,28.61515,77.209519,2026-09-06 15:46:00,Store_A
DEV_0005,28.612543,77.213264,2026-09-06 16:10:00,Store_B
DEV_0005,28.611373,77.211716,2026-09-06 16:15:00,Store_A
DEV_0005,28.616023,77.212041,2026-09-07 06:14:00,Store_A
DEV_0005,28.614427,77.214965,2026-09-07 06:41:00,Store_B
DEV_0005,28.613216,77.210503,2026-09-07 06:46:00,Store_B
DEV_0005,28.61011,77.212888,2026-09-07 07:06:00,Store_A
DEV_0005,28.616845,77.213899,2026-09-07 07:26:00,Store_B
DEV_0005,28.611747,77.205209,2026-09-07 07:29:00,Store_A
DEV_0005,28.613073,77.215769,2026-09-07 07:45:00,Store_B
DEV_0005,28.613472,77.2121,2026-09-07 08:01:00,Store_B
DEV_0005,28.61121,77.20681,2026-09-07 08:15:00,Store_A
DEV_0005,28.617303,77.212602,2026-09-07 08:23:00,Store_A
DEV_0005,28.615962,77.205529,2026-09-07 08:53:00,Store_A
DEV_0005,28.618937,77.21292,2026-09-07 09:04:00,Store_B
DEV_0005,28.619101,77.21242,2026-09-07 09:29:00,Store_B
DEV_0005,28.614763,77.211595,2026-09-07 09:53:00,Store_A
DEV_0005,28.615153,77.216513,2026-09-07 10:12:00,Store_B
DEV_0005,28.614065,77.208613,2026-09-07 10:39:00,Store_A
DEV_0005,28.616922,77.206966,2026-09-07 10:57:00,Store_A
DEV_0005,28.619871,77.209314,2026-09-07 11:10:00,Store_B
DEV_0005,28.611419,77.208516,2026-09-07 11:39:00,Store_A
DEV_0005,28.618189,77.211287,2026-09-07 11:45:00,Store_B
DEV_0005,28.614355,77.216352,2026-09-07 12:08:00,Store_B
DEV_0005,28.613609,77.210169,2026-09-07 12:11:00,Store_A
DEV_0005,28.611338,77.209684,2026-09-07 12:40:00,Store_A
DEV_0005,28.613045,77.207588,2026-09-07 12:41:00,Store_A
DEV_0005,28.613529,77.212173,2026-09-07 13:10:00,Store_A
DEV_0005,28.61696,77.205721,2026-09-07 13:21:00,Store_A
DEV_0005,28.615647,77.205988,2026-09-07 13:25:00,Store_A
DEV_0005,28.617073,77.209682,2026-09-07 13:48:00,Store_B
DEV_0005,28.617815,77.216802,2026-09-07 14:08:00,Store_B
DEV_0005,28.612929,77.208045,2026-09-07 14:33:00,Store_A
DEV_0005,28.617198,77.209524,2026-09-07 14:55:00,Store_A
DEV_0005,28.611197,77.206157,2026-09-07 15:20:00,Store_A
DEV_0005,28.613257,77.207476,2026-09-07 15:45:00,Store_A
DEV_0005,28.61431,77.210446,2026-09-07 16:14:00,Store_B
DEV_0005,28.617583,77.205028,2026-09-07 16:39:00,Store_A
DEV_0005,28.612098,77.212981,2026-09-07 16:55:00,Store_B
DEV_0005,28.614764,77.208948,2026-09-07 17:02:00,Store_A
DEV_0005,28.61563,77.212535,2026-09-07 17:22:00,Store_B
DEV_0005,28.611858,77.209379,2026-09-07 17:42:00,Store_A
DEV_0005,28.610291,77.206186,2026-09-07 18:03:00,Store_A
DEV_0006,28.612294,77.215831,2026-09-01 06:22:00,Store_B
DEV_0006,28.614649,77.209702,2026-09-01 06:26:00,Store_B
DEV_0006,28.61995,77.210291,2026-09-01 06:36:00,Store_B
DEV_0006,28.61763,77.210995,2026-09-01 06:48:00,Store_A
DEV_0006,28.610645,77.207394,2026-09-01 07:00:00,Store_A
DEV_0006,28.618562,77.215068,2026-09-01 07:27:00,Store_B
DEV_0006,28.612243,77.206076,2026-09-01 07:50:00,Store_A
DEV_0006,28.614634,77.21231,2026-09-01 07:57:00,Store_B
DEV_0006,28.614796,77.205874,2026-09-01 08:21:00,Store_A
DEV_0006,28.613769,77.210509,2026-09-01 08:51:00,Store_A
DEV_0006,28.615416,77.215782,2026-09-01 09:00:00,Store_B
DEV_0006,28.619417,77.213914,2026-09-01 09:16:00,Store_B
DEV_0006,28.61594,77.210439,2026-09-01 09:36:00,Store_B
DEV_0006,28.615569,77.212834,2026-09-01 09:37:00,Store_A
DEV_0006,28.610092,77.210004,2026-09-01 09:41:00,Store_A
DEV_0006,28.616297,77.212992,2026-09-01 09:55:00,Store_A
DEV_0006,28.61257,77.209483,2026-09-01 10:16:00,Store_A
DEV_0006,28.60999,77.206609,2026-09-01 10:26:00,Store_A
DEV_0006,28.618322,77.211462,2026-09-01 10:43:00,Store_B
DEV_0006,28.618136,77.209911,2026-09-01 10:54:00,Store_B
DEV_0006,28.615168,77.213551,2026-09-01 10:55:00,Store_B
DEV_0006,28.611452,77.211671,2026-09-01 11:25:00,Store_A
DEV_0006,28.619329,77.215378,2026-09-01 11:46:00,Store_B
DEV_0006,28.613752,77.210018,2026-09-01 12:15:00,Store_A
DEV_0006,28.6157,77.215513,2026-09-01 12:45:00,Store_B
DEV_0006,28.616581,77.207395,2026-09-01 13:09:00,Store_A
DEV_0006,28.616441,77.20915,2026-09-01 13:28:00,Store_B
DEV_0006,28.618396,77.216104,2026-09-01 13:40:00,Store_B
DEV_0006,28.617657,77.207244,2026-09-01 13:41:00,Store_A
DEV_0006,28.619869,77.214012,2026-09-01 14:08:00,Store_B
DEV_0006,28.614468,77.208117,2026-09-01 14:28:00,Store_A
DEV_0006,28.616817,77.211012,2026-09-01 14:51:00,Store_A
DEV_0006,28.617679,77.211172,2026-09-01 14:54:00,Store_B
DEV_0006,28.619016,77.211973,2026-09-01 15:21:00,Store_B
DEV_0006,28.613729,77.211419,2026-09-01 15:25:00,Store_B
DEV_0006,28.61828,77.215222,2026-09-01 15:55:00,Store_B
DEV_0006,28.61345,77.205199,2026-09-01 16:11:00,Store_A
DEV_0006,28.611422,77.212389,2026-09-01 16:35:00,Store_A
DEV_0006,28.618204,77.210146,2026-09-01 17:03:00,Store_B
DEV_0006,28.616477,77.212504,2026-09-01 17:25:00,Store_A
DEV_0006,28.611541,77.205292,2026-09-02 06:13:00,Store_A
DEV_0006,28.609933,77.212459,2026-09-02 06:35:00,Store_A
DEV_0006,28.612566,77.212113,2026-09-02 06:39:00,Store_A
DEV_0006,28.61218,77.215068,2026-09-02 07:00:00,Store_B
DEV_0006,28.612467,77.20654,2026-09-02 07:09:00,Store_A
DEV_0006,28.618182,77.214369,2026-09-02 07:18:00,Store_B
DEV_0006,28.61116,77.205916,2026-09-02 07:38:00,Store_A
DEV_0006,28.611553,77.207803,2026-09-02 07:49:00,Store_A
DEV_0006,28.613132,77.214635,2026-09-02 07:59:00,Store_B
DEV_0006,28.61127,77.207491,2026-09-02 08:28:00,Store_A
DEV_0006,28.616325,77.209406,2026-09-02 08:29:00,Store_B
DEV_0006,28.619226,77.209404,2026-09-02 08:42:00,Store_B
DEV_0006,28.610589,77.208135,2026-09-02 09:05:00,Store_A
DEV_0006,28.616931,77.2115,2026-09-02 09:32:00,Store_B
DEV_0006,28.615603,77.210367,2026-09-02 09:50:00,Store_A
DEV_0006,28.617689,77.211046,2026-09-02 10:05:00,Store_A
DEV_0006,28.610643,77.211419,2026-09-02 10:28:00,Store_A
DEV_0006,28.612778,77.211483,2026-09-02 10:49:00,Store_B
DEV_0006,28.615764,77.21658,2026-09-02 10:54:00,Store_B
DEV_0006,28.619303,77.212137,2026-09-02 11:17:00,Store_B
DEV_0006,28.61831,77.216059,2026-09-02 11:32:00,Store_B
DEV_0006,28.612242,77.212803,2026-09-02 11:44:00,Store_B
DEV_0006,28.61569,77.210366,2026-09-02 12:09:00,Store_B
DEV_0006,28.616836,77.210019,2026-09-02 12:13:00,Store_B
DEV_0006,28.61854,77.215374,2026-09-02 12:24:00,Store_B
DEV_0006,28.616239,77.209262,2026-09-02 12:37:00,Store_A
DEV_0006,28.613909,77.21095,2026-09-02 12:43:00,Store_B
DEV_0006,28.615071,77.211726,2026-09-02 13:10:00,Store_B
DEV_0006,28.618275,77.212483,2026-09-02 13:36:00,Store_B
DEV_0006,28.616356,77.210889,2026-09-02 13:58:00,Store_B
DEV_0006,28.615815,77.210695,2026-09-02 14:25:00,Store_A
DEV_0006,28.612915,77.213769,2026-09-02 14:36:00,Store_B
DEV_0006,28.616476,77.206409,2026-09-02 14:49:00,Store_A
DEV_0006,28.614686,77.210484,2026-09-02 15:09:00,Store_A
DEV_0006,28.614619,77.21416,2026-09-02 15:11:00,Store_B
DEV_0006,28.611641,77.206111,2026-09-02 15:30:00,Store_A
DEV_0006,28.615957,77.210287,2026-09-02 15:45:00,Store_A
DEV_0006,28.61512,77.213623,2026-09-02 15:52:00,Store_B
DEV_0006,28.615352,77.207533,2026-09-02 16:11:00,Store_A
DEV_0006,28.619348,77.216493,2026-09-02 16:34:00,Store_B
DEV_0006,28.619922,77.213662,2026-09-03 06:20:00,Store_B
DEV_0006,28.618781,77.21582,2026-09-03 06:22:00,Store_B
DEV_0006,28.619209,77.216743,2026-09-03 06:23:00,Store_B
DEV_0006,28.612878,77.211258,2026-09-03 06:24:00,Store_B
DEV_0006,28.613354,77.209721,2026-09-03 06:45:00,Store_A
DEV_0006,28.617694,77.212248,2026-09-03 06:59:00,Store_B
DEV_0006,28.6152,77.208799,2026-09-03 07:06:00,Store_A
DEV_0006,28.618747,77.211882,2026-09-03 07:20:00,Store_B
DEV_0006,28.612208,77.211982,2026-09-03 07:25:00,Store_A
DEV_0006,28.609993,77.210187,2026-09-03 07:30:00,Store_A
DEV_0006,28.617263,77.2168,2026-09-03 07:35:00,Store_B
DEV_0006,28.610998,77.211448,2026-09-03 08:03:00,Store_A
DEV_0006,28.619149,77.214563,2026-09-03 08:33:00,Store_B
DEV_0006,28.616986,77.212635,2026-09-03 08:47:00,Store_B
DEV_0006,28.615078,77.210806,2026-09-03 09:01:00,Store_B
DEV_0006,28.614524,77.211774,2026-09-03 09:09:00,Store_A
DEV_0006,28.615287,77.213369,2026-09-03 09:21:00,Store_B
DEV_0006,28.617726,77.209545,2026-09-03 09:44:00,Store_A
DEV_0006,28.612905,77.212852,2026-09-03 10:07:00,Store_B
DEV_0006,28.611037,77.21085,2026-09-03 10:35:00,Store_A
DEV_0006,28.615719,77.209626,2026-09-03 11:04:00,Store_B
DEV_0006,28.611862,77.210045,2026-09-03 11:26:00,Store_A
DEV_0006,28.615373,77.209314,2026-09-03 11:45:00,Store_A
DEV_0006,28.616904,77.216229,2026-09-03 12:03:00,Store_B
DEV_0006,28.613651,77.209101,2026-09-03 12:19:00,Store_A
DEV_0006,28.615368,77.216685,2026-09-03 12:45:00,Store_B
DEV_0006,28.614314,77.209283,2026-09-03 13:15:00,Store_B
DEV_0006,28.617816,77.21351,2026-09-03 13:17:00,Store_B
DEV_0006,28.616625,77.213583,2026-09-03 13:39:00,Store_B
DEV_0006,28.618471,77.213995,2026-09-03 13:49:00,Store_B
DEV_0006,28.61266,77.213045,2026-09-03 14:17:00,Store_B
DEV_0006,28.614016,77.213926,2026-09-03 14:26:00,Store_B
DEV_0006,28.612114,77.209892,2026-09-03 14:32:00,Store_B
DEV_0006,28.615173,77.207958,2026-09-03 14:38:00,Store_A
DEV_0006,28.61826,77.21089,2026-09-03 14:44:00,Store_B
DEV_0006,28.612643,77.205675,2026-09-03 14:49:00,Store_A
DEV_0006,28.616601,77.211022,2026-09-03 15:03:00,Store_A
DEV_0006,28.613904,77.212521,2026-09-03 15:24:00,Store_B
DEV_0006,28.611587,77.210875,2026-09-03 15:36:00,Store_A
DEV_0006,28.615038,77.211044,2026-09-03 15:40:00,Store_A
DEV_0006,28.611241,77.20819,2026-09-04 06:10:00,Store_A
DEV_0006,28.617969,77.215019,2026-09-04 06:28:00,Store_B
DEV_0006,28.612938,77.210645,2026-09-04 06:44:00,Store_A
DEV_0006,28.613161,77.215962,2026-09-04 06:45:00,Store_B
DEV_0006,28.619418,77.212591,2026-09-04 07:07:00,Store_B
DEV_0006,28.619694,77.214463,2026-09-04 07:09:00,Store_B
DEV_0006,28.617242,77.210099,2026-09-04 07:37:00,Store_A
DEV_0006,28.616884,77.214217,2026-09-04 07:46:00,Store_B
DEV_0006,28.614163,77.215419,2026-09-04 07:55:00,Store_B
DEV_0006,28.615689,77.214402,2026-09-04 08:03:00,Store_B
DEV_0006,28.61406,77.210422,2026-09-04 08:09:00,Store_A
DEV_0006,28.616381,77.214382,2026-09-04 08:36:00,Store_B
DEV_0006,28.609996,77.205782,2026-09-04 08:40:00,Store_A
DEV_0006,28.614812,77.214802,2026-09-04 08:49:00,Store_B
DEV_0006,28.610172,77.209955,2026-09-04 08:51:00,Store_A
DEV_0006,28.617504,77.210105,2026-09-04 09:14:00,Store_A
DEV_0006,28.610591,77.209837,2026-09-04 09:27:00,Store_A
DEV_0006,28.617068,77.210565,2026-09-04 09:36:00,Store_A
DEV_0006,28.615736,77.216489,2026-09-04 09:57:00,Store_B
DEV_0006,28.619382,77.211211,2026-09-04 10:11:00,Store_B
DEV_0006,28.614059,77.215246,2026-09-04 10:20:00,Store_B
DEV_0006,28.612962,77.207661,2026-09-04 10:22:00,Store_A
DEV_0006,28.619645,77.211117,2026-09-04 10:37:00,Store_B
DEV_0006,28.613834,77.212429,2026-09-04 10:57:00,Store_A
DEV_0006,28.613428,77.212936,2026-09-04 11:02:00,Store_B
DEV_0006,28.613747,77.214147,2026-09-04 11:32:00,Store_B
DEV_0006,28.617723,77.209826,2026-09-04 11:35:00,Store_B
DEV_0006,28.614471,77.207005,2026-09-04 11:50:00,Store_A
DEV_0006,28.617072,77.206191,2026-09-04 12:11:00,Store_A
DEV_0006,28.617363,77.210317,2026-09-04 12:20:00,Store_A
DEV_0006,28.6155,77.212237,2026-09-04 12:39:00,Store_A
DEV_0006,28.614023,77.212519,2026-09-04 12:55:00,Store_A
DEV_0006,28.615488,77.215752,2026-09-04 13:20:00,Store_B
DEV_0006,28.614221,77.205026,2026-09-04 13:43:00,Store_A
DEV_0006,28.61297,77.213282,2026-09-04 13:55:00,Store_B
DEV_0006,28.617455,77.212205,2026-09-04 14:16:00,Store_B
DEV_0006,28.612823,77.211827,2026-09-04 14:27:00,Store_A
DEV_0006,28.616629,77.211084,2026-09-04 14:37:00,Store_A
DEV_0006,28.611313,77.205315,2026-09-04 14:50:00,Store_A
DEV_0006,28.612291,77.208121,2026-09-04 14:54:00,Store_A
DEV_0006,28.615892,77.216082,2026-09-05 06:15:00,Store_B
DEV_0006,28.61102,77.206545,2026-09-05 06:39:00,Store_A
DEV_0006,28.613814,77.205504,2026-09-05 06:57:00,Store_A
DEV_0006,28.615997,77.21672,2026-09-05 07:23:00,Store_B
DEV_0006,28.619733,77.209131,2026-09-05 07:34:00,Store_B
DEV_0006,28.612602,77.210768,2026-09-05 07:47:00,Store_A
DEV_0006,28.611593,77.210231,2026-09-05 08:04:00,Store_A
DEV_0006,28.619521,77.215962,2026-09-05 08:22:00,Store_B
DEV_0006,28.615828,77.206864,2026-09-05 08:25:00,Store_A
DEV_0006,28.615784,77.208911,2026-09-05 08:26:00,Store_A
DEV_0006,28.619257,77.213947,2026-09-05 08:34:00,Store_B
DEV_0006,28.610015,77.210061,2026-09-05 09:03:00,Store_A
DEV_0006,28.618566,77.209778,2026-09-05 09:23:00,Store_B
DEV_0006,28.616583,77.205512,2026-09-05 09:50:00,Store_A
DEV_0006,28.610813,77.20976,2026-09-05 10:10:00,Store_A
DEV_0006,28.610405,77.206621,2026-09-05 10:21:00,Store_A
DEV_0006,28.614594,77.216807,2026-09-05 10:40:00,Store_B
DEV_0006,28.612473,77.212718,2026-09-05 10:47:00,Store_A
DEV_0006,28.614645,77.207684,2026-09-05 10:51:00,Store_A
DEV_0006,28.61313,77.212321,2026-09-05 11:14:00,Store_B
DEV_0006,28.616427,77.212509,2026-09-05 11:44:00,Store_B
DEV_0006,28.610967,77.211328,2026-09-05 12:05:00,Store_A
DEV_0006,28.618221,77.209125,2026-09-05 12:21:00,Store_B
DEV_0006,28.609951,77.206435,2026-09-05 12:24:00,Store_A
DEV_0006,28.61533,77.215459,2026-09-05 12:49:00,Store_B
DEV_0006,28.617539,77.210649,2026-09-05 13:10:00,Store_B
DEV_0006,28.616185,77.212296,2026-09-05 13:16:00,Store_B
DEV_0006,28.61467,77.210738,2026-09-05 13:36:00,Store_A
DEV_0006,28.614918,77.211261,2026-09-05 13:48:00,Store_A
DEV_0006,28.612037,77.210885,2026-09-05 13:52:00,Store_B
DEV_0006,28.614851,77.211902,2026-09-05 14:10:00,Store_A
DEV_0006,28.613614,77.210012,2026-09-05 14:17:00,Store_A
DEV_0006,28.612425,77.209901,2026-09-05 14:22:00,Store_B
DEV_0006,28.61598,77.210278,2026-09-05 14:52:00,Store_B
DEV_0006,28.610332,77.207914,2026-09-05 14:59:00,Store_A
DEV_0006,28.614011,77.213935,2026-09-05 15:28:00,Store_B
DEV_0006,28.612347,77.214923,2026-09-05 15:58:00,Store_B
DEV_0006,28.611164,77.205233,2026-09-05 16:15:00,Store_A
DEV_0006,28.610467,77.206882,2026-09-05 16:30:00,Store_A
DEV_0006,28.615353,77.214977,2026-09-05 16:59:00,Store_B
DEV_0006,28.613841,77.209881,2026-09-06 06:08:00,Store_B
DEV_0006,28.611797,77.208301,2026-09-06 06:15:00,Store_A
DEV_0006,28.619131,77.209588,2026-09-06 06:34:00,Store_B
DEV_0006,28.612435,77.212487,2026-09-06 06:41:00,Store_B
DEV_0006,28.613424,77.211988,2026-09-06 06:56:00,Store_B
DEV_0006,28.614956,77.212804,2026-09-06 07:03:00,Store_A
DEV_0006,28.613018,77.214538,2026-09-06 07:05:00,Store_B
DEV_0006,28.613092,77.215813,2026-09-06 07:20:00,Store_B
DEV_0006,28.61337,77.211749,2026-09-06 07:49:00,Store_B
DEV_0006,28.616829,77.215316,2026-09-06 08:10:00,Store_B
DEV_0006,28.614525,77.209422,2026-09-06 08:18:00,Store_A
DEV_0006,28.613194,77.209174,2026-09-06 08:46:00,Store_A
DEV_0006,28.614633,77.211696,2026-09-06 08:55:00,Store_A
DEV_0006,28.61574,77.210889,2026-09-06 09:03:00,Store_A
DEV_0006,28.612518,77.209636,2026-09-06 09:32:00,Store_A
DEV_0006,28.61721,77.212186,2026-09-06 09:46:00,Store_A
DEV_0006,28.61022,77.208765,2026-09-06 10:11:00,Store_A
DEV_0006,28.613306,77.208155,2026-09-06 10:37:00,Store_A
DEV_0006,28.61352,77.206924,2026-09-06 10:55:00,Store_A
DEV_0006,28.615445,77.208253,2026-09-06 11:02:00,Store_A
DEV_0006,28.612767,77.206912,2026-09-06 11:05:00,Store_A
DEV_0006,28.613738,77.207439,2026-09-06 11:28:00,Store_A
DEV_0006,28.618863,77.214978,2026-09-06 11:29:00,Store_B
DEV_0006,28.61571,77.210109,2026-09-06 11:52:00,Store_B
DEV_0006,28.61348,77.215972,2026-09-06 12:13:00,Store_B
DEV_0006,28.617631,77.209011,2026-09-06 12:34:00,Store_B
DEV_0006,28.612979,77.210526,2026-09-06 12:51:00,Store_A
DEV_0006,28.612273,77.211023,2026-09-06 13:14:00,Store_A
DEV_0006,28.616202,77.205648,2026-09-06 13:43:00,Store_A
DEV_0006,28.617886,77.209438,2026-09-06 14:13:00,Store_B
DEV_0006,28.619104,77.209888,2026-09-06 14:25:00,Store_B
DEV_0006,28.616953,77.211925,2026-09-06 14:31:00,Store_B
DEV_0006,28.614386,77.211189,2026-09-06 14:36:00,Store_A
DEV_0006,28.613909,77.209908,2026-09-06 14:52:00,Store_B
DEV_0006,28.615925,77.211087,2026-09-06 15:03:00,Store_A
DEV_0006,28.619183,77.213029,2026-09-06 15:17:00,Store_B
DEV_0006,28.612436,77.211983,2026-09-06 15:32:00,Store_B
DEV_0006,28.616012,77.215636,2026-09-06 15:48:00,Store_B
DEV_0006,28.615616,77.211945,2026-09-06 16:10:00,Store_B
DEV_0006,28.611407,77.212072,2026-09-06 16:13:00,Store_A
DEV_0006,28.613025,77.20643,2026-09-07 06:03:00,Store_A
DEV_0006,28.611218,77.205896,2026-09-07 06:08:00,Store_A
DEV_0006,28.613204,77.210634,2026-09-07 06:29:00,Store_B
DEV_0006,28.612245,77.212757,2026-09-07 06:47:00,Store_A
DEV_0006,28.613691,77.208361,2026-09-07 07:11:00,Store_A
DEV_0006,28.612232,77.205504,2026-09-07 07:39:00,Store_A
DEV_0006,28.61658,77.209157,2026-09-07 07:50:00,Store_A
DEV_0006,28.61663,77.214246,2026-09-07 08:16:00,Store_B
DEV_0006,28.615889,77.214327,2026-09-07 08:33:00,Store_B
DEV_0006,28.615664,77.213538,2026-09-07 09:02:00,Store_B
DEV_0006,28.613374,77.21108,2026-09-07 09:18:00,Store_B
DEV_0006,28.619766,77.215158,2026-09-07 09:20:00,Store_B
DEV_0006,28.612725,77.208647,2026-09-07 09:26:00,Store_A
DEV_0006,28.615594,77.207282,2026-09-07 09:32:00,Store_A
DEV_0006,28.61119,77.205935,2026-09-07 09:43:00,Store_A
DEV_0006,28.613427,77.207957,2026-09-07 09:50:00,Store_A
DEV_0006,28.615224,77.212824,2026-09-07 09:55:00,Store_A
DEV_0006,28.615587,77.216804,2026-09-07 10:13:00,Store_B
DEV_0006,28.612972,77.209199,2026-09-07 10:43:00,Store_B
DEV_0006,28.618148,77.216582,2026-09-07 11:13:00,Store_B
DEV_0006,28.613248,77.216761,2026-09-07 11:31:00,Store_B
DEV_0006,28.617178,77.211364,2026-09-07 12:00:00,Store_B
DEV_0006,28.619757,77.215033,2026-09-07 12:19:00,Store_B
DEV_0006,28.616297,77.210828,2026-09-07 12:49:00,Store_A
DEV_0006,28.614709,77.209899,2026-09-07 13:05:00,Store_B
DEV_0006,28.611015,77.209408,2026-09-07 13:15:00,Store_A
DEV_0006,28.613113,77.211727,2026-09-07 13:30:00,Store_A
DEV_0006,28.61274,77.20944,2026-09-07 13:51:00,Store_B
DEV_0006,28.614567,77.206777,2026-09-07 14:21:00,Store_A
DEV_0006,28.613566,77.209669,2026-09-07 14:49:00,Store_B
DEV_0006,28.617417,77.216661,2026-09-07 15:06:00,Store_B
DEV_0006,28.613556,77.211542,2026-09-07 15:26:00,Store_B
DEV_0006,28.617168,77.207889,2026-09-07 15:31:00,Store_A
DEV_0006,28.614957,77.211983,2026-09-07 15:41:00,Store_B
DEV_0006,28.614811,77.21682,2026-09-07 16:09:00,Store_B
DEV_0006,28.611626,77.212102,2026-09-07 16:33:00,Store_A
DEV_0006,28.618429,77.211309,2026-09-07 16:59:00,Store_B
DEV_0006,28.617829,77.212314,2026-09-07 17:26:00,Store_B
DEV_0006,28.611049,77.207426,2026-09-07 17:54:00,Store_A
DEV_0006,28.612529,77.216681,2026-09-07 18:19:00,Store_B
DEV_0007,28.612708,77.212276,2026-09-01 06:30:00,Store_B
DEV_0007,28.615316,77.213447,2026-09-01 06:53:00,Store_B
DEV_0007,28.611494,77.211658,2026-09-01 07:03:00,Store_A
DEV_0007,28.612338,77.21561,2026-09-01 07:30:00,Store_B
DEV_0007,28.615953,77.214919,2026-09-01 07:38:00,Store_B
DEV_0007,28.61623,77.206232,2026-09-01 07:48:00,Store_A
DEV_0007,28.612993,77.214327,2026-09-01 07:58:00,Store_B
DEV_0007,28.613435,77.216254,2026-09-01 08:19:00,Store_B
DEV_0007,28.610128,77.211118,2026-09-01 08:35:00,Store_A
DEV_0007,28.614691,77.207894,2026-09-01 08:51:00,Store_A
DEV_0007,28.618947,77.214024,2026-09-01 09:07:00,Store_B
DEV_0007,28.612886,77.210864,2026-09-01 09:08:00,Store_A
DEV_0007,28.613303,77.209468,2026-09-01 09:19:00,Store_B
DEV_0007,28.619027,77.210084,2026-09-01 09:25:00,Store_B
DEV_0007,28.612081,77.208356,2026-09-01 09:55:00,Store_A
DEV_0007,28.61239,77.211333,2026-09-01 10:16:00,Store_B
DEV_0007,28.614011,77.211132,2026-09-01 10:22:00,Store_A
DEV_0007,28.61469,77.206337,2026-09-01 10:33:00,Store_A
DEV_0007,28.618615,77.21448,2026-09-01 10:43:00,Store_B
DEV_0007,28.617484,77.214507,2026-09-01 10:47:00,Store_B
DEV_0007,28.618587,77.209103,2026-09-01 11:04:00,Store_B
DEV_0007,28.614984,77.212879,2026-09-01 11:15:00,Store_B
DEV_0007,28.610719,77.206236,2026-09-01 11:23:00,Store_A
DEV_0007,28.616261,77.209469,2026-09-01 11:46:00,Store_A
DEV_0007,28.613239,77.212328,2026-09-01 11:50:00,Store_A
DEV_0007,28.617287,77.208836,2026-09-01 12:00:00,Store_A
DEV_0007,28.613112,77.212536,2026-09-01 12:20:00,Store_B
DEV_0007,28.613378,77.211437,2026-09-01 12:44:00,Store_B
DEV_0007,28.611679,77.211855,2026-09-01 12:49:00,Store_A
DEV_0007,28.612359,77.206679,2026-09-01 12:52:00,Store_A
DEV_0007,28.617527,77.215272,2026-09-01 12:55:00,Store_B
DEV_0007,28.616098,77.211059,2026-09-01 12:57:00,Store_A
DEV_0007,28.610763,77.211344,2026-09-01 13:14:00,Store_A
DEV_0007,28.613653,77.212268,2026-09-01 13:16:00,Store_A
DEV_0007,28.612313,77.205082,2026-09-01 13:20:00,Store_A
DEV_0007,28.617261,77.206643,2026-09-01 13:49:00,Store_A
DEV_0007,28.611378,77.207812,2026-09-01 13:52:00,Store_A
DEV_0007,28.616667,77.212535,2026-09-01 14:11:00,Store_A
DEV_0007,28.614818,77.215841,2026-09-01 14:36:00,Store_B
DEV_0007,28.613939,77.205547,2026-09-01 15:03:00,Store_A
DEV_0007,28.614131,77.210726,2026-09-02 06:10:00,Store_A
DEV_0007,28.617113,77.209297,2026-09-02 06:34:00,Store_A
DEV_0007,28.617294,77.212364,2026-09-02 07:02:00,Store_A
DEV_0007,28.614932,77.213715,2026-09-02 07:17:00,Store_B
DEV_0007,28.611347,77.207839,2026-09-02 07:30:00,Store_A
DEV_0007,28.613714,77.21082,2026-09-02 07:34:00,Store_B
DEV_0007,28.612989,77.209883,2026-09-02 07:39:00,Store_B
DEV_0007,28.618098,77.214638,2026-09-02 07:57:00,Store_B
DEV_0007,28.610558,77.20895,2026-09-02 08:10:00,Store_A
DEV_0007,28.615656,77.214889,2026-09-02 08:32:00,Store_B
DEV_0007,28.613807,77.212258,2026-09-02 09:00:00,Store_B
DEV_0007,28.61351,77.209557,2026-09-02 09:27:00,Store_B
DEV_0007,28.619513,77.21194,2026-09-02 09:28:00,Store_B
DEV_0007,28.617377,77.212171,2026-09-02 09:45:00,Store_B
DEV_0007,28.610854,77.208158,2026-09-02 10:08:00,Store_A
DEV_0007,28.615831,77.212139,2026-09-02 10:14:00,Store_A
DEV_0007,28.61281,77.206593,2026-09-02 10:21:00,Store_A
DEV_0007,28.612982,77.215705,2026-09-02 10:45:00,Store_B
DEV_0007,28.614228,77.214708,2026-09-02 11:04:00,Store_B
DEV_0007,28.61805,77.215408,2026-09-02 11:17:00,Store_B
DEV_0007,28.615807,77.213825,2026-09-02 11:30:00,Store_B
DEV_0007,28.616091,77.210179,2026-09-02 11:45:00,Store_B
DEV_0007,28.610878,77.208915,2026-09-02 11:53:00,Store_A
DEV_0007,28.610138,77.210902,2026-09-02 12:20:00,Store_A
DEV_0007,28.613885,77.205214,2026-09-02 12:26:00,Store_A
DEV_0007,28.616837,77.211616,2026-09-02 12:36:00,Store_B
DEV_0007,28.615981,77.210289,2026-09-02 12:53:00,Store_A
DEV_0007,28.618342,77.210615,2026-09-02 13:15:00,Store_B
DEV_0007,28.615922,77.211093,2026-09-02 13:26:00,Store_B
DEV_0007,28.617521,77.205253,2026-09-02 13:40:00,Store_A
DEV_0007,28.612969,77.207516,2026-09-02 13:53:00,Store_A
DEV_0007,28.615677,77.209263,2026-09-02 14:11:00,Store_B
DEV_0007,28.619078,77.210313,2026-09-02 14:25:00,Store_B
DEV_0007,28.6124,77.208113,2026-09-02 14:50:00,Store_A
DEV_0007,28.614451,77.208924,2026-09-02 15:08:00,Store_A
DEV_0007,28.615807,77.215835,2026-09-02 15:25:00,Store_B
DEV_0007,28.613031,77.208958,2026-09-02 15:38:00,Store_A
DEV_0007,28.618132,77.211276,2026-09-02 15:40:00,Store_B
DEV_0007,28.614624,77.206026,2026-09-02 15:52:00,Store_A
DEV_0007,28.618476,77.213672,2026-09-02 16:17:00,Store_B
DEV_0007,28.615045,77.212425,2026-09-03 06:12:00,Store_B
DEV_0007,28.61481,77.21429,2026-09-03 06:20:00,Store_B
DEV_0007,28.615085,77.20974,2026-09-03 06:50:00,Store_A
DEV_0007,28.616852,77.205916,2026-09-03 06:56:00,Store_A
DEV_0007,28.614207,77.205299,2026-09-03 07:18:00,Store_A
DEV_0007,28.616544,77.216211,2026-09-03 07:27:00,Store_B
DEV_0007,28.615468,77.209704,2026-09-03 07:38:00,Store_A
DEV_0007,28.616563,77.211579,2026-09-03 07:42:00,Store_B
DEV_0007,28.6128,77.214401,2026-09-03 07:53:00,Store_B
DEV_0007,28.616022,77.215119,2026-09-03 08:04:00,Store_B
DEV_0007,28.614819,77.207907,2026-09-03 08:18:00,Store_A
DEV_0007,28.613876,77.211779,2026-09-03 08:44:00,Store_A
DEV_0007,28.616623,77.209287,2026-09-03 08:54:00,Store_A
DEV_0007,28.61238,77.21697,2026-09-03 09:07:00,Store_B
DEV_0007,28.614897,77.212664,2026-09-03 09:30:00,Store_A
DEV_0007,28.614635,77.207187,2026-09-03 09:49:00,Store_A
DEV_0007,28.615417,77.211779,2026-09-03 09:52:00,Store_B
DEV_0007,28.616037,77.211399,2026-09-03 10:14:00,Store_B
DEV_0007,28.613601,77.212218,2026-09-03 10:34:00,Store_B
DEV_0007,28.617372,77.21338,2026-09-03 11:03:00,Store_B
DEV_0007,28.614923,77.20913,2026-09-03 11:09:00,Store_A
DEV_0007,28.613704,77.216697,2026-09-03 11:33:00,Store_B
DEV_0007,28.614143,77.214103,2026-09-03 11:59:00,Store_B
DEV_0007,28.619477,77.214813,2026-09-03 12:01:00,Store_B
DEV_0007,28.612814,77.206182,2026-09-03 12:06:00,Store_A
DEV_0007,28.618753,77.212282,2026-09-03 12:34:00,Store_B
DEV_0007,28.614971,77.211768,2026-09-03 12:43:00,Store_A
DEV_0007,28.617168,77.211052,2026-09-03 13:03:00,Store_B
DEV_0007,28.613147,77.205908,2026-09-03 13:10:00,Store_A
DEV_0007,28.611865,77.211618,2026-09-03 13:25:00,Store_A
DEV_0007,28.616479,77.212489,2026-09-03 13:46:00,Store_B
DEV_0007,28.611516,77.207182,2026-09-03 13:47:00,Store_A
DEV_0007,28.618317,77.211222,2026-09-03 14:05:00,Store_B
DEV_0007,28.615054,77.205338,2026-09-03 14:29:00,Store_A
DEV_0007,28.618258,77.209443,2026-09-03 14:58:00,Store_B
DEV_0007,28.612411,77.207384,2026-09-03 15:01:00,Store_A
DEV_0007,28.619174,77.214373,2026-09-03 15:30:00,Store_B
DEV_0007,28.613075,77.211718,2026-09-03 15:57:00,Store_A
DEV_0007,28.611788,77.209568,2026-09-03 16:14:00,Store_A
DEV_0007,28.614076,77.211632,2026-09-03 16:39:00,Store_A
DEV_0007,28.615972,77.209722,2026-09-04 06:20:00,Store_B
DEV_0007,28.616086,77.207507,2026-09-04 06:47:00,Store_A
DEV_0007,28.618447,77.214952,2026-09-04 07:17:00,Store_B
DEV_0007,28.613744,77.209855,2026-09-04 07:24:00,Store_B
DEV_0007,28.615516,77.211034,2026-09-04 07:43:00,Store_B
DEV_0007,28.613823,77.207998,2026-09-04 07:47:00,Store_A
DEV_0007,28.616366,77.212799,2026-09-04 07:55:00,Store_B
DEV_0007,28.619035,77.216496,2026-09-04 08:07:00,Store_B
DEV_0007,28.617725,77.215571,2026-09-04 08:08:00,Store_B
DEV_0007,28.616632,77.210298,2026-09-04 08:10:00,Store_A
DEV_0007,28.611924,77.208078,2026-09-04 08:31:00,Store_A
DEV_0007,28.619225,77.214482,2026-09-04 08:49:00,Store_B
DEV_0007,28.616761,77.208108,2026-09-04 09:19:00,Store_A
DEV_0007,28.61942,77.216343,2026-09-04 09:29:00,Store_B
DEV_0007,28.617391,77.211053,2026-09-04 09:39:00,Store_A
DEV_0007,28.616775,77.206282,2026-09-04 09:54:00,Store_A
DEV_0007,28.619036,77.215134,2026-09-04 10:08:00,Store_B
DEV_0007,28.612092,77.205641,2026-09-04 10:33:00,Store_A
DEV_0007,28.615769,77.212304,2026-09-04 11:00:00,Store_B
DEV_0007,28.617739,77.216014,2026-09-04 11:27:00,Store_B
DEV_0007,28.616495,77.210588,2026-09-04 11:44:00,Store_A
DEV_0007,28.612715,77.209817,2026-09-04 12:11:00,Store_A
DEV_0007,28.615626,77.209219,2026-09-04 12:13:00,Store_B
DEV_0007,28.614941,77.211328,2026-09-04 12:18:00,Store_A
DEV_0007,28.613105,77.210026,2026-09-04 12:29:00,Store_A
DEV_0007,28.610787,77.206997,2026-09-04 12:52:00,Store_A
DEV_0007,28.616676,77.210486,2026-09-04 13:18:00,Store_A
DEV_0007,28.615612,77.215988,2026-09-04 13:23:00,Store_B
DEV_0007,28.613388,77.213744,2026-09-04 13:34:00,Store_B
DEV_0007,28.613589,77.212316,2026-09-04 13:40:00,Store_B
DEV_0007,28.619011,77.216558,2026-09-04 14:09:00,Store_B
DEV_0007,28.610066,77.205184,2026-09-04 14:27:00,Store_A
DEV_0007,28.617155,77.212793,2026-09-04 14:34:00,Store_A
DEV_0007,28.61761,77.21035,2026-09-04 14:47:00,Store_B
DEV_0007,28.616803,77.210194,2026-09-04 14:59:00,Store_B
DEV_0007,28.617478,77.205939,2026-09-04 15:22:00,Store_A
DEV_0007,28.618187,77.216426,2026-09-04 15:49:00,Store_B
DEV_0007,28.612948,77.214709,2026-09-04 15:56:00,Store_B
DEV_0007,28.614304,77.212953,2026-09-04 16:01:00,Store_B
DEV_0007,28.618851,77.213801,2026-09-04 16:28:00,Store_B
DEV_0007,28.617814,77.210515,2026-09-05 06:06:00,Store_B
DEV_0007,28.61834,77.20923,2026-09-05 06:15:00,Store_B
DEV_0007,28.614841,77.212259,2026-09-05 06:27:00,Store_A
DEV_0007,28.612686,77.212751,2026-09-05 06:55:00,Store_B
DEV_0007,28.619795,77.21218,2026-09-05 07:02:00,Store_B
DEV_0007,28.617668,77.214889,2026-09-05 07:11:00,Store_B
DEV_0007,28.610662,77.20547,2026-09-05 07:22:00,Store_A
DEV_0007,28.613667,77.207834,2026-09-05 07:42:00,Store_A
DEV_0007,28.609943,77.209036,2026-09-05 07:55:00,Store_A
DEV_0007,28.61982,77.21437,2026-09-05 08:00:00,Store_B
DEV_0007,28.614544,77.207082,2026-09-05 08:17:00,Store_A
DEV_0007,28.619443,77.216023,2026-09-05 08:22:00,Store_B
DEV_0007,28.612439,77.209243,2026-09-05 08:27:00,Store_A
DEV_0007,28.612935,77.209353,2026-09-05 08:32:00,Store_B
DEV_0007,28.618973,77.215678,2026-09-05 08:56:00,Store_B
DEV_0007,28.61941,77.211263,2026-09-05 09:25:00,Store_B
DEV_0007,28.616903,77.215093,2026-09-05 09:34:00,Store_B
DEV_0007,28.615486,77.21032,2026-09-05 09:58:00,Store_B
DEV_0007,28.618109,77.21021,2026-09-05 10:26:00,Store_B
DEV_0007,28.612426,77.210189,2026-09-05 10:34:00,Store_B
DEV_0007,28.610187,77.207082,2026-09-05 10:57:00,Store_A
DEV_0007,28.615491,77.216962,2026-09-05 11:27:00,Store_B
DEV_0007,28.612326,77.211852,2026-09-05 11:50:00,Store_B
DEV_0007,28.615662,77.2099,2026-09-05 12:14:00,Store_B
DEV_0007,28.610889,77.205749,2026-09-05 12:42:00,Store_A
DEV_0007,28.613445,77.210346,2026-09-05 12:59:00,Store_B
DEV_0007,28.616506,77.214305,2026-09-05 13:06:00,Store_B
DEV_0007,28.614108,77.209566,2026-09-05 13:20:00,Store_A
DEV_0007,28.611869,77.208985,2026-09-05 13:24:00,Store_A
DEV_0007,28.612208,77.21445,2026-09-05 13:46:00,Store_B
DEV_0007,28.613053,77.209723,2026-09-05 13:50:00,Store_A
DEV_0007,28.61323,77.209649,2026-09-05 14:17:00,Store_B
DEV_0007,28.615632,77.216642,2026-09-05 14:37:00,Store_B
DEV_0007,28.612535,77.205351,2026-09-05 14:57:00,Store_A
DEV_0007,28.614599,77.214852,2026-09-05 15:21:00,Store_B
DEV_0007,28.611591,77.205389,2026-09-05 15:42:00,Store_A
DEV_0007,28.614585,77.209444,2026-09-05 15:45:00,Store_B
DEV_0007,28.61274,77.211041,2026-09-05 15:53:00,Store_B
DEV_0007,28.612714,77.215819,2026-09-05 15:59:00,Store_B
DEV_0007,28.618236,77.211279,2026-09-05 16:24:00,Store_B
DEV_0007,28.610865,77.208927,2026-09-06 06:14:00,Store_A
DEV_0007,28.61923,77.213828,2026-09-06 06:26:00,Store_B
DEV_0007,28.616556,77.209101,2026-09-06 06:42:00,Store_A
DEV_0007,28.619083,77.212812,2026-09-06 07:01:00,Store_B
DEV_0007,28.612722,77.21238,2026-09-06 07:13:00,Store_B
DEV_0007,28.613373,77.208408,2026-09-06 07:15:00,Store_A
DEV_0007,28.619786,77.214412,2026-09-06 07:36:00,Store_B
DEV_0007,28.617345,77.209218,2026-09-06 07:57:00,Store_A
DEV_0007,28.612226,77.208499,2026-09-06 08:27:00,Store_A
DEV_0007,28.614403,77.216873,2026-09-06 08:49:00,Store_B
DEV_0007,28.618732,77.213185,2026-09-06 08:59:00,Store_B
DEV_0007,28.614308,77.212338,2026-09-06 09:16:00,Store_A
DEV_0007,28.613985,77.208304,2026-09-06 09:31:00,Store_A
DEV_0007,28.614844,77.213685,2026-09-06 09:56:00,Store_B
DEV_0007,28.610811,77.210293,2026-09-06 10:02:00,Store_A
DEV_0007,28.616643,77.205362,2026-09-06 10:16:00,Store_A
DEV_0007,28.614512,77.214793,2026-09-06 10:41:00,Store_B
DEV_0007,28.61699,77.211121,2026-09-06 11:11:00,Store_B
DEV_0007,28.611589,77.205626,2026-09-06 11:31:00,Store_A
DEV_0007,28.618973,77.209851,2026-09-06 11:49:00,Store_B
DEV_0007,28.609947,77.205933,2026-09-06 11:55:00,Store_A
DEV_0007,28.615681,77.212241,2026-09-06 12:17:00,Store_B
DEV_0007,28.614422,77.215505,2026-09-06 12:37:00,Store_B
DEV_0007,28.617525,77.216705,2026-09-06 12:59:00,Store_B
DEV_0007,28.618437,77.209701,2026-09-06 13:04:00,Store_B
DEV_0007,28.611426,77.211528,2026-09-06 13:27:00,Store_A
DEV_0007,28.616772,77.206674,2026-09-06 13:48:00,Store_A
DEV_0007,28.615098,77.208486,2026-09-06 14:09:00,Store_A
DEV_0007,28.610589,77.211158,2026-09-06 14:14:00,Store_A
DEV_0007,28.615375,77.209932,2026-09-06 14:43:00,Store_B
DEV_0007,28.61581,77.208562,2026-09-06 14:59:00,Store_A
DEV_0007,28.612157,77.212596,2026-09-06 15:07:00,Store_B
DEV_0007,28.612259,77.211636,2026-09-06 15:20:00,Store_A
DEV_0007,28.612571,77.205821,2026-09-06 15:48:00,Store_A
DEV_0007,28.619836,77.215789,2026-09-06 16:12:00,Store_B
DEV_0007,28.612296,77.212197,2026-09-06 16:29:00,Store_B
DEV_0007,28.613855,77.209486,2026-09-06 16:30:00,Store_B
DEV_0007,28.616611,77.213426,2026-09-06 16:39:00,Store_B
DEV_0007,28.619113,77.209936,2026-09-06 16:59:00,Store_B
DEV_0007,28.615587,77.21249,2026-09-06 17:05:00,Store_B
DEV_0007,28.61781,77.212754,2026-09-07 06:15:00,Store_B
DEV_0007,28.613961,77.209701,2026-09-07 06:37:00,Store_A
DEV_0007,28.619374,77.215828,2026-09-07 07:00:00,Store_B
DEV_0007,28.613049,77.211347,2026-09-07 07:23:00,Store_B
DEV_0007,28.619678,77.215665,2026-09-07 07:45:00,Store_B
DEV_0007,28.618368,77.215398,2026-09-07 08:13:00,Store_B
DEV_0007,28.614875,77.20726,2026-09-07 08:37:00,Store_A
DEV_0007,28.615236,77.206033,2026-09-07 08:44:00,Store_A
DEV_0007,28.614746,77.205807,2026-09-07 08:58:00,Store_A
DEV_0007,28.614429,77.210675,2026-09-07 09:00:00,Store_B
DEV_0007,28.61277,77.207086,2026-09-07 09:22:00,Store_A
DEV_0007,28.611298,77.211876,2026-09-07 09:39:00,Store_A
DEV_0007,28.616355,77.207702,2026-09-07 09:43:00,Store_A
DEV_0007,28.610866,77.206793,2026-09-07 09:52:00,Store_A
DEV_0007,28.618279,77.215155,2026-09-07 10:17:00,Store_B
DEV_0007,28.619171,77.215827,2026-09-07 10:45:00,Store_B
DEV_0007,28.615551,77.212413,2026-09-07 11:00:00,Store_A
DEV_0007,28.619701,77.215046,2026-09-07 11:04:00,Store_B
DEV_0007,28.616489,77.205336,2026-09-07 11:08:00,Store_A
DEV_0007,28.614939,77.211967,2026-09-07 11:38:00,Store_A
DEV_0007,28.613256,77.211337,2026-09-07 11:53:00,Store_B
DEV_0007,28.61786,77.209794,2026-09-07 12:14:00,Store_B
DEV_0007,28.614677,77.210102,2026-09-07 12:42:00,Store_B
DEV_0007,28.613413,77.208326,2026-09-07 13:07:00,Store_A
DEV_0007,28.611863,77.211473,2026-09-07 13:18:00,Store_A
DEV_0007,28.61604,77.209682,2026-09-07 13:30:00,Store_B
DEV_0007,28.614885,77.21432,2026-09-07 13:35:00,Store_B
DEV_0007,28.618298,77.210104,2026-09-07 13:49:00,Store_B
DEV_0007,28.619344,77.216185,2026-09-07 14:17:00,Store_B
DEV_0007,28.61955,77.212541,2026-09-07 14:42:00,Store_B
DEV_0007,28.615641,77.209139,2026-09-07 14:45:00,Store_A
DEV_0007,28.612606,77.208213,2026-09-07 15:10:00,Store_A
DEV_0007,28.613373,77.208146,2026-09-07 15:12:00,Store_A
DEV_0007,28.61712,77.205462,2026-09-07 15:33:00,Store_A
DEV_0007,28.615354,77.216086,2026-09-07 15:56:00,Store_B
DEV_0007,28.617772,77.21151,2026-09-07 16:08:00,Store_B
DEV_0007,28.616516,77.212202,2026-09-07 16:28:00,Store_A
DEV_0007,28.615502,77.20857,2026-09-07 16:35:00,Store_A
DEV_0007,28.61758,77.216101,2026-09-07 17:01:00,Store_B
DEV_0007,28.618203,77.216048,2026-09-07 17:04:00,Store_B
DEV_0008,28.614199,77.20812,2026-09-01 06:24:00,Store_A
DEV_0008,28.614064,77.209326,2026-09-01 06:31:00,Store_A
DEV_0008,28.613993,77.207498,2026-09-01 06:42:00,Store_A
DEV_0008,28.610087,77.212123,2026-09-01 07:00:00,Store_A
DEV_0008,28.613931,77.215193,2026-09-01 07:24:00,Store_B
DEV_0008,28.619896,77.209884,2026-09-01 07:26:00,Store_B
DEV_0008,28.614078,77.21306,2026-09-01 07:30:00,Store_B
DEV_0008,28.615952,77.212531,2026-09-01 07:45:00,Store_A
DEV_0008,28.616579,77.209042,2026-09-01 07:56:00,Store_B
DEV_0008,28.616343,77.212912,2026-09-01 08:15:00,Store_A
DEV_0008,28.612703,77.207276,2026-09-01 08:41:00,Store_A
DEV_0008,28.615615,77.209157,2026-09-01 08:49:00,Store_A
DEV_0008,28.612523,77.209659,2026-09-01 09:16:00,Store_A
DEV_0008,28.615634,77.210172,2026-09-01 09:30:00,Store_B
DEV_0008,28.612656,77.209498,2026-09-01 09:59:00,Store_B
DEV_0008,28.61371,77.208569,2026-09-01 10:11:00,Store_A
DEV_0008,28.616706,77.213152,2026-09-01 10:24:00,Store_B
DEV_0008,28.616674,77.214092,2026-09-01 10:39:00,Store_B
DEV_0008,28.617854,77.212335,2026-09-01 10:45:00,Store_B
DEV_0008,28.613946,77.208878,2026-09-01 11:00:00,Store_A
DEV_0008,28.617644,77.209105,2026-09-01 11:17:00,Store_A
DEV_0008,28.615456,77.208643,2026-09-01 11:19:00,Store_A
DEV_0008,28.617453,77.207955,2026-09-01 11:23:00,Store_A
DEV_0008,28.612883,77.211957,2026-09-01 11:33:00,Store_B
DEV_0008,28.614082,77.205942,2026-09-01 11:43:00,Store_A
DEV_0008,28.614426,77.212887,2026-09-01 12:09:00,Store_B
DEV_0008,28.611037,77.209717,2026-09-01 12:11:00,Store_A
DEV_0008,28.619112,77.210725,2026-09-01 12:38:00,Store_B
DEV_0008,28.612017,77.21338,2026-09-01 12:41:00,Store_B
DEV_0008,28.613241,77.209584,2026-09-01 13:00:00,Store_A
DEV_0008,28.619202,77.215251,2026-09-01 13:16:00,Store_B
DEV_0008,28.615996,77.209038,2026-09-01 13:31:00,Store_A
DEV_0008,28.617338,77.210192,2026-09-01 13:55:00,Store_B
DEV_0008,28.612715,77.213998,2026-09-01 14:15:00,Store_B
DEV_0008,28.615098,77.216202,2026-09-01 14:26:00,Store_B
DEV_0008,28.617565,77.21212,2026-09-01 14:50:00,Store_A
DEV_0008,28.617167,77.215928,2026-09-01 15:13:00,Store_B
DEV_0008,28.614476,77.211369,2026-09-01 15:36:00,Store_A
DEV_0008,28.616488,77.20999,2026-09-01 15:54:00,Store_B
DEV_0008,28.611439,77.20995,2026-09-01 16:13:00,Store_A
DEV_0008,28.617558,77.209174,2026-09-02 06:25:00,Store_A
DEV_0008,28.616021,77.209149,2026-09-02 06:47:00,Store_B
DEV_0008,28.617599,77.2072,2026-09-02 06:54:00,Store_A
DEV_0008,28.616538,77.211711,2026-09-02 07:13:00,Store_A
DEV_0008,28.612677,77.213268,2026-09-02 07:24:00,Store_B
DEV_0008,28.616711,77.212932,2026-09-02 07:54:00,Store_B
DEV_0008,28.61262,77.206444,2026-09-02 07:55:00,Store_A
DEV_0008,28.615056,77.209728,2026-09-02 07:59:00,Store_B
DEV_0008,28.612183,77.206461,2026-09-02 08:24:00,Store_A
DEV_0008,28.611134,77.212617,2026-09-02 08:46:00,Store_A
DEV_0008,28.610371,77.212689,2026-09-02 08:52:00,Store_A
DEV_0008,28.615606,77.207384,2026-09-02 08:56:00,Store_A
DEV_0008,28.61314,77.216144,2026-09-02 09:05:00,Store_B
DEV_0008,28.619533,77.216196,2026-09-02 09:07:00,Store_B
DEV_0008,28.611817,77.209776,2026-09-02 09:15:00,Store_A
DEV_0008,28.616069,77.213035,2026-09-02 09:19:00,Store_B
DEV_0008,28.612485,77.212719,2026-09-02 09:33:00,Store_B
DEV_0008,28.613773,77.20826,2026-09-02 09:41:00,Store_A
DEV_0008,28.612053,77.212708,2026-09-02 10:03:00,Store_A
DEV_0008,28.611871,77.209438,2026-09-02 10:29:00,Store_A
DEV_0008,28.612337,77.208254,2026-09-02 10:32:00,Store_A
DEV_0008,28.616163,77.206139,2026-09-02 10:50:00,Store_A
DEV_0008,28.616156,77.2093,2026-09-02 11:04:00,Store_A
DEV_0008,28.612334,77.215501,2026-09-02 11:31:00,Store_B
DEV_0008,28.617224,77.210339,2026-09-02 11:33:00,Store_B
DEV_0008,28.614186,77.211007,2026-09-02 11:55:00,Store_B
DEV_0008,28.619994,77.21574,2026-09-02 12:02:00,Store_B
DEV_0008,28.612364,77.214913,2026-09-02 12:21:00,Store_B
DEV_0008,28.612305,77.208162,2026-09-02 12:25:00,Store_A
DEV_0008,28.615701,77.212991,2026-09-02 12:54:00,Store_A
DEV_0008,28.613687,77.213039,2026-09-02 13:20:00,Store_B
DEV_0008,28.619071,77.216563,2026-09-02 13:41:00,Store_B
DEV_0008,28.619837,77.214662,2026-09-02 13:50:00,Store_B
DEV_0008,28.615198,77.207573,2026-09-02 13:57:00,Store_A
DEV_0008,28.619672,77.211628,2026-09-02 14:27:00,Store_B
DEV_0008,28.615072,77.205016,2026-09-02 14:43:00,Store_A
DEV_0008,28.617112,77.210382,2026-09-02 14:57:00,Store_A
DEV_0008,28.6181,77.213305,2026-09-02 15:23:00,Store_B
DEV_0008,28.614209,77.212141,2026-09-02 15:50:00,Store_A
DEV_0008,28.617378,77.211824,2026-09-02 16:17:00,Store_B
DEV_0008,28.61862,77.211864,2026-09-03 06:06:00,Store_B
DEV_0008,28.610898,77.207964,2026-09-03 06:13:00,Store_A
DEV_0008,28.612075,77.214945,2026-09-03 06:38:00,Store_B
DEV_0008,28.617444,77.214674,2026-09-03 06:45:00,Store_B
DEV_0008,28.61643,77.210002,2026-09-03 07:11:00,Store_A
DEV_0008,28.611774,77.20895,2026-09-03 07:23:00,Store_A
DEV_0008,28.612146,77.212236,2026-09-03 07:46:00,Store_A
DEV_0008,28.609957,77.212874,2026-09-03 08:07:00,Store_A
DEV_0008,28.612888,77.211219,2026-09-03 08:24:00,Store_B
DEV_0008,28.613364,77.21055,2026-09-03 08:48:00,Store_B
DEV_0008,28.610423,77.206026,2026-09-03 08:51:00,Store_A
DEV_0008,28.611977,77.209559,2026-09-03 08:59:00,Store_A
DEV_0008,28.613535,77.214424,2026-09-03 09:22:00,Store_B
DEV_0008,28.617445,77.216065,2026-09-03 09:23:00,Store_B
DEV_0008,28.617128,77.216545,2026-09-03 09:25:00,Store_B
DEV_0008,28.61546,77.216961,2026-09-03 09:34:00,Store_B
DEV_0008,28.615341,77.208733,2026-09-03 09:46:00,Store_A
DEV_0008,28.61697,77.206796,2026-09-03 09:55:00,Store_A
DEV_0008,28.616259,77.21153,2026-09-03 10:08:00,Store_B
DEV_0008,28.612578,77.212041,2026-09-03 10:34:00,Store_A
DEV_0008,28.617822,77.206805,2026-09-03 10:57:00,Store_A
DEV_0008,28.619662,77.216336,2026-09-03 11:04:00,Store_B
DEV_0008,28.612534,77.205503,2026-09-03 11:25:00,Store_A
DEV_0008,28.610123,77.208456,2026-09-03 11:26:00,Store_A
DEV_0008,28.618724,77.210977,2026-09-03 11:42:00,Store_B
DEV_0008,28.61757,77.21166,2026-09-03 12:09:00,Store_A
DEV_0008,28.616157,77.210894,2026-09-03 12:12:00,Store_B
DEV_0008,28.618113,77.214003,2026-09-03 12:31:00,Store_B
DEV_0008,28.610584,77.205485,2026-09-03 12:33:00,Store_A
DEV_0008,28.614506,77.215782,2026-09-03 12:36:00,Store_B
DEV_0008,28.610396,77.211419,2026-09-03 12:38:00,Store_A
DEV_0008,28.616886,77.212455,2026-09-03 12:42:00,Store_B
DEV_0008,28.614374,77.207359,2026-09-03 12:55:00,Store_A
DEV_0008,28.612767,77.215016,2026-09-03 13:03:00,Store_B
DEV_0008,28.613527,77.208714,2026-09-03 13:17:00,Store_A
DEV_0008,28.612617,77.212501,2026-09-03 13:43:00,Store_A
DEV_0008,28.613533,77.207626,2026-09-03 13:50:00,Store_A
DEV_0008,28.610722,77.209761,2026-09-03 13:53:00,Store_A
DEV_0008,28.617135,77.206008,2026-09-03 14:10:00,Store_A
DEV_0008,28.614843,77.212851,2026-09-03 14:30:00,Store_B
DEV_0008,28.613487,77.210101,2026-09-04 06:02:00,Store_B
DEV_0008,28.610921,77.209676,2026-09-04 06:19:00,Store_A
DEV_0008,28.61449,77.216082,2026-09-04 06:44:00,Store_B
DEV_0008,28.611079,77.207469,2026-09-04 06:55:00,Store_A
DEV_0008,28.614951,77.209065,2026-09-04 07:14:00,Store_B
DEV_0008,28.610359,77.209057,2026-09-04 07:41:00,Store_A
DEV_0008,28.613276,77.206563,2026-09-04 07:48:00,Store_A
DEV_0008,28.616182,77.207732,2026-09-04 08:10:00,Store_A
DEV_0008,28.617558,77.216855,2026-09-04 08:30:00,Store_B
DEV_0008,28.618816,77.213529,2026-09-04 08:41:00,Store_B
DEV_0008,28.61535,77.210298,2026-09-04 08:56:00,Store_B
DEV_0008,28.613867,77.21236,2026-09-04 09:17:00,Store_A
DEV_0008,28.615446,77.208732,2026-09-04 09:24:00,Store_A
DEV_0008,28.613746,77.211147,2026-09-04 09:51:00,Store_A
DEV_0008,28.618458,77.212007,2026-09-04 10:04:00,Store_B
DEV_0008,28.616509,77.205054,2026-09-04 10:05:00,Store_A
DEV_0008,28.612763,77.209438,2026-09-04 10:10:00,Store_A
DEV_0008,28.615523,77.214051,2026-09-04 10:40:00,Store_B
DEV_0008,28.612351,77.209237,2026-09-04 10:47:00,Store_B
DEV_0008,28.613393,77.216083,2026-09-04 11:11:00,Store_B
DEV_0008,28.612619,77.209436,2026-09-04 11:17:00,Store_A
DEV_0008,28.610072,77.211743,2026-09-04 11:47:00,Store_A
DEV_0008,28.610068,77.21042,2026-09-04 12:00:00,Store_A
DEV_0008,28.612607,77.206682,2026-09-04 12:15:00,Store_A
DEV_0008,28.612857,77.207979,2026-09-04 12:21:00,Store_A
DEV_0008,28.619027,77.209523,2026-09-04 12:26:00,Store_B
DEV_0008,28.616259,77.206533,2026-09-04 12:39:00,Store_A
DEV_0008,28.614544,77.212436,2026-09-04 13:00:00,Store_B
DEV_0008,28.617268,77.211105,2026-09-04 13:19:00,Store_A
DEV_0008,28.616735,77.207353,2026-09-04 13:24:00,Store_A
DEV_0008,28.613977,77.214036,2026-09-04 13:33:00,Store_B
DEV_0008,28.616712,77.212747,2026-09-04 14:02:00,Store_A
DEV_0008,28.613674,77.209651,2026-09-04 14:18:00,Store_B
DEV_0008,28.611239,77.208105,2026-09-04 14:47:00,Store_A
DEV_0008,28.615989,77.212714,2026-09-04 14:58:00,Store_B
DEV_0008,28.616204,77.212866,2026-09-04 15:14:00,Store_B
DEV_0008,28.614147,77.212208,2026-09-04 15:44:00,Store_B
DEV_0008,28.611558,77.212159,2026-09-04 15:59:00,Store_A
DEV_0008,28.613067,77.207448,2026-09-04 16:28:00,Store_A
DEV_0008,28.616571,77.216484,2026-09-04 16:40:00,Store_B
DEV_0008,28.616404,77.210075,2026-09-05 06:03:00,Store_B
DEV_0008,28.615556,77.211813,2026-09-05 06:22:00,Store_B
DEV_0008,28.613622,77.209969,2026-09-05 06:36:00,Store_A
DEV_0008,28.61574,77.212272,2026-09-05 07:02:00,Store_B
DEV_0008,28.614536,77.212059,2026-09-05 07:08:00,Store_B
DEV_0008,28.61387,77.214163,2026-09-05 07:20:00,Store_B
DEV_0008,28.612256,77.209014,2026-09-05 07:38:00,Store_A
DEV_0008,28.616187,77.212413,2026-09-05 07:42:00,Store_A
DEV_0008,28.610471,77.205306,2026-09-05 07:49:00,Store_A
DEV_0008,28.613573,77.211634,2026-09-05 07:59:00,Store_B
DEV_0008,28.613525,77.213832,2026-09-05 08:04:00,Store_B
DEV_0008,28.612068,77.211396,2026-09-05 08:31:00,Store_B
DEV_0008,28.618265,77.21223,2026-09-05 08:44:00,Store_B
DEV_0008,28.613676,77.209101,2026-09-05 09:09:00,Store_A
DEV_0008,28.616824,77.206821,2026-09-05 09:33:00,Store_A
DEV_0008,28.613696,77.209127,2026-09-05 09:59:00,Store_A
DEV_0008,28.61778,77.212691,2026-09-05 10:25:00,Store_B
DEV_0008,28.612405,77.206503,2026-09-05 10:50:00,Store_A
DEV_0008,28.613677,77.2126,2026-09-05 11:08:00,Store_B
DEV_0008,28.612898,77.20962,2026-09-05 11:13:00,Store_A
DEV_0008,28.619547,77.209077,2026-09-05 11:39:00,Store_B
DEV_0008,28.614719,77.212353,2026-09-05 12:01:00,Store_B
DEV_0008,28.618103,77.214524,2026-09-05 12:11:00,Store_B
DEV_0008,28.616696,77.213541,2026-09-05 12:13:00,Store_B
DEV_0008,28.61113,77.212621,2026-09-05 12:24:00,Store_A
DEV_0008,28.619841,77.210634,2026-09-05 12:37:00,Store_B
DEV_0008,28.614176,77.206507,2026-09-05 12:41:00,Store_A
DEV_0008,28.616556,77.212612,2026-09-05 13:10:00,Store_B
DEV_0008,28.612746,77.209835,2026-09-05 13:28:00,Store_B
DEV_0008,28.610156,77.210512,2026-09-05 13:44:00,Store_A
DEV_0008,28.611394,77.205556,2026-09-05 13:57:00,Store_A
DEV_0008,28.613647,77.211329,2026-09-05 14:14:00,Store_B
DEV_0008,28.613537,77.207949,2026-09-05 14:15:00,Store_A
DEV_0008,28.612514,77.212278,2026-09-05 14:28:00,Store_A
DEV_0008,28.617817,77.206033,2026-09-05 14:42:00,Store_A
DEV_0008,28.617945,77.212112,2026-09-05 15:11:00,Store_B
DEV_0008,28.610939,77.206645,2026-09-05 15:25:00,Store_A
DEV_0008,28.61327,77.213601,2026-09-05 15:35:00,Store_B
DEV_0008,28.61392,77.210479,2026-09-05 15:44:00,Store_A
DEV_0008,28.60996,77.206142,2026-09-05 15:47:00,Store_A
DEV_0008,28.616839,77.210975,2026-09-06 06:11:00,Store_B
DEV_0008,28.615682,77.213609,2026-09-06 06:35:00,Store_B
DEV_0008,28.612203,77.212048,2026-09-06 06:50:00,Store_A
DEV_0008,28.617603,77.214693,2026-09-06 07:00:00,Store_B
DEV_0008,28.616904,77.21548,2026-09-06 07:06:00,Store_B
DEV_0008,28.613993,77.2162,2026-09-06 07:30:00,Store_B
DEV_0008,28.615663,77.216287,2026-09-06 07:36:00,Store_B
DEV_0008,28.613048,77.212565,2026-09-06 07:44:00,Store_A
DEV_0008,28.61209,77.210025,2026-09-06 07:54:00,Store_A
DEV_0008,28.615484,77.210779,2026-09-06 08:01:00,Store_A
DEV_0008,28.61529,77.215095,2026-09-06 08:05:00,Store_B
DEV_0008,28.612612,77.209842,2026-09-06 08:30:00,Store_B
DEV_0008,28.615281,77.210319,2026-09-06 08:37:00,Store_B
DEV_0008,28.613597,77.205586,2026-09-06 09:00:00,Store_A
DEV_0008,28.615049,77.214968,2026-09-06 09:28:00,Store_B
DEV_0008,28.613073,77.205086,2026-09-06 09:32:00,Store_A
DEV_0008,28.612517,77.210989,2026-09-06 09:48:00,Store_A
DEV_0008,28.612546,77.213387,2026-09-06 09:56:00,Store_B
DEV_0008,28.613122,77.215563,2026-09-06 10:23:00,Store_B
DEV_0008,28.611265,77.205145,2026-09-06 10:27:00,Store_A
DEV_0008,28.612253,77.209277,2026-09-06 10:40:00,Store_A
DEV_0008,28.610521,77.211109,2026-09-06 11:02:00,Store_A
DEV_0008,28.613228,77.211865,2026-09-06 11:09:00,Store_B
DEV_0008,28.617042,77.209258,2026-09-06 11:24:00,Store_A
DEV_0008,28.616592,77.211492,2026-09-06 11:45:00,Store_A
DEV_0008,28.613025,77.207467,2026-09-06 11:47:00,Store_A
DEV_0008,28.610289,77.208019,2026-09-06 11:54:00,Store_A
DEV_0008,28.612897,77.206908,2026-09-06 11:57:00,Store_A
DEV_0008,28.613273,77.212914,2026-09-06 12:08:00,Store_A
DEV_0008,28.61534,77.205505,2026-09-06 12:37:00,Store_A
DEV_0008,28.616275,77.211644,2026-09-06 12:43:00,Store_A
DEV_0008,28.610252,77.2091,2026-09-06 13:10:00,Store_A
DEV_0008,28.614581,77.214014,2026-09-06 13:30:00,Store_B
DEV_0008,28.617375,77.208161,2026-09-06 13:44:00,Store_A
DEV_0008,28.611759,77.205847,2026-09-06 13:55:00,Store_A
DEV_0008,28.61002,77.210232,2026-09-06 13:56:00,Store_A
DEV_0008,28.613702,77.210761,2026-09-06 14:18:00,Store_B
DEV_0008,28.6172,77.211952,2026-09-06 14:21:00,Store_B
DEV_0008,28.613189,77.21114,2026-09-06 14:37:00,Store_A
DEV_0008,28.6156,77.21133,2026-09-06 15:07:00,Store_A
DEV_0008,28.611916,77.205758,2026-09-07 06:11:00,Store_A
DEV_0008,28.617423,77.216779,2026-09-07 06:34:00,Store_B
DEV_0008,28.612556,77.210083,2026-09-07 07:03:00,Store_A
DEV_0008,28.619824,77.214331,2026-09-07 07:06:00,Store_B
DEV_0008,28.612141,77.216297,2026-09-07 07:21:00,Store_B
DEV_0008,28.616088,77.214935,2026-09-07 07:38:00,Store_B
DEV_0008,28.611761,77.209931,2026-09-07 08:07:00,Store_A
DEV_0008,28.612371,77.210903,2026-09-07 08:32:00,Store_A
DEV_0008,28.614858,77.205479,2026-09-07 08:44:00,Store_A
DEV_0008,28.614373,77.210213,2026-09-07 08:51:00,Store_B
DEV_0008,28.611805,77.210802,2026-09-07 09:06:00,Store_A
DEV_0008,28.613074,77.21154,2026-09-07 09:32:00,Store_B
DEV_0008,28.614067,77.212821,2026-09-07 09:53:00,Store_A
DEV_0008,28.618004,77.210832,2026-09-07 10:17:00,Store_B
DEV_0008,28.614742,77.210647,2026-09-07 10:19:00,Store_B
DEV_0008,28.616312,77.21057,2026-09-07 10:27:00,Store_A
DEV_0008,28.616172,77.210468,2026-09-07 10:48:00,Store_B
DEV_0008,28.610417,77.208933,2026-09-07 10:55:00,Store_A
DEV_0008,28.614975,77.206132,2026-09-07 11:02:00,Store_A
DEV_0008,28.610634,77.209741,2026-09-07 11:29:00,Store_A
DEV_0008,28.61179,77.205625,2026-09-07 11:53:00,Store_A
DEV_0008,28.614492,77.214773,2026-09-07 12:01:00,Store_B
DEV_0008,28.613411,77.210992,2026-09-07 12:11:00,Store_B
DEV_0008,28.619742,77.210611,2026-09-07 12:39:00,Store_B
DEV_0008,28.61264,77.21678,2026-09-07 12:52:00,Store_B
DEV_0008,28.613342,77.212531,2026-09-07 13:09:00,Store_B
DEV_0008,28.618083,77.215557,2026-09-07 13:35:00,Store_B
DEV_0008,28.612158,77.212051,2026-09-07 14:03:00,Store_B
DEV_0008,28.615971,77.212372,2026-09-07 14:23:00,Store_A
DEV_0008,28.614323,77.206406,2026-09-07 14:36:00,Store_A
DEV_0008,28.614447,77.211266,2026-09-07 14:54:00,Store_B
DEV_0008,28.612576,77.210093,2026-09-07 15:10:00,Store_B
DEV_0008,28.611138,77.206517,2026-09-07 15:11:00,Store_A
DEV_0008,28.615932,77.216406,2026-09-07 15:24:00,Store_B
DEV_0008,28.615072,77.211462,2026-09-07 15:43:00,Store_B
DEV_0008,28.61317,77.205311,2026-09-07 16:13:00,Store_A
DEV_0008,28.612979,77.209525,2026-09-07 16:20:00,Store_A
DEV_0008,28.619657,77.21517,2026-09-07 16:45:00,Store_B
DEV_0008,28.616077,77.212909,2026-09-07 17:08:00,Store_B
DEV_0008,28.617572,77.214207,2026-09-07 17:38:00,Store_B
DEV_0009,28.617885,77.210939,2026-09-01 06:02:00,Store_B
DEV_0009,28.617048,77.214411,2026-09-01 06:25:00,Store_B
DEV_0009,28.611991,77.208644,2026-09-01 06:47:00,Store_A
DEV_0009,28.611934,77.209817,2026-09-01 07:09:00,Store_A
DEV_0009,28.609999,77.211168,2026-09-01 07:30:00,Store_A
DEV_0009,28.615181,77.213689,2026-09-01 07:59:00,Store_B
DEV_0009,28.614048,77.206511,2026-09-01 08:13:00,Store_A
DEV_0009,28.616538,77.207023,2026-09-01 08:23:00,Store_A
DEV_0009,28.616689,77.214871,2026-09-01 08:48:00,Store_B
DEV_0009,28.610774,77.209581,2026-09-01 09:14:00,Store_A
DEV_0009,28.618514,77.211152,2026-09-01 09:21:00,Store_B
DEV_0009,28.617592,77.209051,2026-09-01 09:27:00,Store_B
DEV_0009,28.612013,77.209559,2026-09-01 09:50:00,Store_B
DEV_0009,28.6162,77.214236,2026-09-01 10:14:00,Store_B
DEV_0009,28.613365,77.211997,2026-09-01 10:37:00,Store_B
DEV_0009,28.611484,77.206456,2026-09-01 10:41:00,Store_A
DEV_0009,28.616537,77.210701,2026-09-01 10:48:00,Store_B
DEV_0009,28.615899,77.211473,2026-09-01 10:55:00,Store_A
DEV_0009,28.619864,77.215973,2026-09-01 11:10:00,Store_B
DEV_0009,28.616847,77.206329,2026-09-01 11:20:00,Store_A
DEV_0009,28.612922,77.207214,2026-09-01 11:31:00,Store_A
DEV_0009,28.614585,77.208823,2026-09-01 11:53:00,Store_A
DEV_0009,28.609976,77.207129,2026-09-01 11:54:00,Store_A
DEV_0009,28.610675,77.209179,2026-09-01 11:55:00,Store_A
DEV_0009,28.616824,77.216895,2026-09-01 12:20:00,Store_B
DEV_0009,28.619457,77.212786,2026-09-01 12:31:00,Store_B
DEV_0009,28.614692,77.214455,2026-09-01 12:42:00,Store_B
DEV_0009,28.618535,77.216528,2026-09-01 13:04:00,Store_B
DEV_0009,28.615027,77.209458,2026-09-01 13:16:00,Store_B
DEV_0009,28.61845,77.209025,2026-09-01 13:44:00,Store_B
DEV_0009,28.617802,77.216104,2026-09-01 13:49:00,Store_B
DEV_0009,28.614715,77.211952,2026-09-01 13:58:00,Store_A
DEV_0009,28.612847,77.209947,2026-09-01 14:20:00,Store_A
DEV_0009,28.616119,77.214282,2026-09-01 14:21:00,Store_B
DEV_0009,28.612133,77.211882,2026-09-01 14:23:00,Store_B
DEV_0009,28.617423,77.210868,2026-09-01 14:39:00,Store_B
DEV_0009,28.617914,77.215352,2026-09-01 14:51:00,Store_B
DEV_0009,28.619513,77.216532,2026-09-01 15:07:00,Store_B
DEV_0009,28.615774,77.207351,2026-09-01 15:14:00,Store_A
DEV_0009,28.616859,77.21201,2026-09-01 15:40:00,Store_A
DEV_0009,28.610923,77.211375,2026-09-02 06:10:00,Store_A
DEV_0009,28.613344,77.21257,2026-09-02 06:14:00,Store_B
DEV_0009,28.617301,77.210927,2026-09-02 06:21:00,Store_B
DEV_0009,28.615926,77.210278,2026-09-02 06:24:00,Store_A
DEV_0009,28.613379,77.210726,2026-09-02 06:30:00,Store_A
DEV_0009,28.619221,77.21513,2026-09-02 06:38:00,Store_B
DEV_0009,28.617327,77.216612,2026-09-02 07:00:00,Store_B
DEV_0009,28.615224,77.212382,2026-09-02 07:21:00,Store_A
DEV_0009,28.612724,77.214534,2026-09-02 07:49:00,Store_B
DEV_0009,28.617354,77.211131,2026-09-02 08:09:00,Store_A
DEV_0009,28.615052,77.208016,2026-09-02 08:32:00,Store_A
DEV_0009,28.617231,77.215281,2026-09-02 09:00:00,Store_B
DEV_0009,28.618468,77.210788,2026-09-02 09:04:00,Store_B
DEV_0009,28.612701,77.209713,2026-09-02 09:28:00,Store_B
DEV_0009,28.615857,77.205929,2026-09-02 09:40:00,Store_A
DEV_0009,28.616727,77.212633,2026-09-02 09:59:00,Store_A
DEV_0009,28.612386,77.20972,2026-09-02 10:06:00,Store_A
DEV_0009,28.619839,77.211557,2026-09-02 10:18:00,Store_B
DEV_0009,28.614058,77.209813,2026-09-02 10:26:00,Store_A
DEV_0009,28.613062,77.209306,2026-09-02 10:41:00,Store_A
DEV_0009,28.613158,77.216543,2026-09-02 11:08:00,Store_B
DEV_0009,28.613899,77.208646,2026-09-02 11:28:00,Store_A
DEV_0009,28.613167,77.214323,2026-09-02 11:54:00,Store_B
DEV_0009,28.614691,77.207471,2026-09-02 12:17:00,Store_A
DEV_0009,28.612088,77.211781,2026-09-02 12:36:00,Store_A
DEV_0009,28.617049,77.210726,2026-09-02 12:46:00,Store_B
DEV_0009,28.612471,77.215482,2026-09-02 12:51:00,Store_B
DEV_0009,28.616685,77.212475,2026-09-02 12:59:00,Store_A
DEV_0009,28.617285,77.211208,2026-09-02 13:27:00,Store_A
DEV_0009,28.617819,77.211393,2026-09-02 13:54:00,Store_B
DEV_0009,28.617829,77.209384,2026-09-02 14:05:00,Store_A
DEV_0009,28.617423,77.216923,2026-09-02 14:30:00,Store_B
DEV_0009,28.615129,77.213223,2026-09-02 14:40:00,Store_B
DEV_0009,28.617571,77.210561,2026-09-02 15:08:00,Store_B
DEV_0009,28.612779,77.211587,2026-09-02 15:34:00,Store_B
DEV_0009,28.616698,77.210677,2026-09-02 15:49:00,Store_A
DEV_0009,28.614517,77.208535,2026-09-02 16:05:00,Store_A
DEV_0009,28.619178,77.210678,2026-09-02 16:31:00,Store_B
DEV_0009,28.615783,77.205073,2026-09-02 16:55:00,Store_A
DEV_0009,28.615327,77.212908,2026-09-02 17:00:00,Store_A
DEV_0009,28.619603,77.212417,2026-09-03 06:27:00,Store_B
DEV_0009,28.617308,77.205768,2026-09-03 06:43:00,Store_A
DEV_0009,28.617461,77.205939,2026-09-03 07:00:00,Store_A
DEV_0009,28.616747,77.216758,2026-09-03 07:21:00,Store_B
DEV_0009,28.61396,77.20995,2026-09-03 07:34:00,Store_B
DEV_0009,28.614422,77.213769,2026-09-03 07:40:00,Store_B
DEV_0009,28.618207,77.216929,2026-09-03 08:02:00,Store_B
DEV_0009,28.616122,77.211919,2026-09-03 08:23:00,Store_A
DEV_0009,28.614202,77.214226,2026-09-03 08:35:00,Store_B
DEV_0009,28.61086,77.205661,2026-09-03 08:51:00,Store_A
DEV_0009,28.610084,77.209584,2026-09-03 09:10:00,Store_A
DEV_0009,28.61419,77.214963,2026-09-03 09:36:00,Store_B
DEV_0009,28.612972,77.213,2026-09-03 09:59:00,Store_A
DEV_0009,28.614387,77.210002,2026-09-03 10:10:00,Store_B
DEV_0009,28.61561,77.211898,2026-09-03 10:28:00,Store_A
DEV_0009,28.613143,77.210606,2026-09-03 10:41:00,Store_A
DEV_0009,28.612511,77.215697,2026-09-03 10:59:00,Store_B
DEV_0009,28.615928,77.20666,2026-09-03 11:21:00,Store_A
DEV_0009,28.611345,77.209793,2026-09-03 11:27:00,Store_A
DEV_0009,28.614338,77.211404,2026-09-03 11:31:00,Store_A
DEV_0009,28.610931,77.20665,2026-09-03 11:37:00,Store_A
DEV_0009,28.6144,77.211812,2026-09-03 11:39:00,Store_A
DEV_0009,28.617739,77.209049,2026-09-03 11:51:00,Store_A
DEV_0009,28.613284,77.212562,2026-09-03 11:52:00,Store_A
DEV_0009,28.612305,77.21257,2026-09-03 12:09:00,Store_A
DEV_0009,28.617273,77.212559,2026-09-03 12:28:00,Store_B
DEV_0009,28.617561,77.213181,2026-09-03 12:40:00,Store_B
DEV_0009,28.615403,77.210301,2026-09-03 12:42:00,Store_A
DEV_0009,28.610194,77.206133,2026-09-03 13:10:00,Store_A
DEV_0009,28.617559,77.209817,2026-09-03 13:17:00,Store_A
DEV_0009,28.614219,77.214833,2026-09-03 13:31:00,Store_B
DEV_0009,28.614299,77.207085,2026-09-03 13:52:00,Store_A
DEV_0009,28.6131,77.205666,2026-09-03 14:01:00,Store_A
DEV_0009,28.619522,77.210146,2026-09-03 14:08:00,Store_B
DEV_0009,28.614937,77.207155,2026-09-03 14:29:00,Store_A
DEV_0009,28.615616,77.209509,2026-09-03 14:50:00,Store_A
DEV_0009,28.613257,77.206228,2026-09-03 15:16:00,Store_A
DEV_0009,28.615032,77.216712,2026-09-03 15:24:00,Store_B
DEV_0009,28.612061,77.209252,2026-09-03 15:46:00,Store_A
DEV_0009,28.612528,77.214121,2026-09-03 15:58:00,Store_B
DEV_0009,28.618225,77.210171,2026-09-04 06:26:00,Store_B
DEV_0009,28.612089,77.205784,2026-09-04 06:34:00,Store_A
DEV_0009,28.619614,77.215262,2026-09-04 06:38:00,Store_B
DEV_0009,28.614112,77.212004,2026-09-04 06:57:00,Store_A
DEV_0009,28.612764,77.211791,2026-09-04 07:16:00,Store_B
DEV_0009,28.616412,77.21386,2026-09-04 07:45:00,Store_B
DEV_0009,28.611266,77.212572,2026-09-04 07:58:00,Store_A
DEV_0009,28.612661,77.21093,2026-09-04 08:24:00,Store_A
DEV_0009,28.615815,77.210021,2026-09-04 08:25:00,Store_B
DEV_0009,28.615161,77.206141,2026-09-04 08:44:00,Store_A
DEV_0009,28.612423,77.214803,2026-09-04 08:56:00,Store_B
DEV_0009,28.615326,77.208346,2026-09-04 09:11:00,Store_A
DEV_0009,28.613412,77.207832,2026-09-04 09:26:00,Store_A
DEV_0009,28.614207,77.212422,2026-09-04 09:49:00,Store_B
DEV_0009,28.612341,77.211863,2026-09-04 09:59:00,Store_A
DEV_0009,28.618165,77.215762,2026-09-04 10:20:00,Store_B
DEV_0009,28.610514,77.20692,2026-09-04 10:23:00,Store_A
DEV_0009,28.614503,77.205677,2026-09-04 10:33:00,Store_A
DEV_0009,28.618467,77.209086,2026-09-04 10:47:00,Store_B
DEV_0009,28.613737,77.20912,2026-09-04 11:09:00,Store_A
DEV_0009,28.613144,77.20993,2026-09-04 11:39:00,Store_A
DEV_0009,28.615613,77.210621,2026-09-04 12:03:00,Store_A
DEV_0009,28.613954,77.214912,2026-09-04 12:33:00,Store_B
DEV_0009,28.614759,77.212717,2026-09-04 12:55:00,Store_A
DEV_0009,28.611299,77.207936,2026-09-04 13:00:00,Store_A
DEV_0009,28.61962,77.212382,2026-09-04 13:13:00,Store_B
DEV_0009,28.612886,77.205906,2026-09-04 13:43:00,Store_A
DEV_0009,28.616554,77.211806,2026-09-04 14:11:00,Store_A
DEV_0009,28.612221,77.208865,2026-09-04 14:20:00,Store_A
DEV_0009,28.609918,77.210049,2026-09-04 14:33:00,Store_A
DEV_0009,28.617284,77.212433,2026-09-04 14:54:00,Store_A
DEV_0009,28.617383,77.21214,2026-09-04 15:22:00,Store_A
DEV_0009,28.61246,77.209047,2026-09-04 15:37:00,Store_B
DEV_0009,28.614387,77.209857,2026-09-04 15:49:00,Store_B
DEV_0009,28.613117,77.205071,2026-09-04 16:03:00,Store_A
DEV_0009,28.61358,77.213233,2026-09-04 16:32:00,Store_B
DEV_0009,28.613186,77.212305,2026-09-04 16:33:00,Store_A
DEV_0009,28.616056,77.207001,2026-09-04 16:49:00,Store_A
DEV_0009,28.614994,77.211916,2026-09-04 17:18:00,Store_B
DEV_0009,28.614191,77.207156,2026-09-04 17:33:00,Store_A
DEV_0009,28.613295,77.21183,2026-09-05 06:14:00,Store_B
DEV_0009,28.612774,77.211964,2026-09-05 06:21:00,Store_A
DEV_0009,28.611417,77.205322,2026-09-05 06:34:00,Store_A
DEV_0009,28.617951,77.216208,2026-09-05 06:40:00,Store_B
DEV_0009,28.617487,77.212678,2026-09-05 06:49:00,Store_A
DEV_0009,28.613269,77.209401,2026-09-05 07:15:00,Store_A
DEV_0009,28.612499,77.211115,2026-09-05 07:44:00,Store_A
DEV_0009,28.616015,77.216388,2026-09-05 08:11:00,Store_B
DEV_0009,28.613051,77.216661,2026-09-05 08:37:00,Store_B
DEV_0009,28.610909,77.207753,2026-09-05 08:38:00,Store_A
DEV_0009,28.610316,77.211639,2026-09-05 08:52:00,Store_A
DEV_0009,28.613375,77.207316,2026-09-05 09:08:00,Store_A
DEV_0009,28.615987,77.206982,2026-09-05 09:13:00,Store_A
DEV_0009,28.611896,77.211134,2026-09-05 09:41:00,Store_A
DEV_0009,28.619954,77.210979,2026-09-05 10:08:00,Store_B
DEV_0009,28.613587,77.214652,2026-09-05 10:34:00,Store_B
DEV_0009,28.615509,77.209019,2026-09-05 10:40:00,Store_A
DEV_0009,28.61784,77.20973,2026-09-05 11:01:00,Store_A
DEV_0009,28.611735,77.206058,2026-09-05 11:03:00,Store_A
DEV_0009,28.619923,77.216433,2026-09-05 11:17:00,Store_B
DEV_0009,28.614832,77.205727,2026-09-05 11:19:00,Store_A
DEV_0009,28.615258,77.211452,2026-09-05 11:40:00,Store_B
DEV_0009,28.611674,77.208409,2026-09-05 11:42:00,Store_A
DEV_0009,28.617151,77.211434,2026-09-05 11:51:00,Store_B
DEV_0009,28.614244,77.211808,2026-09-05 12:05:00,Store_B
DEV_0009,28.612459,77.20538,2026-09-05 12:07:00,Store_A
DEV_0009,28.610317,77.210958,2026-09-05 12:14:00,Store_A
DEV_0009,28.615776,77.216268,2026-09-05 12:18:00,Store_B
DEV_0009,28.613479,77.216587,2026-09-05 12:30:00,Store_B
DEV_0009,28.614435,77.209775,2026-09-05 12:31:00,Store_B
DEV_0009,28.61255,77.21093,2026-09-05 12:43:00,Store_A
DEV_0009,28.613906,77.211208,2026-09-05 13:02:00,Store_B
DEV_0009,28.612698,77.209851,2026-09-05 13:23:00,Store_B
DEV_0009,28.610228,77.212747,2026-09-05 13:52:00,Store_A
DEV_0009,28.611443,77.208566,2026-09-05 13:56:00,Store_A
DEV_0009,28.617435,77.209952,2026-09-05 14:06:00,Store_A
DEV_0009,28.619917,77.210616,2026-09-05 14:30:00,Store_B
DEV_0009,28.61025,77.206534,2026-09-05 14:48:00,Store_A
DEV_0009,28.619133,77.215075,2026-09-05 15:16:00,Store_B
DEV_0009,28.619159,77.212588,2026-09-05 15:39:00,Store_B
DEV_0009,28.617187,77.205542,2026-09-06 06:14:00,Store_A
DEV_0009,28.611235,77.207193,2026-09-06 06:19:00,Store_A
DEV_0009,28.612364,77.213529,2026-09-06 06:45:00,Store_B
DEV_0009,28.615826,77.20818,2026-09-06 07:07:00,Store_A
DEV_0009,28.611224,77.211006,2026-09-06 07:20:00,Store_A
DEV_0009,28.615207,77.211172,2026-09-06 07:26:00,Store_B
DEV_0009,28.61118,77.206742,2026-09-06 07:49:00,Store_A
DEV_0009,28.616933,77.211325,2026-09-06 08:04:00,Store_A
DEV_0009,28.614427,77.210763,2026-09-06 08:27:00,Store_B
DEV_0009,28.616417,77.210369,2026-09-06 08:29:00,Store_B
DEV_0009,28.612235,77.210117,2026-09-06 08:58:00,Store_A
DEV_0009,28.619418,77.211163,2026-09-06 09:24:00,Store_B
DEV_0009,28.615039,77.206992,2026-09-06 09:51:00,Store_A
DEV_0009,28.614177,77.205011,2026-09-06 10:03:00,Store_A
DEV_0009,28.614596,77.216571,2026-09-06 10:32:00,Store_B
DEV_0009,28.617777,77.212267,2026-09-06 10:52:00,Store_B
DEV_0009,28.614597,77.209458,2026-09-06 11:19:00,Store_B
DEV_0009,28.616491,77.206754,2026-09-06 11:28:00,Store_A
DEV_0009,28.611948,77.205125,2026-09-06 11:50:00,Store_A
DEV_0009,28.615681,77.210505,2026-09-06 12:11:00,Store_A
DEV_0009,28.61896,77.214074,2026-09-06 12:29:00,Store_B
DEV_0009,28.616435,77.206765,2026-09-06 12:38:00,Store_A
DEV_0009,28.614553,77.211462,2026-09-06 13:03:00,Store_A
DEV_0009,28.613245,77.210854,2026-09-06 13:27:00,Store_B
DEV_0009,28.614949,77.216217,2026-09-06 13:30:00,Store_B
DEV_0009,28.613452,77.21048,2026-09-06 13:58:00,Store_B
DEV_0009,28.611411,77.208924,2026-09-06 14:22:00,Store_A
DEV_0009,28.615081,77.205168,2026-09-06 14:28:00,Store_A
DEV_0009,28.61644,77.210499,2026-09-06 14:35:00,Store_A
DEV_0009,28.611048,77.208411,2026-09-06 14:50:00,Store_A
DEV_0009,28.612802,77.213214,2026-09-06 15:14:00,Store_B
DEV_0009,28.614726,77.208023,2026-09-06 15:15:00,Store_A
DEV_0009,28.616512,77.211108,2026-09-06 15:36:00,Store_A
DEV_0009,28.610957,77.211161,2026-09-06 15:45:00,Store_A
DEV_0009,28.617409,77.209797,2026-09-06 16:11:00,Store_A
DEV_0009,28.617561,77.205851,2026-09-06 16:35:00,Store_A
DEV_0009,28.618822,77.20968,2026-09-06 16:40:00,Store_B
DEV_0009,28.618077,77.216139,2026-09-06 17:07:00,Store_B
DEV_0009,28.612359,77.208831,2026-09-06 17:15:00,Store_A
DEV_0009,28.614248,77.20714,2026-09-06 17:33:00,Store_A
DEV_0009,28.61007,77.205356,2026-09-07 06:18:00,Store_A
DEV_0009,28.612821,77.216092,2026-09-07 06:32:00,Store_B
DEV_0009,28.60991,77.206795,2026-09-07 06:40:00,Store_A
DEV_0009,28.615083,77.211826,2026-09-07 06:50:00,Store_B
DEV_0009,28.617274,77.210475,2026-09-07 07:12:00,Store_A
DEV_0009,28.613835,77.212926,2026-09-07 07:20:00,Store_A
DEV_0009,28.617552,77.207255,2026-09-07 07:23:00,Store_A
DEV_0009,28.612947,77.216387,2026-09-07 07:53:00,Store_B
DEV_0009,28.617065,77.209836,2026-09-07 07:59:00,Store_A
DEV_0009,28.616244,77.213797,2026-09-07 08:21:00,Store_B
DEV_0009,28.613202,77.214338,2026-09-07 08:31:00,Store_B
DEV_0009,28.614787,77.209831,2026-09-07 09:01:00,Store_B
DEV_0009,28.617294,77.216463,2026-09-07 09:27:00,Store_B
DEV_0009,28.616211,77.211894,2026-09-07 09:32:00,Store_A
DEV_0009,28.612462,77.208125,2026-09-07 09:56:00,Store_A
DEV_0009,28.618517,77.209905,2026-09-07 10:10:00,Store_B
DEV_0009,28.613157,77.211584,2026-09-07 10:15:00,Store_B
DEV_0009,28.61604,77.207821,2026-09-07 10:31:00,Store_A
DEV_0009,28.61585,77.216783,2026-09-07 10:51:00,Store_B
DEV_0009,28.613106,77.216552,2026-09-07 11:21:00,Store_B
DEV_0009,28.612965,77.209395,2026-09-07 11:39:00,Store_A
DEV_0009,28.61626,77.215571,2026-09-07 11:52:00,Store_B
DEV_0009,28.614548,77.208375,2026-09-07 12:11:00,Store_A
DEV_0009,28.615525,77.206882,2026-09-07 12:12:00,Store_A
DEV_0009,28.617851,77.205137,2026-09-07 12:30:00,Store_A
DEV_0009,28.619661,77.216367,2026-09-07 12:32:00,Store_B
DEV_0009,28.614887,77.215795,2026-09-07 12:57:00,Store_B
DEV_0009,28.612258,77.206153,2026-09-07 13:25:00,Store_A
DEV_0009,28.61394,77.215623,2026-09-07 13:27:00,Store_B
DEV_0009,28.610838,77.210566,2026-09-07 13:32:00,Store_A
DEV_0009,28.617865,77.214569,2026-09-07 13:46:00,Store_B
DEV_0009,28.612433,77.209848,2026-09-07 14:05:00,Store_B
DEV_0009,28.613715,77.209751,2026-09-07 14:11:00,Store_A
DEV_0009,28.611075,77.20613,2026-09-07 14:19:00,Store_A
DEV_0009,28.61,77.211649,2026-09-07 14:33:00,Store_A
DEV_0009,28.616023,77.208758,2026-09-07 14:38:00,Store_A
DEV_0009,28.615761,77.21478,2026-09-07 14:53:00,Store_B
DEV_0009,28.612194,77.206247,2026-09-07 15:22:00,Store_A
DEV_0009,28.614733,77.206389,2026-09-07 15:28:00,Store_A
DEV_0009,28.613071,77.208389,2026-09-07 15:57:00,Store_A
DEV_0010,28.616433,77.215636,2026-09-01 06:30:00,Store_B
DEV_0010,28.617675,77.212389,2026-09-01 06:36:00,Store_B
DEV_0010,28.619785,77.213172,2026-09-01 06:41:00,Store_B
DEV_0010,28.613103,77.205448,2026-09-01 06:54:00,Store_A
DEV_0010,28.61648,77.212808,2026-09-01 07:14:00,Store_A
DEV_0010,28.616432,77.208747,2026-09-01 07:25:00,Store_A
DEV_0010,28.618618,77.210319,2026-09-01 07:51:00,Store_B
DEV_0010,28.617173,77.210558,2026-09-01 07:55:00,Store_B
DEV_0010,28.610522,77.209826,2026-09-01 08:23:00,Store_A
DEV_0010,28.612224,77.211258,2026-09-01 08:41:00,Store_B
DEV_0010,28.610423,77.209777,2026-09-01 09:06:00,Store_A
DEV_0010,28.613502,77.210614,2026-09-01 09:36:00,Store_B
DEV_0010,28.611823,77.20568,2026-09-01 09:55:00,Store_A
DEV_0010,28.61441,77.211322,2026-09-01 09:57:00,Store_A
DEV_0010,28.612417,77.212548,2026-09-01 09:58:00,Store_A
DEV_0010,28.618013,77.21667,2026-09-01 10:15:00,Store_B
DEV_0010,28.612416,77.208125,2026-09-01 10:27:00,Store_A
DEV_0010,28.615521,77.205779,2026-09-01 10:41:00,Store_A
DEV_0010,28.613917,77.2112,2026-09-01 10:42:00,Store_A
DEV_0010,28.615816,77.21595,2026-09-01 10:44:00,Store_B
DEV_0010,28.61329,77.214459,2026-09-01 10:47:00,Store_B
DEV_0010,28.617523,77.206853,2026-09-01 10:54:00,Store_A
DEV_0010,28.616051,77.206288,2026-09-01 11:11:00,Store_A
DEV_0010,28.61558,77.21005,2026-09-01 11:21:00,Store_B
DEV_0010,28.616988,77.216521,2026-09-01 11:23:00,Store_B
DEV_0010,28.613913,77.216976,2026-09-01 11:43:00,Store_B
DEV_0010,28.617564,77.209535,2026-09-01 11:59:00,Store_A
DEV_0010,28.616338,77.206141,2026-09-01 12:27:00,Store_A
DEV_0010,28.616377,77.216752,2026-09-01 12:53:00,Store_B
DEV_0010,28.613891,77.208638,2026-09-01 12:59:00,Store_A
DEV_0010,28.613292,77.211241,2026-09-01 13:11:00,Store_B
DEV_0010,28.612714,77.210433,2026-09-01 13:36:00,Store_B
DEV_0010,28.614064,77.212786,2026-09-01 13:45:00,Store_B
DEV_0010,28.617202,77.210124,2026-09-01 13:49:00,Store_B
DEV_0010,28.612317,77.215872,2026-09-01 14:02:00,Store_B
DEV_0010,28.618856,77.216337,2026-09-01 14:07:00,Store_B
DEV_0010,28.614934,77.215759,2026-09-01 14:18:00,Store_B
DEV_0010,28.612668,77.212306,2026-09-01 14:33:00,Store_B
DEV_0010,28.619019,77.21693,2026-09-01 14:35:00,Store_B
DEV_0010,28.615828,77.206959,2026-09-01 15:02:00,Store_A
DEV_0010,28.611136,77.205842,2026-09-02 06:13:00,Store_A
DEV_0010,28.614461,77.211831,2026-09-02 06:21:00,Store_A
DEV_0010,28.618993,77.214353,2026-09-02 06:33:00,Store_B
DEV_0010,28.615748,77.213281,2026-09-02 07:00:00,Store_B
DEV_0010,28.612873,77.210442,2026-09-02 07:04:00,Store_B
DEV_0010,28.618146,77.210596,2026-09-02 07:15:00,Store_B
DEV_0010,28.612438,77.212972,2026-09-02 07:31:00,Store_A
DEV_0010,28.615518,77.20881,2026-09-02 07:40:00,Store_A
DEV_0010,28.612306,77.210246,2026-09-02 07:56:00,Store_B
DEV_0010,28.615022,77.207561,2026-09-02 07:58:00,Store_A
DEV_0010,28.612499,77.215468,2026-09-02 08:24:00,Store_B
DEV_0010,28.619828,77.210707,2026-09-02 08:31:00,Store_B
DEV_0010,28.617521,77.210469,2026-09-02 08:40:00,Store_A
DEV_0010,28.617085,77.209669,2026-09-02 08:43:00,Store_B
DEV_0010,28.615241,77.211387,2026-09-02 09:06:00,Store_B
DEV_0010,28.61897,77.213198,2026-09-02 09:28:00,Store_B
DEV_0010,28.613473,77.20943,2026-09-02 09:57:00,Store_B
DEV_0010,28.614736,77.215025,2026-09-02 10:03:00,Store_B
DEV_0010,28.612694,77.208353,2026-09-02 10:19:00,Store_A
DEV_0010,28.617625,77.208494,2026-09-02 10:49:00,Store_A
DEV_0010,28.618584,77.213487,2026-09-02 11:18:00,Store_B
DEV_0010,28.610522,77.210344,2026-09-02 11:38:00,Store_A
DEV_0010,28.61249,77.212891,2026-09-02 12:02:00,Store_A
DEV_0010,28.612113,77.216172,2026-09-02 12:32:00,Store_B
DEV_0010,28.613896,77.207531,2026-09-02 12:58:00,Store_A
DEV_0010,28.614102,77.214778,2026-09-02 13:13:00,Store_B
DEV_0010,28.614974,77.210111,2026-09-02 13:32:00,Store_A
DEV_0010,28.610192,77.210966,2026-09-02 13:39:00,Store_A
DEV_0010,28.617572,77.215195,2026-09-02 13:59:00,Store_B
DEV_0010,28.613729,77.210678,2026-09-02 14:06:00,Store_B
DEV_0010,28.612862,77.20791,2026-09-02 14:16:00,Store_A
DEV_0010,28.616017,77.215942,2026-09-02 14:39:00,Store_B
DEV_0010,28.617191,77.212648,2026-09-02 14:53:00,Store_B
DEV_0010,28.614818,77.21334,2026-09-02 15:10:00,Store_B
DEV_0010,28.612907,77.210407,2026-09-02 15:24:00,Store_B
DEV_0010,28.613415,77.213759,2026-09-02 15:42:00,Store_B
DEV_0010,28.615053,77.215761,2026-09-02 16:05:00,Store_B
DEV_0010,28.617073,77.214617,2026-09-02 16:35:00,Store_B
DEV_0010,28.617863,77.211448,2026-09-02 16:39:00,Store_A
DEV_0010,28.615097,77.20993,2026-09-02 16:53:00,Store_A
DEV_0010,28.613871,77.211014,2026-09-03 06:30:00,Store_A
DEV_0010,28.614968,77.209027,2026-09-03 06:56:00,Store_A
DEV_0010,28.615242,77.211814,2026-09-03 07:03:00,Store_A
DEV_0010,28.616115,77.209413,2026-09-03 07:07:00,Store_A
DEV_0010,28.616751,77.212604,2026-09-03 07:19:00,Store_A
DEV_0010,28.615303,77.215563,2026-09-03 07:42:00,Store_B
DEV_0010,28.612061,77.211997,2026-09-03 07:50:00,Store_B
DEV_0010,28.614141,77.214269,2026-09-03 08:00:00,Store_B
DEV_0010,28.617386,77.209033,2026-09-03 08:30:00,Store_B
DEV_0010,28.612261,77.20921,2026-09-03 08:56:00,Store_B
DEV_0010,28.618726,77.213152,2026-09-03 09:20:00,Store_B
DEV_0010,28.614681,77.216673,2026-09-03 09:34:00,Store_B
DEV_0010,28.614346,77.208131,2026-09-03 09:54:00,Store_A
DEV_0010,28.618628,77.215411,2026-09-03 10:13:00,Store_B
DEV_0010,28.613031,77.21409,2026-09-03 10:37:00,Store_B
DEV_0010,28.613125,77.207545,2026-09-03 10:43:00,Store_A
DEV_0010,28.613848,77.21468,2026-09-03 10:48:00,Store_B
DEV_0010,28.614952,77.211274,2026-09-03 11:15:00,Store_A
DEV_0010,28.618699,77.210272,2026-09-03 11:26:00,Store_B
DEV_0010,28.610646,77.205205,2026-09-03 11:27:00,Store_A
DEV_0010,28.610123,77.210661,2026-09-03 11:57:00,Store_A
DEV_0010,28.614474,77.205202,2026-09-03 12:21:00,Store_A
DEV_0010,28.617767,77.210076,2026-09-03 12:46:00,Store_A
DEV_0010,28.613492,77.21422,2026-09-03 12:54:00,Store_B
DEV_0010,28.613551,77.215724,2026-09-03 13:18:00,Store_B
DEV_0010,28.618163,77.214274,2026-09-03 13:27:00,Store_B
DEV_0010,28.61738,77.21002,2026-09-03 13:48:00,Store_A
DEV_0010,28.610787,77.212418,2026-09-03 13:52:00,Store_A
DEV_0010,28.611035,77.207096,2026-09-03 13:58:00,Store_A
DEV_0010,28.610519,77.211757,2026-09-03 14:28:00,Store_A
DEV_0010,28.613026,77.208928,2026-09-03 14:29:00,Store_A
DEV_0010,28.612589,77.216674,2026-09-03 14:32:00,Store_B
DEV_0010,28.615399,77.208002,2026-09-03 14:43:00,Store_A
DEV_0010,28.618468,77.210438,2026-09-03 14:44:00,Store_B
DEV_0010,28.615177,77.21005,2026-09-03 15:12:00,Store_A
DEV_0010,28.610838,77.207742,2026-09-03 15:24:00,Store_A
DEV_0010,28.619959,77.2138,2026-09-03 15:25:00,Store_B
DEV_0010,28.614074,77.207036,2026-09-03 15:29:00,Store_A
DEV_0010,28.614749,77.209288,2026-09-03 15:46:00,Store_A
DEV_0010,28.61163,77.207919,2026-09-03 16:15:00,Store_A
DEV_0010,28.610136,77.206109,2026-09-04 06:03:00,Store_A
DEV_0010,28.612041,77.208853,2026-09-04 06:06:00,Store_A
DEV_0010,28.617665,77.214215,2026-09-04 06:21:00,Store_B
DEV_0010,28.615488,77.216571,2026-09-04 06:51:00,Store_B
DEV_0010,28.611901,77.206583,2026-09-04 07:19:00,Store_A
DEV_0010,28.619695,77.209823,2026-09-04 07:45:00,Store_B
DEV_0010,28.613325,77.210647,2026-09-04 08:09:00,Store_B
DEV_0010,28.615468,77.212569,2026-09-04 08:29:00,Store_B
DEV_0010,28.618527,77.213983,2026-09-04 08:49:00,Store_B
DEV_0010,28.615435,77.213537,2026-09-04 09:01:00,Store_B
DEV_0010,28.613495,77.212116,2026-09-04 09:18:00,Store_A
DEV_0010,28.616695,77.211348,2026-09-04 09:45:00,Store_B
DEV_0010,28.615186,77.209917,2026-09-04 10:11:00,Store_B
DEV_0010,28.615435,77.210487,2026-09-04 10:19:00,Store_B
DEV_0010,28.611621,77.207973,2026-09-04 10:24:00,Store_A
DEV_0010,28.612978,77.211549,2026-09-04 10:25:00,Store_B
DEV_0010,28.61371,77.21354,2026-09-04 10:36:00,Store_B
DEV_0010,28.614393,77.208085,2026-09-04 10:56:00,Store_A
DEV_0010,28.614118,77.205823,2026-09-04 11:05:00,Store_A
DEV_0010,28.614492,77.21017,2026-09-04 11:27:00,Store_A
DEV_0010,28.614542,77.211561,2026-09-04 11:34:00,Store_B
DEV_0010,28.616322,77.208989,2026-09-04 11:43:00,Store_A
DEV_0010,28.612954,77.212622,2026-09-04 12:03:00,Store_B
DEV_0010,28.616729,77.210891,2026-09-04 12:04:00,Store_B
DEV_0010,28.612143,77.215266,2026-09-04 12:23:00,Store_B
DEV_0010,28.617193,77.207275,2026-09-04 12:50:00,Store_A
DEV_0010,28.612296,77.213268,2026-09-04 13:07:00,Store_B
DEV_0010,28.612599,77.20513,2026-09-04 13:23:00,Store_A
DEV_0010,28.616539,77.208321,2026-09-04 13:33:00,Store_A
DEV_0010,28.614538,77.211767,2026-09-04 13:36:00,Store_B
DEV_0010,28.615951,77.209377,2026-09-04 13:46:00,Store_B
DEV_0010,28.615947,77.214129,2026-09-04 14:16:00,Store_B
DEV_0010,28.616645,77.212502,2026-09-04 14:20:00,Store_A
DEV_0010,28.611692,77.211604,2026-09-04 14:25:00,Store_A
DEV_0010,28.617848,77.211891,2026-09-04 14:49:00,Store_A
DEV_0010,28.613811,77.209704,2026-09-04 15:13:00,Store_B
DEV_0010,28.618529,77.2133,2026-09-04 15:14:00,Store_B
DEV_0010,28.611978,77.21128,2026-09-04 15:18:00,Store_A
DEV_0010,28.617477,77.2056,2026-09-04 15:29:00,Store_A
DEV_0010,28.614159,77.210363,2026-09-04 15:34:00,Store_B
DEV_0010,28.612959,77.211555,2026-09-05 06:05:00,Store_B
DEV_0010,28.617095,77.214346,2026-09-05 06:22:00,Store_B
DEV_0010,28.614523,77.21029,2026-09-05 06:31:00,Store_A
DEV_0010,28.618181,77.212862,2026-09-05 06:34:00,Store_B
DEV_0010,28.61813,77.214691,2026-09-05 06:46:00,Store_B
DEV_0010,28.615176,77.210882,2026-09-05 06:53:00,Store_A
DEV_0010,28.610501,77.208957,2026-09-05 07:00:00,Store_A
DEV_0010,28.615264,77.208745,2026-09-05 07:13:00,Store_A
DEV_0010,28.613801,77.207724,2026-09-05 07:40:00,Store_A
DEV_0010,28.618084,77.211495,2026-09-05 07:55:00,Store_B
DEV_0010,28.616682,77.205845,2026-09-05 08:00:00,Store_A
DEV_0010,28.617234,77.208085,2026-09-05 08:15:00,Store_A
DEV_0010,28.61614,77.206504,2026-09-05 08:24:00,Store_A
DEV_0010,28.613314,77.211457,2026-09-05 08:52:00,Store_B
DEV_0010,28.611078,77.21201,2026-09-05 09:16:00,Store_A
DEV_0010,28.611824,77.212153,2026-09-05 09:22:00,Store_A
DEV_0010,28.612229,77.214295,2026-09-05 09:37:00,Store_B
DEV_0010,28.614125,77.216415,2026-09-05 09:40:00,Store_B
DEV_0010,28.615452,77.210205,2026-09-05 09:57:00,Store_B
DEV_0010,28.616063,77.209425,2026-09-05 10:06:00,Store_B
DEV_0010,28.612783,77.214189,2026-09-05 10:30:00,Store_B
DEV_0010,28.613551,77.210516,2026-09-05 10:36:00,Store_B
DEV_0010,28.616237,77.212949,2026-09-05 10:50:00,Store_B
DEV_0010,28.615349,77.210171,2026-09-05 10:54:00,Store_A
DEV_0010,28.610822,77.21216,2026-09-05 11:13:00,Store_A
DEV_0010,28.61391,77.213257,2026-09-05 11:22:00,Store_B
DEV_0010,28.616961,77.210596,2026-09-05 11:35:00,Store_A
DEV_0010,28.615143,77.210759,2026-09-05 12:02:00,Store_B
DEV_0010,28.615961,77.210368,2026-09-05 12:09:00,Store_B
DEV_0010,28.617095,77.214647,2026-09-05 12:19:00,Store_B
DEV_0010,28.610654,77.209026,2026-09-05 12:42:00,Store_A
DEV_0010,28.617913,77.215821,2026-09-05 13:05:00,Store_B
DEV_0010,28.611262,77.210452,2026-09-05 13:11:00,Store_A
DEV_0010,28.612557,77.208642,2026-09-05 13:12:00,Store_A
DEV_0010,28.615423,77.209167,2026-09-05 13:21:00,Store_B
DEV_0010,28.611266,77.211082,2026-09-05 13:22:00,Store_A
DEV_0010,28.619756,77.213665,2026-09-05 13:38:00,Store_B
DEV_0010,28.613681,77.205361,2026-09-05 13:39:00,Store_A
DEV_0010,28.618683,77.213202,2026-09-05 13:45:00,Store_B
DEV_0010,28.616102,77.2058,2026-09-05 14:11:00,Store_A
DEV_0010,28.615621,77.214879,2026-09-06 06:18:00,Store_B
DEV_0010,28.617307,77.211028,2026-09-06 06:33:00,Store_B
DEV_0010,28.616522,77.207409,2026-09-06 06:44:00,Store_A
DEV_0010,28.612902,77.214486,2026-09-06 07:08:00,Store_B
DEV_0010,28.611083,77.208283,2026-09-06 07:16:00,Store_A
DEV_0010,28.612758,77.205247,2026-09-06 07:35:00,Store_A
DEV_0010,28.614875,77.214955,2026-09-06 07:42:00,Store_B
DEV_0010,28.61711,77.216724,2026-09-06 08:11:00,Store_B
DEV_0010,28.619899,77.216009,2026-09-06 08:17:00,Store_B
DEV_0010,28.619283,77.211791,2026-09-06 08:28:00,Store_B
DEV_0010,28.616713,77.216562,2026-09-06 08:37:00,Store_B
DEV_0010,28.613525,77.213636,2026-09-06 09:00:00,Store_B
DEV_0010,28.618673,77.209984,2026-09-06 09:26:00,Store_B
DEV_0010,28.616533,77.21534,2026-09-06 09:38:00,Store_B
DEV_0010,28.612882,77.209067,2026-09-06 10:08:00,Store_B
DEV_0010,28.613631,77.206202,2026-09-06 10:18:00,Store_A
DEV_0010,28.612329,77.207306,2026-09-06 10:44:00,Store_A
DEV_0010,28.612125,77.209328,2026-09-06 10:54:00,Store_B
DEV_0010,28.610326,77.207447,2026-09-06 11:08:00,Store_A
DEV_0010,28.617282,77.209005,2026-09-06 11:17:00,Store_B
DEV_0010,28.612702,77.207266,2026-09-06 11:45:00,Store_A
DEV_0010,28.617529,77.210706,2026-09-06 11:50:00,Store_A
DEV_0010,28.613356,77.212346,2026-09-06 12:00:00,Store_A
DEV_0010,28.610157,77.212463,2026-09-06 12:08:00,Store_A
DEV_0010,28.615381,77.216735,2026-09-06 12:12:00,Store_B
DEV_0010,28.619362,77.213776,2026-09-06 12:18:00,Store_B
DEV_0010,28.617431,77.21158,2026-09-06 12:37:00,Store_B
DEV_0010,28.615367,77.206596,2026-09-06 12:42:00,Store_A
DEV_0010,28.616434,77.211408,2026-09-06 12:45:00,Store_B
DEV_0010,28.616533,77.214027,2026-09-06 13:03:00,Store_B
DEV_0010,28.612908,77.212007,2026-09-06 13:17:00,Store_A
DEV_0010,28.611009,77.208535,2026-09-06 13:28:00,Store_A
DEV_0010,28.615747,77.212421,2026-09-06 13:42:00,Store_B
DEV_0010,28.61569,77.2163,2026-09-06 13:43:00,Store_B
DEV_0010,28.612707,77.210125,2026-09-06 14:13:00,Store_B
DEV_0010,28.618293,77.213643,2026-09-06 14:25:00,Store_B
DEV_0010,28.614867,77.212199,2026-09-06 14:54:00,Store_A
DEV_0010,28.612428,77.215761,2026-09-06 14:59:00,Store_B
DEV_0010,28.617361,77.212702,2026-09-06 15:24:00,Store_B
DEV_0010,28.618714,77.209677,2026-09-06 15:33:00,Store_B
DEV_0010,28.612568,77.205779,2026-09-07 06:10:00,Store_A
DEV_0010,28.617525,77.215915,2026-09-07 06:14:00,Store_B
DEV_0010,28.615513,77.20913,2026-09-07 06:32:00,Store_A
DEV_0010,28.613091,77.21616,2026-09-07 06:53:00,Store_B
DEV_0010,28.612307,77.207487,2026-09-07 07:23:00,Store_A
DEV_0010,28.616345,77.209989,2026-09-07 07:30:00,Store_A
DEV_0010,28.610437,77.206224,2026-09-07 07:59:00,Store_A
DEV_0010,28.614059,77.206978,2026-09-07 08:03:00,Store_A
DEV_0010,28.612197,77.213046,2026-09-07 08:16:00,Store_B
DEV_0010,28.617308,77.207399,2026-09-07 08:32:00,Store_A
DEV_0010,28.616462,77.211734,2026-09-07 08:50:00,Store_A
DEV_0010,28.618573,77.214451,2026-09-07 09:18:00,Store_B
DEV_0010,28.613359,77.21009,2026-09-07 09:24:00,Store_A
DEV_0010,28.616448,77.21026,2026-09-07 09:30:00,Store_A
DEV_0010,28.613709,77.20732,2026-09-07 09:52:00,Store_A
DEV_0010,28.617573,77.208944,2026-09-07 10:14:00,Store_A
DEV_0010,28.61513,77.214581,2026-09-07 10:18:00,Store_B
DEV_0010,28.615335,77.212399,2026-09-07 10:19:00,Store_B
DEV_0010,28.615657,77.213514,2026-09-07 10:20:00,Store_B
DEV_0010,28.612273,77.214203,2026-09-07 10:42:00,Store_B
DEV_0010,28.612341,77.216256,2026-09-07 10:47:00,Store_B
DEV_0010,28.619059,77.212667,2026-09-07 10:48:00,Store_B
DEV_0010,28.612762,77.211847,2026-09-07 11:05:00,Store_A
DEV_0010,28.612691,77.21065,2026-09-07 11:18:00,Store_A
DEV_0010,28.611296,77.206211,2026-09-07 11:39:00,Store_A
DEV_0010,28.615676,77.215869,2026-09-07 11:44:00,Store_B
DEV_0010,28.61828,77.214268,2026-09-07 12:14:00,Store_B
DEV_0010,28.612546,77.215715,2026-09-07 12:30:00,Store_B
DEV_0010,28.6197,77.213847,2026-09-07 12:36:00,Store_B
DEV_0010,28.613035,77.211593,2026-09-07 12:55:00,Store_B
DEV_0010,28.616676,77.215639,2026-09-07 12:58:00,Store_B
DEV_0010,28.610136,77.210863,2026-09-07 13:06:00,Store_A
DEV_0010,28.615222,77.208995,2026-09-07 13:28:00,Store_A
DEV_0010,28.614589,77.210852,2026-09-07 13:53:00,Store_B
DEV_0010,28.610743,77.212046,2026-09-07 14:17:00,Store_A
DEV_0010,28.618047,77.21236,2026-09-07 14:20:00,Store_B
DEV_0010,28.614795,77.205916,2026-09-07 14:48:00,Store_A
DEV_0010,28.613432,77.207995,2026-09-07 15:09:00,Store_A
DEV_0010,28.617288,77.207569,2026-09-07 15:32:00,Store_A
DEV_0010,28.615021,77.216911,2026-09-07 15:51:00,Store_B
DEV_0011,28.611466,77.208929,2026-09-01 06:22:00,Store_A
DEV_0011,28.613804,77.214937,2026-09-01 06:36:00,Store_B
DEV_0011,28.610588,77.205194,2026-09-01 06:58:00,Store_A
DEV_0011,28.611528,77.21148,2026-09-01 07:27:00,Store_A
DEV_0011,28.612776,77.208264,2026-09-01 07:45:00,Store_A
DEV_0011,28.612626,77.210459,2026-09-01 08:15:00,Store_A
DEV_0011,28.613521,77.21066,2026-09-01 08:42:00,Store_B
DEV_0011,28.616007,77.211852,2026-09-01 09:11:00,Store_B
DEV_0011,28.616313,77.208511,2026-09-01 09:32:00,Store_A
DEV_0011,28.618992,77.213553,2026-09-01 09:37:00,Store_B
DEV_0011,28.612807,77.21299,2026-09-01 09:39:00,Store_B
DEV_0011,28.61218,77.215571,2026-09-01 09:49:00,Store_B
DEV_0011,28.615123,77.211863,2026-09-01 10:17:00,Store_B
DEV_0011,28.617645,77.205598,2026-09-01 10:36:00,Store_A
DEV_0011,28.616726,77.212454,2026-09-01 10:53:00,Store_A
DEV_0011,28.615194,77.209453,2026-09-01 11:16:00,Store_B
DEV_0011,28.614562,77.212495,2026-09-01 11:25:00,Store_A
DEV_0011,28.610158,77.208371,2026-09-01 11:32:00,Store_A
DEV_0011,28.619104,77.209475,2026-09-01 11:39:00,Store_B
DEV_0011,28.619393,77.214307,2026-09-01 12:08:00,Store_B
DEV_0011,28.611785,77.205583,2026-09-01 12:27:00,Store_A
DEV_0011,28.612667,77.205566,2026-09-01 12:41:00,Store_A
DEV_0011,28.617,77.20883,2026-09-01 12:46:00,Store_A
DEV_0011,28.617787,77.209832,2026-09-01 13:02:00,Store_B
DEV_0011,28.615103,77.208452,2026-09-01 13:12:00,Store_A
DEV_0011,28.610072,77.205443,2026-09-01 13:37:00,Store_A
DEV_0011,28.614173,77.211882,2026-09-01 13:59:00,Store_A
DEV_0011,28.61432,77.205417,2026-09-01 14:24:00,Store_A
DEV_0011,28.617564,77.212438,2026-09-01 14:38:00,Store_B
DEV_0011,28.610825,77.205944,2026-09-01 14:58:00,Store_A
DEV_0011,28.614814,77.211745,2026-09-01 15:28:00,Store_B
DEV_0011,28.611805,77.205736,2026-09-01 15:29:00,Store_A
DEV_0011,28.613205,77.211021,2026-09-01 15:55:00,Store_A
DEV_0011,28.617828,77.205119,2026-09-01 16:19:00,Store_A
DEV_0011,28.616401,77.205613,2026-09-01 16:24:00,Store_A
DEV_0011,28.613445,77.20935,2026-09-01 16:36:00,Store_B
DEV_0011,28.617885,77.206038,2026-09-01 16:49:00,Store_A
DEV_0011,28.617261,77.214253,2026-09-01 16:52:00,Store_B
DEV_0011,28.619507,77.210647,2026-09-01 17:15:00,Store_B
DEV_0011,28.619181,77.21587,2026-09-01 17:30:00,Store_B
DEV_0011,28.619531,77.215242,2026-09-02 06:10:00,Store_B
DEV_0011,28.614115,77.20714,2026-09-02 06:33:00,Store_A
DEV_0011,28.610332,77.212203,2026-09-02 06:56:00,Store_A
DEV_0011,28.614238,77.210628,2026-09-02 07:01:00,Store_B
DEV_0011,28.61234,77.209424,2026-09-02 07:05:00,Store_A
DEV_0011,28.617799,77.215304,2026-09-02 07:07:00,Store_B
DEV_0011,28.615487,77.210199,2026-09-02 07:22:00,Store_A
DEV_0011,28.61007,77.211691,2026-09-02 07:31:00,Store_A
DEV_0011,28.616706,77.211403,2026-09-02 07:34:00,Store_B
DEV_0011,28.612133,77.209878,2026-09-02 07:50:00,Store_A
DEV_0011,28.616802,77.208077,2026-09-02 07:52:00,Store_A
DEV_0011,28.611546,77.206475,2026-09-02 08:06:00,Store_A
DEV_0011,28.615183,77.20525,2026-09-02 08:31:00,Store_A
DEV_0011,28.619498,77.21628,2026-09-02 08:56:00,Store_B
DEV_0011,28.619382,77.21626,2026-09-02 09:22:00,Store_B
DEV_0011,28.615958,77.207728,2026-09-02 09:49:00,Store_A
DEV_0011,28.618926,77.215261,2026-09-02 10:19:00,Store_B
DEV_0011,28.616359,77.209426,2026-09-02 10:43:00,Store_A
DEV_0011,28.618868,77.216504,2026-09-02 10:58:00,Store_B
DEV_0011,28.616581,77.213546,2026-09-02 11:15:00,Store_B
DEV_0011,28.6133,77.21205,2026-09-02 11:39:00,Store_B
DEV_0011,28.610955,77.205121,2026-09-02 12:05:00,Store_A
DEV_0011,28.612684,77.210999,2026-09-02 12:23:00,Store_B
DEV_0011,28.6147,77.212157,2026-09-02 12:43:00,Store_B
DEV_0011,28.614894,77.214274,2026-09-02 13:09:00,Store_B
DEV_0011,28.610894,77.209548,2026-09-02 13:20:00,Store_A
DEV_0011,28.618781,77.21255,2026-09-02 13:21:00,Store_B
DEV_0011,28.612071,77.209296,2026-09-02 13:33:00,Store_B
DEV_0011,28.617102,77.213453,2026-09-02 13:47:00,Store_B
DEV_0011,28.614537,77.205636,2026-09-02 14:16:00,Store_A
DEV_0011,28.619626,77.212524,2026-09-02 14:25:00,Store_B
DEV_0011,28.614076,77.212959,2026-09-02 14:33:00,Store_B
DEV_0011,28.611075,77.209944,2026-09-02 14:35:00,Store_A
DEV_0011,28.610816,77.205308,2026-09-02 14:57:00,Store_A
DEV_0011,28.616639,77.209336,2026-09-02 15:20:00,Store_B
DEV_0011,28.610387,77.210716,2026-09-02 15:29:00,Store_A
DEV_0011,28.612129,77.215759,2026-09-02 15:57:00,Store_B
DEV_0011,28.616324,77.209358,2026-09-02 16:05:00,Store_B
DEV_0011,28.612873,77.213056,2026-09-02 16:09:00,Store_B
DEV_0011,28.611796,77.207606,2026-09-02 16:21:00,Store_A
DEV_0011,28.612571,77.212412,2026-09-03 06:10:00,Store_B
DEV_0011,28.610098,77.209856,2026-09-03 06:22:00,Store_A
DEV_0011,28.619801,77.216179,2026-09-03 06:34:00,Store_B
DEV_0011,28.61954,77.211353,2026-09-03 06:35:00,Store_B
DEV_0011,28.612846,77.207327,2026-09-03 06:40:00,Store_A
DEV_0011,28.61075,77.206692,2026-09-03 06:51:00,Store_A
DEV_0011,28.61952,77.212031,2026-09-03 07:10:00,Store_B
DEV_0011,28.615156,77.206201,2026-09-03 07:35:00,Store_A
DEV_0011,28.617541,77.212669,2026-09-03 07:43:00,Store_A
DEV_0011,28.616312,77.20997,2026-09-03 08:12:00,Store_B
DEV_0011,28.614757,77.210274,2026-09-03 08:29:00,Store_A
DEV_0011,28.614536,77.21056,2026-09-03 08:48:00,Store_B
DEV_0011,28.619289,77.211629,2026-09-03 09:14:00,Store_B
DEV_0011,28.613847,77.211519,2026-09-03 09:18:00,Store_B
DEV_0011,28.61346,77.212661,2026-09-03 09:32:00,Store_A
DEV_0011,28.612638,77.213484,2026-09-03 09:35:00,Store_B
DEV_0011,28.617227,77.213842,2026-09-03 09:50:00,Store_B
DEV_0011,28.613838,77.215623,2026-09-03 09:55:00,Store_B
DEV_0011,28.616112,77.208261,2026-09-03 10:14:00,Store_A
DEV_0011,28.614744,77.211367,2026-09-03 10:25:00,Store_A
DEV_0011,28.612944,77.212268,2026-09-03 10:42:00,Store_B
DEV_0011,28.614508,77.210061,2026-09-03 11:07:00,Store_A
DEV_0011,28.617099,77.212011,2026-09-03 11:08:00,Store_A
DEV_0011,28.610866,77.207107,2026-09-03 11:26:00,Store_A
DEV_0011,28.617943,77.210011,2026-09-03 11:28:00,Store_B
DEV_0011,28.612191,77.210335,2026-09-03 11:31:00,Store_B
DEV_0011,28.614019,77.209234,2026-09-03 11:44:00,Store_A
DEV_0011,28.614835,77.212219,2026-09-03 12:02:00,Store_B
DEV_0011,28.615596,77.205952,2026-09-03 12:31:00,Store_A
DEV_0011,28.616732,77.213933,2026-09-03 12:55:00,Store_B
DEV_0011,28.61049,77.212366,2026-09-03 13:10:00,Store_A
DEV_0011,28.617047,77.214926,2026-09-03 13:24:00,Store_B
DEV_0011,28.618061,77.214601,2026-09-03 13:48:00,Store_B
DEV_0011,28.61569,77.209716,2026-09-03 14:15:00,Store_A
DEV_0011,28.611118,77.205062,2026-09-03 14:34:00,Store_A
DEV_0011,28.617391,77.212628,2026-09-03 14:45:00,Store_B
DEV_0011,28.613414,77.21478,2026-09-03 14:54:00,Store_B
DEV_0011,28.611758,77.208946,2026-09-03 14:56:00,Store_A
DEV_0011,28.614282,77.212073,2026-09-03 15:21:00,Store_B
DEV_0011,28.617528,77.205335,2026-09-03 15:45:00,Store_A
DEV_0011,28.613344,77.207226,2026-09-04 06:29:00,Store_A
DEV_0011,28.612796,77.211278,2026-09-04 06:33:00,Store_B
DEV_0011,28.614191,77.212511,2026-09-04 07:02:00,Store_B
DEV_0011,28.612208,77.212342,2026-09-04 07:22:00,Store_A
DEV_0011,28.617296,77.210331,2026-09-04 07:27:00,Store_A
DEV_0011,28.611555,77.21171,2026-09-04 07:52:00,Store_A
DEV_0011,28.610119,77.21222,2026-09-04 08:21:00,Store_A
DEV_0011,28.609953,77.21166,2026-09-04 08:22:00,Store_A
DEV_0011,28.613625,77.216534,2026-09-04 08:41:00,Store_B
DEV_0011,28.617857,77.213167,2026-09-04 09:08:00,Store_B
DEV_0011,28.61436,77.209877,2026-09-04 09:31:00,Store_B
DEV_0011,28.613455,77.208458,2026-09-04 09:40:00,Store_A
DEV_0011,28.616816,77.212945,2026-09-04 10:04:00,Store_A
DEV_0011,28.617648,77.211429,2026-09-04 10:28:00,Store_A
DEV_0011,28.615719,77.207617,2026-09-04 10:45:00,Store_A
DEV_0011,28.614209,77.214045,2026-09-04 11:02:00,Store_B
DEV_0011,28.615554,77.207518,2026-09-04 11:32:00,Store_A
DEV_0011,28.613367,77.212459,2026-09-04 11:58:00,Store_A
DEV_0011,28.613523,77.213465,2026-09-04 12:25:00,Store_B
DEV_0011,28.617493,77.210018,2026-09-04 12:33:00,Store_A
DEV_0011,28.614591,77.211977,2026-09-04 12:41:00,Store_A
DEV_0011,28.612022,77.206211,2026-09-04 13:08:00,Store_A
DEV_0011,28.615768,77.207261,2026-09-04 13:15:00,Store_A
DEV_0011,28.617507,77.211857,2026-09-04 13:39:00,Store_A
DEV_0011,28.609926,77.205538,2026-09-04 13:57:00,Store_A
DEV_0011,28.61558,77.205311,2026-09-04 14:20:00,Store_A
DEV_0011,28.616907,77.214048,2026-09-04 14:28:00,Store_B
DEV_0011,28.615874,77.214256,2026-09-04 14:34:00,Store_B
DEV_0011,28.618726,77.216,2026-09-04 14:56:00,Store_B
DEV_0011,28.615922,77.21404,2026-09-04 15:16:00,Store_B
DEV_0011,28.616347,77.211363,2026-09-04 15:24:00,Store_B
DEV_0011,28.617603,77.212175,2026-09-04 15:49:00,Store_A
DEV_0011,28.615357,77.212577,2026-09-04 15:57:00,Store_B
DEV_0011,28.612927,77.212718,2026-09-04 16:08:00,Store_B
DEV_0011,28.612681,77.208185,2026-09-04 16:13:00,Store_A
DEV_0011,28.618721,77.215912,2026-09-04 16:33:00,Store_B
DEV_0011,28.617498,77.209232,2026-09-04 16:42:00,Store_B
DEV_0011,28.617018,77.211263,2026-09-04 16:44:00,Store_A
DEV_0011,28.614093,77.211541,2026-09-04 16:57:00,Store_B
DEV_0011,28.615402,77.211086,2026-09-04 16:59:00,Store_B
DEV_0011,28.615884,77.210752,2026-09-05 06:21:00,Store_B
DEV_0011,28.612368,77.208278,2026-09-05 06:40:00,Store_A
DEV_0011,28.614188,77.211236,2026-09-05 06:44:00,Store_A
DEV_0011,28.613034,77.213318,2026-09-05 07:08:00,Store_B
DEV_0011,28.616319,77.205722,2026-09-05 07:31:00,Store_A
DEV_0011,28.619298,77.215135,2026-09-05 07:49:00,Store_B
DEV_0011,28.615139,77.209149,2026-09-05 08:01:00,Store_A
DEV_0011,28.617782,77.211705,2026-09-05 08:14:00,Store_A
DEV_0011,28.612221,77.206291,2026-09-05 08:26:00,Store_A
DEV_0011,28.615307,77.213424,2026-09-05 08:34:00,Store_B
DEV_0011,28.610189,77.20516,2026-09-05 08:51:00,Store_A
DEV_0011,28.613912,77.211331,2026-09-05 08:53:00,Store_A
DEV_0011,28.612165,77.205194,2026-09-05 09:14:00,Store_A
DEV_0011,28.61017,77.210999,2026-09-05 09:41:00,Store_A
DEV_0011,28.617242,77.21005,2026-09-05 10:05:00,Store_B
DEV_0011,28.618896,77.209612,2026-09-05 10:22:00,Store_B
DEV_0011,28.612161,77.214941,2026-09-05 10:40:00,Store_B
DEV_0011,28.610664,77.209706,2026-09-05 10:53:00,Store_A
DEV_0011,28.616552,77.211874,2026-09-05 11:19:00,Store_A
DEV_0011,28.615401,77.214948,2026-09-05 11:29:00,Store_B
DEV_0011,28.615671,77.209797,2026-09-05 11:50:00,Store_B
DEV_0011,28.615013,77.212436,2026-09-05 11:58:00,Store_B
DEV_0011,28.616488,77.212867,2026-09-05 12:28:00,Store_B
DEV_0011,28.612959,77.212945,2026-09-05 12:52:00,Store_A
DEV_0011,28.619612,77.215102,2026-09-05 13:15:00,Store_B
DEV_0011,28.613518,77.209623,2026-09-05 13:16:00,Store_A
DEV_0011,28.61817,77.212577,2026-09-05 13:32:00,Store_B
DEV_0011,28.615043,77.207659,2026-09-05 13:58:00,Store_A
DEV_0011,28.610663,77.206354,2026-09-05 14:26:00,Store_A
DEV_0011,28.616747,77.209671,2026-09-05 14:39:00,Store_B
DEV_0011,28.616187,77.215717,2026-09-05 15:04:00,Store_B
DEV_0011,28.610371,77.208947,2026-09-05 15:18:00,Store_A
DEV_0011,28.617924,77.215675,2026-09-05 15:20:00,Store_B
DEV_0011,28.617512,77.21379,2026-09-05 15:48:00,Store_B
DEV_0011,28.612045,77.206674,2026-09-05 16:06:00,Store_A
DEV_0011,28.616365,77.211504,2026-09-05 16:27:00,Store_B
DEV_0011,28.612475,77.210671,2026-09-05 16:44:00,Store_A
DEV_0011,28.61727,77.208406,2026-09-05 16:47:00,Store_A
DEV_0011,28.613018,77.209109,2026-09-05 17:04:00,Store_B
DEV_0011,28.61123,77.208501,2026-09-05 17:08:00,Store_A
DEV_0011,28.616984,77.208961,2026-09-06 06:21:00,Store_A
DEV_0011,28.613119,77.215994,2026-09-06 06:35:00,Store_B
DEV_0011,28.612074,77.209941,2026-09-06 06:45:00,Store_B
DEV_0011,28.61618,77.213921,2026-09-06 06:57:00,Store_B
DEV_0011,28.611032,77.209186,2026-09-06 07:04:00,Store_A
DEV_0011,28.616155,77.21101,2026-09-06 07:19:00,Store_B
DEV_0011,28.61739,77.212417,2026-09-06 07:43:00,Store_A
DEV_0011,28.611214,77.210721,2026-09-06 07:59:00,Store_A
DEV_0011,28.612442,77.206434,2026-09-06 08:15:00,Store_A
DEV_0011,28.617846,77.205045,2026-09-06 08:38:00,Store_A
DEV_0011,28.611494,77.205751,2026-09-06 08:53:00,Store_A
DEV_0011,28.612758,77.214,2026-09-06 09:13:00,Store_B
DEV_0011,28.610434,77.210091,2026-09-06 09:42:00,Store_A
DEV_0011,28.61266,77.205113,2026-09-06 09:49:00,Store_A
DEV_0011,28.614274,77.216292,2026-09-06 10:03:00,Store_B
DEV_0011,28.614938,77.215136,2026-09-06 10:33:00,Store_B
DEV_0011,28.616489,77.214133,2026-09-06 10:40:00,Store_B
DEV_0011,28.614641,77.205824,2026-09-06 10:47:00,Store_A
DEV_0011,28.613427,77.213509,2026-09-06 10:52:00,Store_B
DEV_0011,28.614641,77.215176,2026-09-06 11:11:00,Store_B
DEV_0011,28.619733,77.214898,2026-09-06 11:31:00,Store_B
DEV_0011,28.613674,77.209021,2026-09-06 11:39:00,Store_B
DEV_0011,28.610631,77.211427,2026-09-06 11:44:00,Store_A
DEV_0011,28.611219,77.211997,2026-09-06 11:55:00,Store_A
DEV_0011,28.617068,77.205418,2026-09-06 12:12:00,Store_A
DEV_0011,28.615403,77.212774,2026-09-06 12:22:00,Store_B
DEV_0011,28.611826,77.208146,2026-09-06 12:47:00,Store_A
DEV_0011,28.61765,77.21184,2026-09-06 13:14:00,Store_B
DEV_0011,28.616245,77.216066,2026-09-06 13:41:00,Store_B
DEV_0011,28.617543,77.212564,2026-09-06 14:08:00,Store_A
DEV_0011,28.617691,77.215719,2026-09-06 14:26:00,Store_B
DEV_0011,28.615921,77.215312,2026-09-06 14:48:00,Store_B
DEV_0011,28.614363,77.208483,2026-09-06 15:00:00,Store_A
DEV_0011,28.610102,77.207925,2026-09-06 15:15:00,Store_A
DEV_0011,28.617828,77.21071,2026-09-06 15:33:00,Store_B
DEV_0011,28.61296,77.206432,2026-09-06 15:57:00,Store_A
DEV_0011,28.611467,77.207888,2026-09-06 16:04:00,Store_A
DEV_0011,28.61459,77.207628,2026-09-06 16:34:00,Store_A
DEV_0011,28.619326,77.213022,2026-09-06 16:35:00,Store_B
DEV_0011,28.612268,77.2112,2026-09-06 16:51:00,Store_B
DEV_0011,28.612351,77.214564,2026-09-07 06:09:00,Store_B
DEV_0011,28.617002,77.216769,2026-09-07 06:36:00,Store_B
DEV_0011,28.616805,77.212421,2026-09-07 06:56:00,Store_A
DEV_0011,28.615922,77.212788,2026-09-07 07:24:00,Store_B
DEV_0011,28.610206,77.205231,2026-09-07 07:53:00,Store_A
DEV_0011,28.615545,77.206415,2026-09-07 08:21:00,Store_A
DEV_0011,28.610563,77.211673,2026-09-07 08:25:00,Store_A
DEV_0011,28.613447,77.210685,2026-09-07 08:36:00,Store_A
DEV_0011,28.616763,77.20722,2026-09-07 09:04:00,Store_A
DEV_0011,28.615141,77.2109,2026-09-07 09:15:00,Store_A
DEV_0011,28.619182,77.210354,2026-09-07 09:34:00,Store_B
DEV_0011,28.616131,77.216524,2026-09-07 09:47:00,Store_B
DEV_0011,28.618702,77.214357,2026-09-07 09:50:00,Store_B
DEV_0011,28.6165,77.209012,2026-09-07 10:14:00,Store_A
DEV_0011,28.612672,77.212547,2026-09-07 10:23:00,Store_B
DEV_0011,28.61541,77.208274,2026-09-07 10:44:00,Store_A
DEV_0011,28.612389,77.209484,2026-09-07 10:48:00,Store_A
DEV_0011,28.61573,77.215689,2026-09-07 10:51:00,Store_B
DEV_0011,28.612705,77.216344,2026-09-07 10:57:00,Store_B
DEV_0011,28.611385,77.209729,2026-09-07 10:58:00,Store_A
DEV_0011,28.61621,77.20674,2026-09-07 11:10:00,Store_A
DEV_0011,28.61265,77.214794,2026-09-07 11:18:00,Store_B
DEV_0011,28.618698,77.214139,2026-09-07 11:47:00,Store_B
DEV_0011,28.615879,77.210905,2026-09-07 11:57:00,Store_A
DEV_0011,28.612934,77.207297,2026-09-07 12:06:00,Store_A
DEV_0011,28.61442,77.208312,2026-09-07 12:33:00,Store_A
DEV_0011,28.612082,77.206594,2026-09-07 12:43:00,Store_A
DEV_0011,28.61758,77.211116,2026-09-07 12:59:00,Store_B
DEV_0011,28.61663,77.211791,2026-09-07 13:20:00,Store_B
DEV_0011,28.618636,77.214496,2026-09-07 13:26:00,Store_B
DEV_0011,28.617497,77.209682,2026-09-07 13:31:00,Store_A
DEV_0011,28.61785,77.208471,2026-09-07 13:52:00,Store_A
DEV_0011,28.61366,77.214597,2026-09-07 14:09:00,Store_B
DEV_0011,28.612726,77.215187,2026-09-07 14:18:00,Store_B
DEV_0011,28.613642,77.205252,2026-09-07 14:22:00,Store_A
DEV_0011,28.613702,77.208738,2026-09-07 14:33:00,Store_A
DEV_0011,28.61651,77.214266,2026-09-07 15:02:00,Store_B
DEV_0011,28.612479,77.205837,2026-09-07 15:14:00,Store_A
DEV_0011,28.61117,77.208804,2026-09-07 15:25:00,Store_A
DEV_0011,28.611397,77.207864,2026-09-07 15:31:00,Store_A
DEV_0012,28.616374,77.215016,2026-09-01 06:15:00,Store_B
DEV_0012,28.616749,77.214556,2026-09-01 06:39:00,Store_B
DEV_0012,28.615789,77.210949,2026-09-01 07:03:00,Store_B
DEV_0012,28.616808,77.21286,2026-09-01 07:16:00,Store_B
DEV_0012,28.612321,77.216432,2026-09-01 07:24:00,Store_B
DEV_0012,28.613268,77.211193,2026-09-01 07:43:00,Store_A
DEV_0012,28.616745,77.210312,2026-09-01 07:49:00,Store_B
DEV_0012,28.619093,77.216722,2026-09-01 08:06:00,Store_B
DEV_0012,28.617512,77.209544,2026-09-01 08:11:00,Store_A
DEV_0012,28.615207,77.211309,2026-09-01 08:13:00,Store_A
DEV_0012,28.612374,77.211127,2026-09-01 08:39:00,Store_A
DEV_0012,28.61567,77.210323,2026-09-01 08:40:00,Store_B
DEV_0012,28.611503,77.206377,2026-09-01 08:50:00,Store_A
DEV_0012,28.611377,77.211862,2026-09-01 09:04:00,Store_A
DEV_0012,28.615693,77.206233,2026-09-01 09:22:00,Store_A
DEV_0012,28.61204,77.210275,2026-09-01 09:26:00,Store_B
DEV_0012,28.616399,77.212152,2026-09-01 09:33:00,Store_B
DEV_0012,28.617347,77.215651,2026-09-01 09:56:00,Store_B
DEV_0012,28.616004,77.205767,2026-09-01 10:01:00,Store_A
DEV_0012,28.618104,77.210068,2026-09-01 10:26:00,Store_B
DEV_0012,28.619184,77.215558,2026-09-01 10:50:00,Store_B
DEV_0012,28.616776,77.213273,2026-09-01 11:02:00,Store_B
DEV_0012,28.617359,77.216762,2026-09-01 11:03:00,Store_B
DEV_0012,28.616985,77.206425,2026-09-01 11:11:00,Store_A
DEV_0012,28.614898,77.213012,2026-09-01 11:12:00,Store_B
DEV_0012,28.619317,77.214165,2026-09-01 11:17:00,Store_B
DEV_0012,28.613504,77.21069,2026-09-01 11:31:00,Store_B
DEV_0012,28.612617,77.210232,2026-09-01 11:45:00,Store_A
DEV_0012,28.61218,77.208095,2026-09-01 12:12:00,Store_A
DEV_0012,28.612279,77.216668,2026-09-01 12:26:00,Store_B
DEV_0012,28.611208,77.210459,2026-09-01 12:53:00,Store_A
DEV_0012,28.613619,77.205661,2026-09-01 13:15:00,Store_A
DEV_0012,28.615147,77.208236,2026-09-01 13:41:00,Store_A
DEV_0012,28.611187,77.20603,2026-09-01 13:58:00,Store_A
DEV_0012,28.61749,77.209093,2026-09-01 14:19:00,Store_B
DEV_0012,28.61538,77.209436,2026-09-01 14:33:00,Store_B
DEV_0012,28.617937,77.209928,2026-09-01 14:59:00,Store_B
DEV_0012,28.616016,77.215248,2026-09-01 15:22:00,Store_B
DEV_0012,28.618753,77.216774,2026-09-01 15:26:00,Store_B
DEV_0012,28.617746,77.209254,2026-09-01 15:39:00,Store_A
DEV_0012,28.611103,77.207697,2026-09-02 06:30:00,Store_A
DEV_0012,28.613581,77.215503,2026-09-02 06:54:00,Store_B
DEV_0012,28.615479,77.212718,2026-09-02 06:56:00,Store_B
DEV_0012,28.616843,77.208682,2026-09-02 06:58:00,Store_A
DEV_0012,28.614019,77.2117,2026-09-02 07:08:00,Store_B
DEV_0012,28.614242,77.20643,2026-09-02 07:20:00,Store_A
DEV_0012,28.61214,77.211597,2026-09-02 07:41:00,Store_B
DEV_0012,28.614666,77.207858,2026-09-02 07:43:00,Store_A
DEV_0012,28.613989,77.209672,2026-09-02 07:47:00,Store_B
DEV_0012,28.615714,77.210063,2026-09-02 08:01:00,Store_A
DEV_0012,28.614763,77.212664,2026-09-02 08:21:00,Store_B
DEV_0012,28.61725,77.212229,2026-09-02 08:51:00,Store_A
DEV_0012,28.612325,77.211613,2026-09-02 08:53:00,Store_B
DEV_0012,28.614775,77.21079,2026-09-02 09:19:00,Store_A
DEV_0012,28.612955,77.212842,2026-09-02 09:22:00,Store_A
DEV_0012,28.61942,77.214994,2026-09-02 09:36:00,Store_B
DEV_0012,28.612179,77.216603,2026-09-02 09:45:00,Store_B
DEV_0012,28.616595,77.208467,2026-09-02 09:49:00,Store_A
DEV_0012,28.614467,77.212959,2026-09-02 10:09:00,Store_A
DEV_0012,28.615454,77.205391,2026-09-02 10:28:00,Store_A
DEV_0012,28.613722,77.216484,2026-09-02 10:37:00,Store_B
DEV_0012,28.612115,77.210372,2026-09-02 10:57:00,Store_A
DEV_0012,28.619278,77.214426,2026-09-02 11:06:00,Store_B
DEV_0012,28.613157,77.20515,2026-09-02 11:20:00,Store_A
DEV_0012,28.612098,77.2087,2026-09-02 11:46:00,Store_A
DEV_0012,28.612777,77.210799,2026-09-02 12:09:00,Store_B
DEV_0012,28.613768,77.213891,2026-09-02 12:33:00,Store_B
DEV_0012,28.616703,77.214078,2026-09-02 12:44:00,Store_B
DEV_0012,28.615805,77.213461,2026-09-02 12:55:00,Store_B
DEV_0012,28.614557,77.215581,2026-09-02 13:00:00,Store_B
DEV_0012,28.618835,77.212992,2026-09-02 13:18:00,Store_B
DEV_0012,28.615284,77.207046,2026-09-02 13:20:00,Store_A
DEV_0012,28.614951,77.209491,2026-09-02 13:32:00,Store_A
DEV_0012,28.61156,77.212879,2026-09-02 13:44:00,Store_A
DEV_0012,28.614335,77.211523,2026-09-02 14:06:00,Store_B
DEV_0012,28.612237,77.213999,2026-09-02 14:12:00,Store_B
DEV_0012,28.616519,77.212323,2026-09-02 14:37:00,Store_B
DEV_0012,28.615911,77.207271,2026-09-02 15:01:00,Store_A
DEV_0012,28.619917,77.212002,2026-09-02 15:19:00,Store_B
DEV_0012,28.612927,77.212591,2026-09-02 15:23:00,Store_A
DEV_0012,28.613066,77.20669,2026-09-03 06:04:00,Store_A
DEV_0012,28.613429,77.210273,2026-09-03 06:29:00,Store_B
DEV_0012,28.616401,77.211816,2026-09-03 06:36:00,Store_B
DEV_0012,28.619204,77.211231,2026-09-03 07:01:00,Store_B
DEV_0012,28.617042,77.214314,2026-09-03 07:23:00,Store_B
DEV_0012,28.616018,77.21326,2026-09-03 07:31:00,Store_B
DEV_0012,28.615959,77.212711,2026-09-03 07:58:00,Store_B
DEV_0012,28.613256,77.215987,2026-09-03 08:11:00,Store_B
DEV_0012,28.612027,77.215639,2026-09-03 08:36:00,Store_B
DEV_0012,28.61725,77.214467,2026-09-03 08:40:00,Store_B
DEV_0012,28.616641,77.212345,2026-09-03 08:54:00,Store_B
DEV_0012,28.613511,77.209232,2026-09-03 09:02:00,Store_B
DEV_0012,28.614778,77.209027,2026-09-03 09:05:00,Store_A
DEV_0012,28.619564,77.2116,2026-09-03 09:13:00,Store_B
DEV_0012,28.614454,77.208775,2026-09-03 09:16:00,Store_A
DEV_0012,28.612182,77.213811,2026-09-03 09:42:00,Store_B
DEV_0012,28.616416,77.215908,2026-09-03 10:10:00,Store_B
DEV_0012,28.613562,77.210784,2026-09-03 10:18:00,Store_A
DEV_0012,28.613677,77.210702,2026-09-03 10:25:00,Store_A
DEV_0012,28.613061,77.209519,2026-09-03 10:26:00,Store_B
DEV_0012,28.614521,77.208674,2026-09-03 10:48:00,Store_A
DEV_0012,28.619918,77.215374,2026-09-03 11:03:00,Store_B
DEV_0012,28.616329,77.211703,2026-09-03 11:31:00,Store_A
DEV_0012,28.611859,77.210776,2026-09-03 11:34:00,Store_A
DEV_0012,28.615889,77.210456,2026-09-03 11:48:00,Store_A
DEV_0012,28.618897,77.209563,2026-09-03 12:02:00,Store_B
DEV_0012,28.619067,77.213299,2026-09-03 12:25:00,Store_B
DEV_0012,28.613408,77.211622,2026-09-03 12:27:00,Store_A
DEV_0012,28.618493,77.215626,2026-09-03 12:51:00,Store_B
DEV_0012,28.612807,77.210733,2026-09-03 13:08:00,Store_A
DEV_0012,28.615429,77.209992,2026-09-03 13:13:00,Store_B
DEV_0012,28.618064,77.213638,2026-09-03 13:39:00,Store_B
DEV_0012,28.615676,77.207932,2026-09-03 14:01:00,Store_A
DEV_0012,28.613136,77.210945,2026-09-03 14:17:00,Store_B
DEV_0012,28.612016,77.20764,2026-09-03 14:40:00,Store_A
DEV_0012,28.613566,77.210673,2026-09-03 15:05:00,Store_A
DEV_0012,28.615956,77.20774,2026-09-03 15:28:00,Store_A
DEV_0012,28.614645,77.212603,2026-09-03 15:37:00,Store_B
DEV_0012,28.616755,77.215091,2026-09-03 15:42:00,Store_B
DEV_0012,28.612208,77.216041,2026-09-03 16:01:00,Store_B
DEV_0012,28.61771,77.211453,2026-09-04 06:23:00,Store_B
DEV_0012,28.614441,77.207438,2026-09-04 06:46:00,Store_A
DEV_0012,28.617386,77.210236,2026-09-04 07:12:00,Store_B
DEV_0012,28.611072,77.207339,2026-09-04 07:25:00,Store_A
DEV_0012,28.617094,77.209224,2026-09-04 07:32:00,Store_B
DEV_0012,28.613187,77.209097,2026-09-04 07:44:00,Store_B
DEV_0012,28.615816,77.2162,2026-09-04 07:56:00,Store_B
DEV_0012,28.614597,77.209009,2026-09-04 08:13:00,Store_A
DEV_0012,28.615024,77.216409,2026-09-04 08:34:00,Store_B
DEV_0012,28.616866,77.208856,2026-09-04 08:50:00,Store_A
DEV_0012,28.612114,77.216576,2026-09-04 09:01:00,Store_B
DEV_0012,28.612374,77.206794,2026-09-04 09:10:00,Store_A
DEV_0012,28.6151,77.207852,2026-09-04 09:25:00,Store_A
DEV_0012,28.61662,77.211766,2026-09-04 09:51:00,Store_A
DEV_0012,28.615831,77.207908,2026-09-04 09:53:00,Store_A
DEV_0012,28.617011,77.216616,2026-09-04 10:10:00,Store_B
DEV_0012,28.612072,77.212693,2026-09-04 10:38:00,Store_A
DEV_0012,28.617663,77.205448,2026-09-04 10:57:00,Store_A
DEV_0012,28.611858,77.211378,2026-09-04 11:03:00,Store_A
DEV_0012,28.611727,77.210739,2026-09-04 11:09:00,Store_A
DEV_0012,28.617735,77.207126,2026-09-04 11:18:00,Store_A
DEV_0012,28.615845,77.210867,2026-09-04 11:48:00,Store_A
DEV_0012,28.617149,77.20606,2026-09-04 11:58:00,Store_A
DEV_0012,28.611562,77.206952,2026-09-04 12:23:00,Store_A
DEV_0012,28.615714,77.213295,2026-09-04 12:49:00,Store_B
DEV_0012,28.612451,77.210071,2026-09-04 12:56:00,Store_A
DEV_0012,28.612931,77.209667,2026-09-04 13:03:00,Store_B
DEV_0012,28.614239,77.20672,2026-09-04 13:19:00,Store_A
DEV_0012,28.616555,77.213654,2026-09-04 13:47:00,Store_B
DEV_0012,28.61566,77.208541,2026-09-04 14:08:00,Store_A
DEV_0012,28.614612,77.210079,2026-09-04 14:33:00,Store_A
DEV_0012,28.619938,77.211014,2026-09-04 14:47:00,Store_B
DEV_0012,28.615941,77.210412,2026-09-04 15:04:00,Store_B
DEV_0012,28.616114,77.216611,2026-09-04 15:14:00,Store_B
DEV_0012,28.618938,77.210992,2026-09-04 15:23:00,Store_B
DEV_0012,28.617007,77.209892,2026-09-04 15:48:00,Store_B
DEV_0012,28.613801,77.207554,2026-09-04 16:05:00,Store_A
DEV_0012,28.615966,77.21043,2026-09-04 16:30:00,Store_B
DEV_0012,28.617384,77.209757,2026-09-04 16:58:00,Store_B
DEV_0012,28.614739,77.214496,2026-09-04 17:25:00,Store_B
DEV_0012,28.611449,77.20587,2026-09-05 06:08:00,Store_A
DEV_0012,28.612358,77.207443,2026-09-05 06:33:00,Store_A
DEV_0012,28.612823,77.2114,2026-09-05 06:53:00,Store_B
DEV_0012,28.614468,77.206237,2026-09-05 06:59:00,Store_A
DEV_0012,28.616031,77.211286,2026-09-05 07:27:00,Store_A
DEV_0012,28.614781,77.206257,2026-09-05 07:44:00,Store_A
DEV_0012,28.617228,77.21531,2026-09-05 08:09:00,Store_B
DEV_0012,28.61383,77.211103,2026-09-05 08:39:00,Store_B
DEV_0012,28.614966,77.21145,2026-09-05 09:03:00,Store_B
DEV_0012,28.618634,77.211523,2026-09-05 09:13:00,Store_B
DEV_0012,28.616506,77.215102,2026-09-05 09:14:00,Store_B
DEV_0012,28.612442,77.21227,2026-09-05 09:35:00,Store_B
DEV_0012,28.6177,77.211136,2026-09-05 09:36:00,Store_A
DEV_0012,28.611569,77.210733,2026-09-05 09:46:00,Store_A
DEV_0012,28.612189,77.21242,2026-09-05 09:59:00,Store_B
DEV_0012,28.616465,77.214912,2026-09-05 10:25:00,Store_B
DEV_0012,28.61484,77.208521,2026-09-05 10:34:00,Store_A
DEV_0012,28.610495,77.206283,2026-09-05 10:58:00,Store_A
DEV_0012,28.619532,77.213744,2026-09-05 11:00:00,Store_B
DEV_0012,28.617502,77.216271,2026-09-05 11:16:00,Store_B
DEV_0012,28.612141,77.209854,2026-09-05 11:29:00,Store_A
DEV_0012,28.610712,77.210117,2026-09-05 11:38:00,Store_A
DEV_0012,28.615505,77.211274,2026-09-05 11:54:00,Store_B
DEV_0012,28.616947,77.205592,2026-09-05 12:19:00,Store_A
DEV_0012,28.618594,77.215992,2026-09-05 12:38:00,Store_B
DEV_0012,28.616593,77.213495,2026-09-05 12:53:00,Store_B
DEV_0012,28.612523,77.209373,2026-09-05 13:15:00,Store_A
DEV_0012,28.616453,77.215538,2026-09-05 13:38:00,Store_B
DEV_0012,28.611024,77.211159,2026-09-05 14:06:00,Store_A
DEV_0012,28.619658,77.21189,2026-09-05 14:31:00,Store_B
DEV_0012,28.617978,77.210719,2026-09-05 14:42:00,Store_B
DEV_0012,28.613821,77.211898,2026-09-05 14:49:00,Store_B
DEV_0012,28.614043,77.214981,2026-09-05 14:50:00,Store_B
DEV_0012,28.610854,77.208286,2026-09-05 15:03:00,Store_A
DEV_0012,28.618385,77.215653,2026-09-05 15:05:00,Store_B
DEV_0012,28.61213,77.212498,2026-09-05 15:07:00,Store_B
DEV_0012,28.618321,77.212936,2026-09-05 15:26:00,Store_B
DEV_0012,28.617075,77.214875,2026-09-05 15:45:00,Store_B
DEV_0012,28.617694,77.211245,2026-09-05 16:03:00,Store_A
DEV_0012,28.616289,77.21177,2026-09-05 16:06:00,Store_A
DEV_0012,28.61688,77.216944,2026-09-06 06:25:00,Store_B
DEV_0012,28.616037,77.208448,2026-09-06 06:34:00,Store_A
DEV_0012,28.61561,77.216044,2026-09-06 06:58:00,Store_B
DEV_0012,28.615104,77.205584,2026-09-06 07:19:00,Store_A
DEV_0012,28.615632,77.215249,2026-09-06 07:43:00,Store_B
DEV_0012,28.619115,77.212212,2026-09-06 07:53:00,Store_B
DEV_0012,28.61489,77.20812,2026-09-06 07:54:00,Store_A
DEV_0012,28.612479,77.206204,2026-09-06 08:22:00,Store_A
DEV_0012,28.614575,77.211142,2026-09-06 08:40:00,Store_A
DEV_0012,28.617229,77.210603,2026-09-06 09:07:00,Store_B
DEV_0012,28.619146,77.214719,2026-09-06 09:26:00,Store_B
DEV_0012,28.611411,77.206186,2026-09-06 09:36:00,Store_A
DEV_0012,28.610707,77.209267,2026-09-06 10:04:00,Store_A
DEV_0012,28.616136,77.209321,2026-09-06 10:07:00,Store_A
DEV_0012,28.618964,77.216428,2026-09-06 10:29:00,Store_B
DEV_0012,28.611514,77.206306,2026-09-06 10:38:00,Store_A
DEV_0012,28.61739,77.206738,2026-09-06 10:50:00,Store_A
DEV_0012,28.610998,77.212191,2026-09-06 11:05:00,Store_A
DEV_0012,28.616573,77.208001,2026-09-06 11:20:00,Store_A
DEV_0012,28.612943,77.208574,2026-09-06 11:33:00,Store_A
DEV_0012,28.611545,77.208044,2026-09-06 12:00:00,Store_A
DEV_0012,28.610643,77.206401,2026-09-06 12:30:00,Store_A
DEV_0012,28.611203,77.206677,2026-09-06 12:46:00,Store_A
DEV_0012,28.617997,77.211535,2026-09-06 12:53:00,Store_B
DEV_0012,28.617781,77.211398,2026-09-06 13:05:00,Store_A
DEV_0012,28.614042,77.209896,2026-09-06 13:20:00,Store_B
DEV_0012,28.609958,77.211427,2026-09-06 13:33:00,Store_A
DEV_0012,28.612737,77.212566,2026-09-06 14:00:00,Store_A
DEV_0012,28.613373,77.211782,2026-09-06 14:10:00,Store_A
DEV_0012,28.617898,77.205676,2026-09-06 14:31:00,Store_A
DEV_0012,28.619008,77.209127,2026-09-06 14:40:00,Store_B
DEV_0012,28.612363,77.215779,2026-09-06 14:46:00,Store_B
DEV_0012,28.610924,77.206246,2026-09-06 15:09:00,Store_A
DEV_0012,28.618098,77.209489,2026-09-06 15:35:00,Store_B
DEV_0012,28.616831,77.210288,2026-09-06 15:47:00,Store_A
DEV_0012,28.618586,77.212354,2026-09-06 15:53:00,Store_B
DEV_0012,28.615836,77.211483,2026-09-06 15:59:00,Store_A
DEV_0012,28.619033,77.209875,2026-09-06 16:05:00,Store_B
DEV_0012,28.61388,77.207449,2026-09-06 16:26:00,Store_A
DEV_0012,28.619272,77.211121,2026-09-06 16:37:00,Store_B
DEV_0012,28.616166,77.207653,2026-09-07 06:29:00,Store_A
DEV_0012,28.612274,77.215976,2026-09-07 06:59:00,Store_B
DEV_0012,28.612372,77.212016,2026-09-07 07:19:00,Store_B
DEV_0012,28.611165,77.20512,2026-09-07 07:48:00,Store_A
DEV_0012,28.610637,77.212906,2026-09-07 07:52:00,Store_A
DEV_0012,28.615715,77.212321,2026-09-07 08:21:00,Store_B
DEV_0012,28.613075,77.213826,2026-09-07 08:42:00,Store_B
DEV_0012,28.612391,77.208756,2026-09-07 09:11:00,Store_A
DEV_0012,28.613026,77.214251,2026-09-07 09:23:00,Store_B
DEV_0012,28.613722,77.21099,2026-09-07 09:51:00,Store_A
DEV_0012,28.610907,77.209118,2026-09-07 10:17:00,Store_A
DEV_0012,28.611704,77.205658,2026-09-07 10:21:00,Store_A
DEV_0012,28.614258,77.21392,2026-09-07 10:29:00,Store_B
DEV_0012,28.611905,77.21084,2026-09-07 10:39:00,Store_A
DEV_0012,28.617684,77.212697,2026-09-07 10:58:00,Store_B
DEV_0012,28.618079,77.210054,2026-09-07 11:12:00,Store_B
DEV_0012,28.61729,77.213635,2026-09-07 11:42:00,Store_B
DEV_0012,28.615883,77.211398,2026-09-07 12:03:00,Store_A
DEV_0012,28.616254,77.212836,2026-09-07 12:04:00,Store_A
DEV_0012,28.614977,77.211683,2026-09-07 12:12:00,Store_A
DEV_0012,28.613074,77.205094,2026-09-07 12:28:00,Store_A
DEV_0012,28.618861,77.210502,2026-09-07 12:56:00,Store_B
DEV_0012,28.615617,77.210719,2026-09-07 13:16:00,Store_B
DEV_0012,28.616367,77.209943,2026-09-07 13:25:00,Store_B
DEV_0012,28.614698,77.21614,2026-09-07 13:34:00,Store_B
DEV_0012,28.618456,77.212899,2026-09-07 13:52:00,Store_B
DEV_0012,28.617306,77.214344,2026-09-07 14:03:00,Store_B
DEV_0012,28.612505,77.211923,2026-09-07 14:24:00,Store_B
DEV_0012,28.617618,77.20601,2026-09-07 14:32:00,Store_A
DEV_0012,28.618641,77.209962,2026-09-07 14:55:00,Store_B
DEV_0012,28.61301,77.211781,2026-09-07 15:10:00,Store_B
DEV_0012,28.616426,77.216516,2026-09-07 15:38:00,Store_B
DEV_0012,28.61308,77.21253,2026-09-07 15:55:00,Store_A
DEV_0012,28.611034,77.210445,2026-09-07 16:20:00,Store_A
DEV_0012,28.611489,77.210957,2026-09-07 16:37:00,Store_A
DEV_0012,28.614403,77.209244,2026-09-07 16:39:00,Store_A
DEV_0012,28.616316,77.21455,2026-09-07 16:56:00,Store_B
DEV_0012,28.612896,77.205801,2026-09-07 17:02:00,Store_A
DEV_0012,28.616646,77.211009,2026-09-07 17:07:00,Store_A
DEV_0012,28.618866,77.211227,2026-09-07 17:20:00,Store_B
DEV_0013,28.615118,77.213174,2026-09-01 06:14:00,Store_B
DEV_0013,28.615744,77.210089,2026-09-01 06:24:00,Store_B
DEV_0013,28.610499,77.210667,2026-09-01 06:46:00,Store_A
DEV_0013,28.61367,77.214868,2026-09-01 07:06:00,Store_B
DEV_0013,28.610374,77.208283,2026-09-01 07:11:00,Store_A
DEV_0013,28.61858,77.215117,2026-09-01 07:37:00,Store_B
DEV_0013,28.61303,77.206276,2026-09-01 07:51:00,Store_A
DEV_0013,28.616731,77.210989,2026-09-01 08:03:00,Store_B
DEV_0013,28.61171,77.212592,2026-09-01 08:08:00,Store_A
DEV_0013,28.612988,77.214917,2026-09-01 08:30:00,Store_B
DEV_0013,28.611547,77.206139,2026-09-01 08:39:00,Store_A
DEV_0013,28.612086,77.209938,2026-09-01 08:49:00,Store_B
DEV_0013,28.616073,77.209788,2026-09-01 08:57:00,Store_A
DEV_0013,28.614391,77.209999,2026-09-01 09:21:00,Store_B
DEV_0013,28.613229,77.216042,2026-09-01 09:46:00,Store_B
DEV_0013,28.619002,77.216596,2026-09-01 09:48:00,Store_B
DEV_0013,28.618704,77.211044,2026-09-01 10:09:00,Store_B
DEV_0013,28.615407,77.210348,2026-09-01 10:32:00,Store_B
DEV_0013,28.618068,77.210797,2026-09-01 10:36:00,Store_B
DEV_0013,28.617881,77.209827,2026-09-01 10:56:00,Store_A
DEV_0013,28.61393,77.2158,2026-09-01 11:12:00,Store_B
DEV_0013,28.615373,77.214104,2026-09-01 11:40:00,Store_B
DEV_0013,28.618739,77.21486,2026-09-01 12:09:00,Store_B
DEV_0013,28.617122,77.211631,2026-09-01 12:31:00,Store_B
DEV_0013,28.619865,77.209665,2026-09-01 12:35:00,Store_B
DEV_0013,28.613942,77.21296,2026-09-01 12:54:00,Store_B
DEV_0013,28.617325,77.209832,2026-09-01 13:19:00,Store_B
DEV_0013,28.616485,77.215699,2026-09-01 13:32:00,Store_B
DEV_0013,28.612337,77.209862,2026-09-01 13:59:00,Store_B
DEV_0013,28.614505,77.20594,2026-09-01 14:24:00,Store_A
DEV_0013,28.612786,77.210381,2026-09-01 14:53:00,Store_A
DEV_0013,28.618522,77.214746,2026-09-01 14:55:00,Store_B
DEV_0013,28.617177,77.212522,2026-09-01 15:10:00,Store_B
DEV_0013,28.617422,77.211505,2026-09-01 15:31:00,Store_A
DEV_0013,28.617353,77.209205,2026-09-01 15:50:00,Store_B
DEV_0013,28.610093,77.212568,2026-09-01 15:54:00,Store_A
DEV_0013,28.619365,77.215415,2026-09-01 16:18:00,Store_B
DEV_0013,28.618795,77.211028,2026-09-01 16:45:00,Store_B
DEV_0013,28.614819,77.216725,2026-09-01 16:54:00,Store_B
DEV_0013,28.61827,77.211596,2026-09-01 17:17:00,Store_B
DEV_0013,28.618149,77.210285,2026-09-02 06:18:00,Store_B
DEV_0013,28.617926,77.215027,2026-09-02 06:43:00,Store_B
DEV_0013,28.616658,77.211853,2026-09-02 06:54:00,Store_A
DEV_0013,28.616931,77.214919,2026-09-02 07:21:00,Store_B
DEV_0013,28.612432,77.207447,2026-09-02 07:51:00,Store_A
DEV_0013,28.615016,77.207503,2026-09-02 08:07:00,Store_A
DEV_0013,28.615953,77.206617,2026-09-02 08:35:00,Store_A
DEV_0013,28.614805,77.215447,2026-09-02 09:04:00,Store_B
DEV_0013,28.618038,77.216674,2026-09-02 09:15:00,Store_B
DEV_0013,28.610792,77.209655,2026-09-02 09:45:00,Store_A
DEV_0013,28.618054,77.213306,2026-09-02 09:58:00,Store_B
DEV_0013,28.611489,77.205724,2026-09-02 10:18:00,Store_A
DEV_0013,28.618818,77.210166,2026-09-02 10:29:00,Store_B
DEV_0013,28.615174,77.21637,2026-09-02 10:33:00,Store_B
DEV_0013,28.616907,77.216766,2026-09-02 10:44:00,Store_B
DEV_0013,28.61344,77.205326,2026-09-02 11:02:00,Store_A
DEV_0013,28.61524,77.20719,2026-09-02 11:18:00,Store_A
DEV_0013,28.616566,77.212866,2026-09-02 11:26:00,Store_A
DEV_0013,28.613423,77.211492,2026-09-02 11:31:00,Store_A
DEV_0013,28.612274,77.212717,2026-09-02 11:59:00,Store_A
DEV_0013,28.618703,77.212316,2026-09-02 12:17:00,Store_B
DEV_0013,28.613199,77.211783,2026-09-02 12:36:00,Store_A
DEV_0013,28.617018,77.216109,2026-09-02 12:49:00,Store_B
DEV_0013,28.617654,77.216855,2026-09-02 13:15:00,Store_B
DEV_0013,28.615451,77.211916,2026-09-02 13:45:00,Store_B
DEV_0013,28.612461,77.207857,2026-09-02 14:08:00,Store_A
DEV_0013,28.612473,77.21162,2026-09-02 14:31:00,Store_A
DEV_0013,28.616264,77.209632,2026-09-02 14:35:00,Store_A
DEV_0013,28.616283,77.209838,2026-09-02 15:02:00,Store_B
DEV_0013,28.615661,77.210741,2026-09-02 15:23:00,Store_A
DEV_0013,28.613622,77.209594,2026-09-02 15:25:00,Store_A
DEV_0013,28.61695,77.212977,2026-09-02 15:39:00,Store_B
DEV_0013,28.617525,77.206371,2026-09-02 15:57:00,Store_A
DEV_0013,28.616472,77.20946,2026-09-02 16:09:00,Store_B
DEV_0013,28.618941,77.210183,2026-09-02 16:31:00,Store_B
DEV_0013,28.612523,77.214751,2026-09-02 16:50:00,Store_B
DEV_0013,28.619579,77.214822,2026-09-02 17:13:00,Store_B
DEV_0013,28.615447,77.215115,2026-09-02 17:18:00,Store_B
DEV_0013,28.613722,77.212617,2026-09-02 17:36:00,Store_B
DEV_0013,28.614644,77.213559,2026-09-02 18:05:00,Store_B
DEV_0013,28.613154,77.213317,2026-09-03 06:22:00,Store_B
DEV_0013,28.618902,77.216767,2026-09-03 06:24:00,Store_B
DEV_0013,28.6167,77.215197,2026-09-03 06:27:00,Store_B
DEV_0013,28.614138,77.210843,2026-09-03 06:51:00,Store_A
DEV_0013,28.61189,77.209812,2026-09-03 07:16:00,Store_A
DEV_0013,28.616586,77.205236,2026-09-03 07:46:00,Store_A
DEV_0013,28.617829,77.211654,2026-09-03 07:50:00,Store_B
DEV_0013,28.616592,77.216592,2026-09-03 08:03:00,Store_B
DEV_0013,28.61505,77.212795,2026-09-03 08:31:00,Store_B
DEV_0013,28.613464,77.21149,2026-09-03 08:37:00,Store_B
DEV_0013,28.619033,77.212997,2026-09-03 08:43:00,Store_B
DEV_0013,28.615211,77.210813,2026-09-03 09:04:00,Store_B
DEV_0013,28.612618,77.211015,2026-09-03 09:21:00,Store_A
DEV_0013,28.612163,77.213849,2026-09-03 09:39:00,Store_B
DEV_0013,28.615362,77.205764,2026-09-03 09:40:00,Store_A
DEV_0013,28.609937,77.208078,2026-09-03 09:41:00,Store_A
DEV_0013,28.618875,77.216646,2026-09-03 09:48:00,Store_B
DEV_0013,28.613454,77.210747,2026-09-03 10:00:00,Store_B
DEV_0013,28.616877,77.212301,2026-09-03 10:20:00,Store_A
DEV_0013,28.616592,77.216131,2026-09-03 10:43:00,Store_B
DEV_0013,28.613959,77.211515,2026-09-03 10:58:00,Store_A
DEV_0013,28.614877,77.212482,2026-09-03 11:27:00,Store_A
DEV_0013,28.616358,77.207493,2026-09-03 11:37:00,Store_A
DEV_0013,28.612692,77.206443,2026-09-03 11:54:00,Store_A
DEV_0013,28.617102,77.208981,2026-09-03 12:14:00,Store_A
DEV_0013,28.617879,77.21236,2026-09-03 12:29:00,Store_A
DEV_0013,28.618273,77.216552,2026-09-03 12:51:00,Store_B
DEV_0013,28.612607,77.207926,2026-09-03 12:59:00,Store_A
DEV_0013,28.613507,77.212234,2026-09-03 13:11:00,Store_B
DEV_0013,28.617233,77.212369,2026-09-03 13:37:00,Store_A
DEV_0013,28.616682,77.205728,2026-09-03 13:58:00,Store_A
DEV_0013,28.619295,77.213504,2026-09-03 14:21:00,Store_B
DEV_0013,28.618055,77.214146,2026-09-03 14:31:00,Store_B
DEV_0013,28.613084,77.215108,2026-09-03 14:41:00,Store_B
DEV_0013,28.615234,77.212017,2026-09-03 14:57:00,Store_B
DEV_0013,28.61383,77.207572,2026-09-03 15:13:00,Store_A
DEV_0013,28.614447,77.216938,2026-09-03 15:38:00,Store_B
DEV_0013,28.618167,77.214591,2026-09-03 15:55:00,Store_B
DEV_0013,28.611405,77.205713,2026-09-03 16:24:00,Store_A
DEV_0013,28.615027,77.210914,2026-09-03 16:42:00,Store_A
DEV_0013,28.610278,77.207424,2026-09-04 06:07:00,Store_A
DEV_0013,28.619713,77.209419,2026-09-04 06:34:00,Store_B
DEV_0013,28.617908,77.213192,2026-09-04 06:40:00,Store_B
DEV_0013,28.617449,77.209358,2026-09-04 06:47:00,Store_B
DEV_0013,28.613558,77.206486,2026-09-04 06:55:00,Store_A
DEV_0013,28.612584,77.210629,2026-09-04 07:02:00,Store_B
DEV_0013,28.610262,77.208052,2026-09-04 07:31:00,Store_A
DEV_0013,28.617294,77.205038,2026-09-04 07:39:00,Store_A
DEV_0013,28.619875,77.216897,2026-09-04 08:06:00,Store_B
DEV_0013,28.612874,77.211702,2026-09-04 08:08:00,Store_A
DEV_0013,28.611033,77.206969,2026-09-04 08:30:00,Store_A
DEV_0013,28.619056,77.212383,2026-09-04 08:49:00,Store_B
DEV_0013,28.613639,77.216029,2026-09-04 09:13:00,Store_B
DEV_0013,28.615274,77.209082,2026-09-04 09:40:00,Store_B
DEV_0013,28.615017,77.215741,2026-09-04 09:47:00,Store_B
DEV_0013,28.614027,77.209083,2026-09-04 10:10:00,Store_B
DEV_0013,28.612334,77.215137,2026-09-04 10:15:00,Store_B
DEV_0013,28.610464,77.205915,2026-09-04 10:21:00,Store_A
DEV_0013,28.612532,77.213296,2026-09-04 10:27:00,Store_B
DEV_0013,28.619643,77.21472,2026-09-04 10:50:00,Store_B
DEV_0013,28.614278,77.211292,2026-09-04 11:18:00,Store_B
DEV_0013,28.612868,77.209955,2026-09-04 11:45:00,Store_B
DEV_0013,28.617502,77.209438,2026-09-04 12:01:00,Store_A
DEV_0013,28.610917,77.212964,2026-09-04 12:17:00,Store_A
DEV_0013,28.612875,77.210829,2026-09-04 12:44:00,Store_B
DEV_0013,28.613476,77.2151,2026-09-04 13:10:00,Store_B
DEV_0013,28.611834,77.209923,2026-09-04 13:25:00,Store_A
DEV_0013,28.613436,77.211153,2026-09-04 13:47:00,Store_A
DEV_0013,28.616048,77.210799,2026-09-04 13:49:00,Store_A
DEV_0013,28.617489,77.207731,2026-09-04 13:58:00,Store_A
DEV_0013,28.612701,77.206605,2026-09-04 14:19:00,Store_A
DEV_0013,28.61303,77.206225,2026-09-04 14:29:00,Store_A
DEV_0013,28.611702,77.210018,2026-09-04 14:40:00,Store_A
DEV_0013,28.612202,77.212524,2026-09-04 15:07:00,Store_B
DEV_0013,28.614713,77.207302,2026-09-04 15:13:00,Store_A
DEV_0013,28.614277,77.20754,2026-09-04 15:17:00,Store_A
DEV_0013,28.613179,77.209274,2026-09-04 15:37:00,Store_A
DEV_0013,28.615693,77.207573,2026-09-04 15:39:00,Store_A
DEV_0013,28.617112,77.210475,2026-09-04 15:40:00,Store_A
DEV_0013,28.612027,77.209467,2026-09-04 15:53:00,Store_B
DEV_0013,28.616756,77.211097,2026-09-05 06:02:00,Store_A
DEV_0013,28.610058,77.211592,2026-09-05 06:18:00,Store_A
DEV_0013,28.61426,77.213928,2026-09-05 06:33:00,Store_B
DEV_0013,28.615363,77.209901,2026-09-05 06:45:00,Store_A
DEV_0013,28.615833,77.216189,2026-09-05 07:00:00,Store_B
DEV_0013,28.613791,77.211295,2026-09-05 07:24:00,Store_B
DEV_0013,28.617604,77.208108,2026-09-05 07:33:00,Store_A
DEV_0013,28.612845,77.205167,2026-09-05 07:59:00,Store_A
DEV_0013,28.613152,77.212679,2026-09-05 08:22:00,Store_B
DEV_0013,28.6178,77.206,2026-09-05 08:43:00,Store_A
DEV_0013,28.613665,77.212246,2026-09-05 09:12:00,Store_B
DEV_0013,28.615685,77.212618,2026-09-05 09:25:00,Store_B
DEV_0013,28.614908,77.211608,2026-09-05 09:38:00,Store_B
DEV_0013,28.615686,77.206647,2026-09-05 09:45:00,Store_A
DEV_0013,28.614447,77.212584,2026-09-05 10:09:00,Store_A
DEV_0013,28.619203,77.213386,2026-09-05 10:34:00,Store_B
DEV_0013,28.614999,77.211455,2026-09-05 10:47:00,Store_B
DEV_0013,28.613662,77.209343,2026-09-05 11:02:00,Store_A
DEV_0013,28.619237,77.216646,2026-09-05 11:30:00,Store_B
DEV_0013,28.612407,77.210737,2026-09-05 11:48:00,Store_B
DEV_0013,28.615177,77.212497,2026-09-05 12:02:00,Store_A
DEV_0013,28.617446,77.205191,2026-09-05 12:09:00,Store_A
DEV_0013,28.616539,77.210379,2026-09-05 12:33:00,Store_B
DEV_0013,28.61503,77.209601,2026-09-05 12:59:00,Store_A
DEV_0013,28.611105,77.207532,2026-09-05 13:07:00,Store_A
DEV_0013,28.616001,77.208893,2026-09-05 13:27:00,Store_A
DEV_0013,28.61531,77.211296,2026-09-05 13:30:00,Store_A
DEV_0013,28.609969,77.211898,2026-09-05 13:32:00,Store_A
DEV_0013,28.618821,77.211506,2026-09-05 14:01:00,Store_B
DEV_0013,28.613624,77.210205,2026-09-05 14:08:00,Store_B
DEV_0013,28.618725,77.211904,2026-09-05 14:38:00,Store_B
DEV_0013,28.616668,77.215626,2026-09-05 14:54:00,Store_B
DEV_0013,28.617629,77.211318,2026-09-05 14:58:00,Store_B
DEV_0013,28.617107,77.206216,2026-09-05 15:12:00,Store_A
DEV_0013,28.614158,77.209946,2026-09-05 15:18:00,Store_A
DEV_0013,28.617599,77.21125,2026-09-05 15:46:00,Store_B
DEV_0013,28.617709,77.210311,2026-09-05 15:51:00,Store_A
DEV_0013,28.612777,77.209315,2026-09-05 16:20:00,Store_B
DEV_0013,28.615783,77.212815,2026-09-05 16:45:00,Store_B
DEV_0013,28.614589,77.212902,2026-09-05 16:57:00,Store_A
DEV_0013,28.616679,77.210455,2026-09-06 06:29:00,Store_B
DEV_0013,28.617662,77.212573,2026-09-06 06:48:00,Store_A
DEV_0013,28.619085,77.216903,2026-09-06 07:17:00,Store_B
DEV_0013,28.612551,77.21008,2026-09-06 07:27:00,Store_B
DEV_0013,28.619334,77.209888,2026-09-06 07:57:00,Store_B
DEV_0013,28.617593,77.207566,2026-09-06 08:20:00,Store_A
DEV_0013,28.612738,77.212869,2026-09-06 08:36:00,Store_A
DEV_0013,28.614875,77.209723,2026-09-06 08:42:00,Store_A
DEV_0013,28.61881,77.210536,2026-09-06 08:51:00,Store_B
DEV_0013,28.613817,77.212247,2026-09-06 08:53:00,Store_A
DEV_0013,28.615504,77.207105,2026-09-06 09:07:00,Store_A
DEV_0013,28.612324,77.215,2026-09-06 09:32:00,Store_B
DEV_0013,28.617275,77.211663,2026-09-06 09:34:00,Store_B
DEV_0013,28.616876,77.212412,2026-09-06 09:35:00,Store_A
DEV_0013,28.612322,77.206597,2026-09-06 09:51:00,Store_A
DEV_0013,28.615107,77.214562,2026-09-06 10:00:00,Store_B
DEV_0013,28.614685,77.215425,2026-09-06 10:28:00,Store_B
DEV_0013,28.615258,77.211737,2026-09-06 10:40:00,Store_B
DEV_0013,28.616419,77.212911,2026-09-06 10:49:00,Store_B
DEV_0013,28.617207,77.21235,2026-09-06 10:52:00,Store_A
DEV_0013,28.618892,77.216167,2026-09-06 10:53:00,Store_B
DEV_0013,28.61635,77.205856,2026-09-06 10:56:00,Store_A
DEV_0013,28.612887,77.206232,2026-09-06 11:22:00,Store_A
DEV_0013,28.616131,77.21191,2026-09-06 11:23:00,Store_A
DEV_0013,28.615792,77.207729,2026-09-06 11:53:00,Store_A
DEV_0013,28.61115,77.210009,2026-09-06 12:21:00,Store_A
DEV_0013,28.617048,77.211647,2026-09-06 12:43:00,Store_B
DEV_0013,28.614801,77.205449,2026-09-06 12:48:00,Store_A
DEV_0013,28.617244,77.212412,2026-09-06 12:54:00,Store_A
DEV_0013,28.615646,77.205733,2026-09-06 13:08:00,Store_A
DEV_0013,28.611582,77.210736,2026-09-06 13:21:00,Store_A
DEV_0013,28.617004,77.210541,2026-09-06 13:48:00,Store_B
DEV_0013,28.615566,77.208962,2026-09-06 14:11:00,Store_A
DEV_0013,28.613654,77.210853,2026-09-06 14:30:00,Store_A
DEV_0013,28.61344,77.209061,2026-09-06 14:33:00,Store_A
DEV_0013,28.617694,77.207106,2026-09-06 15:02:00,Store_A
DEV_0013,28.6155,77.210623,2026-09-06 15:05:00,Store_A
DEV_0013,28.611396,77.207571,2026-09-06 15:13:00,Store_A
DEV_0013,28.613057,77.211688,2026-09-06 15:23:00,Store_A
DEV_0013,28.616053,77.211283,2026-09-06 15:37:00,Store_B
DEV_0013,28.618596,77.214884,2026-09-07 06:17:00,Store_B
DEV_0013,28.615139,77.212745,2026-09-07 06:26:00,Store_A
DEV_0013,28.618034,77.209517,2026-09-07 06:29:00,Store_B
DEV_0013,28.614754,77.214863,2026-09-07 06:49:00,Store_B
DEV_0013,28.61264,77.215115,2026-09-07 07:12:00,Store_B
DEV_0013,28.612096,77.214954,2026-09-07 07:15:00,Store_B
DEV_0013,28.616705,77.216331,2026-09-07 07:27:00,Store_B
DEV_0013,28.614454,77.210817,2026-09-07 07:38:00,Store_A
DEV_0013,28.614865,77.215488,2026-09-07 07:50:00,Store_B
DEV_0013,28.614402,77.212913,2026-09-07 08:08:00,Store_B
DEV_0013,28.611725,77.206364,2026-09-07 08:31:00,Store_A
DEV_0013,28.615278,77.21604,2026-09-07 08:42:00,Store_B
DEV_0013,28.615709,77.216193,2026-09-07 08:57:00,Store_B
DEV_0013,28.611037,77.211004,2026-09-07 09:11:00,Store_A
DEV_0013,28.616887,77.211306,2026-09-07 09:24:00,Store_A
DEV_0013,28.613095,77.205112,2026-09-07 09:50:00,Store_A
DEV_0013,28.611108,77.212568,2026-09-07 09:57:00,Store_A
DEV_0013,28.610031,77.208778,2026-09-07 10:06:00,Store_A
DEV_0013,28.613582,77.212979,2026-09-07 10:12:00,Store_B
DEV_0013,28.618638,77.215831,2026-09-07 10:21:00,Store_B
DEV_0013,28.61142,77.209855,2026-09-07 10:37:00,Store_A
DEV_0013,28.615481,77.215813,2026-09-07 10:53:00,Store_B
DEV_0013,28.612727,77.205848,2026-09-07 11:04:00,Store_A
DEV_0013,28.616863,77.210132,2026-09-07 11:21:00,Store_B
DEV_0013,28.618429,77.212331,2026-09-07 11:22:00,Store_B
DEV_0013,28.617052,77.211709,2026-09-07 11:32:00,Store_B
DEV_0013,28.616893,77.213793,2026-09-07 11:49:00,Store_B
DEV_0013,28.614729,77.211987,2026-09-07 12:12:00,Store_B
DEV_0013,28.612857,77.212763,2026-09-07 12:15:00,Store_A
DEV_0013,28.613477,77.208336,2026-09-07 12:22:00,Store_A
DEV_0013,28.617506,77.216281,2026-09-07 12:51:00,Store_B
DEV_0013,28.617071,77.216215,2026-09-07 13:07:00,Store_B
DEV_0013,28.61644,77.213618,2026-09-07 13:18:00,Store_B
DEV_0013,28.617115,77.212724,2026-09-07 13:44:00,Store_A
DEV_0013,28.615565,77.209875,2026-09-07 14:11:00,Store_A
DEV_0013,28.613809,77.208758,2026-09-07 14:12:00,Store_A
DEV_0013,28.616088,77.209765,2026-09-07 14:37:00,Store_B
DEV_0013,28.614889,77.20565,2026-09-07 14:53:00,Store_A
DEV_0013,28.616821,77.216127,2026-09-07 15:17:00,Store_B
DEV_0013,28.612535,77.212117,2026-09-07 15:24:00,Store_B
DEV_0014,28.617695,77.21191,2026-09-01 06:25:00,Store_B
DEV_0014,28.61369,77.206787,2026-09-01 06:26:00,Store_A
DEV_0014,28.614849,77.213965,2026-09-01 06:44:00,Store_B
DEV_0014,28.616169,77.212653,2026-09-01 07:00:00,Store_A
DEV_0014,28.616838,77.21329,2026-09-01 07:27:00,Store_B
DEV_0014,28.617562,77.209781,2026-09-01 07:31:00,Store_A
DEV_0014,28.617867,77.214884,2026-09-01 07:38:00,Store_B
DEV_0014,28.613986,77.212008,2026-09-01 08:01:00,Store_B
DEV_0014,28.612285,77.206634,2026-09-01 08:11:00,Store_A
DEV_0014,28.610131,77.210152,2026-09-01 08:25:00,Store_A
DEV_0014,28.612849,77.211206,2026-09-01 08:30:00,Store_A
DEV_0014,28.617007,77.213442,2026-09-01 08:50:00,Store_B
DEV_0014,28.618068,77.209862,2026-09-01 08:59:00,Store_B
DEV_0014,28.614208,77.21465,2026-09-01 09:14:00,Store_B
DEV_0014,28.613303,77.210028,2026-09-01 09:15:00,Store_B
DEV_0014,28.610319,77.207612,2026-09-01 09:31:00,Store_A
DEV_0014,28.613134,77.215654,2026-09-01 09:44:00,Store_B
DEV_0014,28.614931,77.210171,2026-09-01 09:57:00,Store_A
DEV_0014,28.612513,77.211689,2026-09-01 09:59:00,Store_A
DEV_0014,28.614592,77.215052,2026-09-01 10:01:00,Store_B
DEV_0014,28.615682,77.210709,2026-09-01 10:17:00,Store_A
DEV_0014,28.617316,77.206119,2026-09-01 10:21:00,Store_A
DEV_0014,28.617421,77.20688,2026-09-01 10:46:00,Store_A
DEV_0014,28.619779,77.211705,2026-09-01 11:00:00,Store_B
DEV_0014,28.618007,77.21294,2026-09-01 11:18:00,Store_B
DEV_0014,28.614097,77.210135,2026-09-01 11:31:00,Store_A
DEV_0014,28.614285,77.205716,2026-09-01 11:38:00,Store_A
DEV_0014,28.613272,77.215102,2026-09-01 12:06:00,Store_B
DEV_0014,28.613819,77.209452,2026-09-01 12:28:00,Store_B
DEV_0014,28.61032,77.211743,2026-09-01 12:36:00,Store_A
DEV_0014,28.612339,77.210752,2026-09-01 12:44:00,Store_B
DEV_0014,28.617535,77.206101,2026-09-01 12:55:00,Store_A
DEV_0014,28.6151,77.214075,2026-09-01 13:08:00,Store_B
DEV_0014,28.613982,77.207317,2026-09-01 13:09:00,Store_A
DEV_0014,28.6164,77.209321,2026-09-01 13:28:00,Store_B
DEV_0014,28.611571,77.209662,2026-09-01 13:29:00,Store_A
DEV_0014,28.617615,77.213653,2026-09-01 13:41:00,Store_B
DEV_0014,28.613077,77.206218,2026-09-01 13:42:00,Store_A
DEV_0014,28.614125,77.211994,2026-09-01 13:55:00,Store_B
DEV_0014,28.616579,77.211033,2026-09-01 14:04:00,Store_A
DEV_0014,28.613566,77.216183,2026-09-02 06:13:00,Store_B
DEV_0014,28.615104,77.208613,2026-09-02 06:28:00,Store_A
DEV_0014,28.613637,77.209902,2026-09-02 06:41:00,Store_B
DEV_0014,28.615843,77.211994,2026-09-02 06:48:00,Store_A
DEV_0014,28.618663,77.214394,2026-09-02 07:17:00,Store_B
DEV_0014,28.614888,77.209435,2026-09-02 07:38:00,Store_B
DEV_0014,28.614435,77.212075,2026-09-02 07:47:00,Store_A
DEV_0014,28.613989,77.207479,2026-09-02 07:54:00,Store_A
DEV_0014,28.616783,77.206651,2026-09-02 08:18:00,Store_A
DEV_0014,28.61776,77.212663,2026-09-02 08:31:00,Store_B
DEV_0014,28.617267,77.208841,2026-09-02 08:51:00,Store_A
DEV_0014,28.61836,77.214336,2026-09-02 08:59:00,Store_B
DEV_0014,28.614831,77.212075,2026-09-02 09:27:00,Store_A
DEV_0014,28.614854,77.211857,2026-09-02 09:36:00,Store_A
DEV_0014,28.612328,77.208051,2026-09-02 09:55:00,Store_A
DEV_0014,28.610678,77.207944,2026-09-02 10:16:00,Store_A
DEV_0014,28.617668,77.210935,2026-09-02 10:28:00,Store_A
DEV_0014,28.61214,77.210229,2026-09-02 10:38:00,Store_A
DEV_0014,28.617088,77.207416,2026-09-02 10:47:00,Store_A
DEV_0014,28.619441,77.216099,2026-09-02 11:13:00,Store_B
DEV_0014,28.610863,77.210094,2026-09-02 11:35:00,Store_A
DEV_0014,28.616942,77.212456,2026-09-02 11:41:00,Store_A
DEV_0014,28.610801,77.210798,2026-09-02 11:56:00,Store_A
DEV_0014,28.614161,77.214623,2026-09-02 12:12:00,Store_B
DEV_0014,28.615751,77.206226,2026-09-02 12:15:00,Store_A
DEV_0014,28.617424,77.209239,2026-09-02 12:31:00,Store_B
DEV_0014,28.618644,77.212299,2026-09-02 12:32:00,Store_B
DEV_0014,28.615153,77.212675,2026-09-02 13:01:00,Store_A
DEV_0014,28.617679,77.214751,2026-09-02 13:08:00,Store_B
DEV_0014,28.612195,77.211176,2026-09-02 13:36:00,Store_B
DEV_0014,28.611779,77.208584,2026-09-02 13:37:00,Store_A
DEV_0014,28.616888,77.211683,2026-09-02 13:51:00,Store_A
DEV_0014,28.618336,77.214725,2026-09-02 14:15:00,Store_B
DEV_0014,28.612192,77.205707,2026-09-02 14:27:00,Store_A
DEV_0014,28.618566,77.213357,2026-09-02 14:39:00,Store_B
DEV_0014,28.61781,77.213326,2026-09-02 14:50:00,Store_B
DEV_0014,28.615256,77.213642,2026-09-02 15:02:00,Store_B
DEV_0014,28.619868,77.215139,2026-09-02 15:07:00,Store_B
DEV_0014,28.617406,77.212263,2026-09-02 15:21:00,Store_B
DEV_0014,28.614717,77.212078,2026-09-02 15:32:00,Store_A
DEV_0014,28.617164,77.212606,2026-09-03 06:18:00,Store_B
DEV_0014,28.617018,77.207748,2026-09-03 06:48:00,Store_A
DEV_0014,28.61469,77.209322,2026-09-03 07:15:00,Store_A
DEV_0014,28.616709,77.20959,2026-09-03 07:42:00,Store_A
DEV_0014,28.616497,77.208171,2026-09-03 08:09:00,Store_A
DEV_0014,28.619046,77.216924,2026-09-03 08:27:00,Store_B
DEV_0014,28.614057,77.209604,2026-09-03 08:36:00,Store_A
DEV_0014,28.615818,77.210472,2026-09-03 09:02:00,Store_A
DEV_0014,28.615913,77.211604,2026-09-03 09:29:00,Store_B
DEV_0014,28.616388,77.21216,2026-09-03 09:51:00,Store_B
DEV_0014,28.613753,77.211809,2026-09-03 10:05:00,Store_B
DEV_0014,28.611707,77.210151,2026-09-03 10:10:00,Store_A
DEV_0014,28.61563,77.212145,2026-09-03 10:27:00,Store_A
DEV_0014,28.613862,77.212327,2026-09-03 10:50:00,Store_A
DEV_0014,28.613935,77.212249,2026-09-03 11:17:00,Store_B
DEV_0014,28.614236,77.205773,2026-09-03 11:44:00,Store_A
DEV_0014,28.610088,77.205249,2026-09-03 11:48:00,Store_A
DEV_0014,28.611386,77.211209,2026-09-03 11:51:00,Store_A
DEV_0014,28.611927,77.212608,2026-09-03 12:05:00,Store_A
DEV_0014,28.617293,77.209085,2026-09-03 12:25:00,Store_B
DEV_0014,28.614745,77.211999,2026-09-03 12:35:00,Store_B
DEV_0014,28.616954,77.216356,2026-09-03 12:56:00,Store_B
DEV_0014,28.615333,77.212816,2026-09-03 13:12:00,Store_A
DEV_0014,28.614812,77.211046,2026-09-03 13:28:00,Store_B
DEV_0014,28.618023,77.215158,2026-09-03 13:42:00,Store_B
DEV_0014,28.619593,77.214479,2026-09-03 13:43:00,Store_B
DEV_0014,28.612309,77.2129,2026-09-03 14:12:00,Store_B
DEV_0014,28.613699,77.20935,2026-09-03 14:15:00,Store_A
DEV_0014,28.615694,77.210725,2026-09-03 14:45:00,Store_A
DEV_0014,28.613537,77.210992,2026-09-03 14:53:00,Store_A
DEV_0014,28.612275,77.211479,2026-09-03 15:18:00,Store_B
DEV_0014,28.613732,77.212285,2026-09-03 15:19:00,Store_B
DEV_0014,28.614647,77.210402,2026-09-03 15:20:00,Store_A
DEV_0014,28.612553,77.21045,2026-09-03 15:29:00,Store_B
DEV_0014,28.61841,77.213285,2026-09-03 15:53:00,Store_B
DEV_0014,28.611926,77.205941,2026-09-03 16:10:00,Store_A
DEV_0014,28.613391,77.212614,2026-09-03 16:38:00,Store_B
DEV_0014,28.610219,77.209809,2026-09-03 16:52:00,Store_A
DEV_0014,28.615394,77.212749,2026-09-03 16:55:00,Store_A
DEV_0014,28.613757,77.206992,2026-09-03 17:08:00,Store_A
DEV_0014,28.61608,77.205351,2026-09-04 06:06:00,Store_A
DEV_0014,28.612621,77.210464,2026-09-04 06:34:00,Store_A
DEV_0014,28.61383,77.212557,2026-09-04 06:57:00,Store_B
DEV_0014,28.610712,77.206114,2026-09-04 07:21:00,Store_A
DEV_0014,28.613405,77.207933,2026-09-04 07:44:00,Store_A
DEV_0014,28.612164,77.213201,2026-09-04 08:07:00,Store_B
DEV_0014,28.617079,77.209851,2026-09-04 08:23:00,Store_B
DEV_0014,28.612131,77.209458,2026-09-04 08:37:00,Store_A
DEV_0014,28.610421,77.207102,2026-09-04 08:59:00,Store_A
DEV_0014,28.615797,77.213057,2026-09-04 09:07:00,Store_B
DEV_0014,28.610868,77.206296,2026-09-04 09:26:00,Store_A
DEV_0014,28.615217,77.208569,2026-09-04 09:44:00,Store_A
DEV_0014,28.616459,77.212823,2026-09-04 10:10:00,Store_B
DEV_0014,28.614557,77.205927,2026-09-04 10:12:00,Store_A
DEV_0014,28.61152,77.207403,2026-09-04 10:36:00,Store_A
DEV_0014,28.61209,77.20948,2026-09-04 11:02:00,Store_B
DEV_0014,28.610802,77.210327,2026-09-04 11:21:00,Store_A
DEV_0014,28.612327,77.211492,2026-09-04 11:32:00,Store_A
DEV_0014,28.616785,77.21141,2026-09-04 11:39:00,Store_A
DEV_0014,28.615826,77.210713,2026-09-04 11:45:00,Store_B
DEV_0014,28.616424,77.214016,2026-09-04 12:13:00,Store_B
DEV_0014,28.611069,77.206016,2026-09-04 12:30:00,Store_A
DEV_0014,28.616789,77.205544,2026-09-04 12:47:00,Store_A
DEV_0014,28.614429,77.206977,2026-09-04 13:12:00,Store_A
DEV_0014,28.618718,77.211894,2026-09-04 13:20:00,Store_B
DEV_0014,28.615251,77.215019,2026-09-04 13:22:00,Store_B
DEV_0014,28.618245,77.209221,2026-09-04 13:44:00,Store_B
DEV_0014,28.615126,77.213851,2026-09-04 14:12:00,Store_B
DEV_0014,28.615889,77.206019,2026-09-04 14:32:00,Store_A
DEV_0014,28.617168,77.215043,2026-09-04 14:38:00,Store_B
DEV_0014,28.614692,77.207301,2026-09-04 15:03:00,Store_A
DEV_0014,28.613362,77.205247,2026-09-04 15:06:00,Store_A
DEV_0014,28.615536,77.211216,2026-09-04 15:31:00,Store_A
DEV_0014,28.612856,77.208146,2026-09-04 15:46:00,Store_A
DEV_0014,28.614428,77.213282,2026-09-04 15:57:00,Store_B
DEV_0014,28.618843,77.212759,2026-09-04 16:13:00,Store_B
DEV_0014,28.618059,77.215716,2026-09-04 16:32:00,Store_B
DEV_0014,28.613655,77.205728,2026-09-04 16:48:00,Store_A
DEV_0014,28.616262,77.213931,2026-09-04 16:51:00,Store_B
DEV_0014,28.617033,77.216473,2026-09-04 17:19:00,Store_B
DEV_0014,28.616755,77.210823,2026-09-05 06:30:00,Store_B
DEV_0014,28.619258,77.213528,2026-09-05 06:42:00,Store_B
DEV_0014,28.613535,77.21168,2026-09-05 07:04:00,Store_B
DEV_0014,28.614228,77.213782,2026-09-05 07:26:00,Store_B
DEV_0014,28.616047,77.212124,2026-09-05 07:31:00,Store_A
DEV_0014,28.61352,77.214488,2026-09-05 07:54:00,Store_B
DEV_0014,28.613636,77.212702,2026-09-05 08:11:00,Store_B
DEV_0014,28.610838,77.210782,2026-09-05 08:21:00,Store_A
DEV_0014,28.611546,77.21132,2026-09-05 08:48:00,Store_A
DEV_0014,28.613465,77.21418,2026-09-05 09:04:00,Store_B
DEV_0014,28.613965,77.212875,2026-09-05 09:13:00,Store_B
DEV_0014,28.616299,77.210171,2026-09-05 09:33:00,Store_B
DEV_0014,28.61192,77.212732,2026-09-05 10:00:00,Store_A
DEV_0014,28.612026,77.210511,2026-09-05 10:30:00,Store_B
DEV_0014,28.619422,77.212638,2026-09-05 10:48:00,Store_B
DEV_0014,28.616089,77.212364,2026-09-05 10:57:00,Store_B
DEV_0014,28.617753,77.210025,2026-09-05 11:13:00,Store_A
DEV_0014,28.613711,77.208095,2026-09-05 11:17:00,Store_A
DEV_0014,28.611349,77.207891,2026-09-05 11:43:00,Store_A
DEV_0014,28.610228,77.205562,2026-09-05 11:47:00,Store_A
DEV_0014,28.613019,77.209767,2026-09-05 12:11:00,Store_B
DEV_0014,28.613639,77.21613,2026-09-05 12:30:00,Store_B
DEV_0014,28.609979,77.207701,2026-09-05 12:50:00,Store_A
DEV_0014,28.614274,77.210925,2026-09-05 12:58:00,Store_B
DEV_0014,28.619423,77.211828,2026-09-05 13:06:00,Store_B
DEV_0014,28.610084,77.209673,2026-09-05 13:31:00,Store_A
DEV_0014,28.611275,77.212731,2026-09-05 13:44:00,Store_A
DEV_0014,28.614234,77.20514,2026-09-05 13:50:00,Store_A
DEV_0014,28.61447,77.209913,2026-09-05 13:59:00,Store_A
DEV_0014,28.612997,77.21097,2026-09-05 14:13:00,Store_B
DEV_0014,28.611836,77.209877,2026-09-05 14:42:00,Store_A
DEV_0014,28.617241,77.207236,2026-09-05 14:43:00,Store_A
DEV_0014,28.615269,77.208482,2026-09-05 15:11:00,Store_A
DEV_0014,28.615569,77.210857,2026-09-05 15:39:00,Store_B
DEV_0014,28.613168,77.208553,2026-09-05 15:44:00,Store_A
DEV_0014,28.618805,77.215006,2026-09-05 15:45:00,Store_B
DEV_0014,28.613641,77.214386,2026-09-05 15:59:00,Store_B
DEV_0014,28.614577,77.212992,2026-09-05 16:19:00,Store_B
DEV_0014,28.618706,77.213852,2026-09-05 16:31:00,Store_B
DEV_0014,28.615528,77.209808,2026-09-05 16:54:00,Store_A
DEV_0014,28.613347,77.212232,2026-09-06 06:07:00,Store_B
DEV_0014,28.614826,77.211193,2026-09-06 06:30:00,Store_B
DEV_0014,28.619188,77.212036,2026-09-06 06:59:00,Store_B
DEV_0014,28.619685,77.214492,2026-09-06 07:18:00,Store_B
DEV_0014,28.615064,77.205518,2026-09-06 07:41:00,Store_A
DEV_0014,28.613011,77.207761,2026-09-06 07:54:00,Store_A
DEV_0014,28.613828,77.210793,2026-09-06 08:24:00,Store_A
DEV_0014,28.612716,77.211039,2026-09-06 08:32:00,Store_B
DEV_0014,28.614933,77.216977,2026-09-06 08:48:00,Store_B
DEV_0014,28.611248,77.211829,2026-09-06 09:09:00,Store_A
DEV_0014,28.616667,77.212833,2026-09-06 09:21:00,Store_A
DEV_0014,28.615986,77.20572,2026-09-06 09:51:00,Store_A
DEV_0014,28.610639,77.210563,2026-09-06 09:53:00,Store_A
DEV_0014,28.612634,77.216456,2026-09-06 10:08:00,Store_B
DEV_0014,28.612245,77.211868,2026-09-06 10:17:00,Store_A
DEV_0014,28.611733,77.207493,2026-09-06 10:34:00,Store_A
DEV_0014,28.611755,77.205738,2026-09-06 10:36:00,Store_A
DEV_0014,28.612206,77.208762,2026-09-06 10:50:00,Store_A
DEV_0014,28.61179,77.211462,2026-09-06 10:57:00,Store_A
DEV_0014,28.610439,77.205812,2026-09-06 11:24:00,Store_A
DEV_0014,28.614172,77.211232,2026-09-06 11:42:00,Store_A
DEV_0014,28.617786,77.210222,2026-09-06 12:12:00,Store_B
DEV_0014,28.611865,77.20507,2026-09-06 12:40:00,Store_A
DEV_0014,28.616031,77.209106,2026-09-06 12:41:00,Store_A
DEV_0014,28.61305,77.206336,2026-09-06 12:57:00,Store_A
DEV_0014,28.616672,77.206935,2026-09-06 13:17:00,Store_A
DEV_0014,28.616591,77.211234,2026-09-06 13:25:00,Store_B
DEV_0014,28.613401,77.209879,2026-09-06 13:33:00,Store_B
DEV_0014,28.615021,77.211036,2026-09-06 13:36:00,Store_A
DEV_0014,28.613087,77.211298,2026-09-06 13:53:00,Store_B
DEV_0014,28.61742,77.21216,2026-09-06 14:11:00,Store_B
DEV_0014,28.61911,77.212733,2026-09-06 14:32:00,Store_B
DEV_0014,28.618291,77.21362,2026-09-06 14:59:00,Store_B
DEV_0014,28.618013,77.213188,2026-09-06 15:13:00,Store_B
DEV_0014,28.613925,77.208998,2026-09-06 15:39:00,Store_A
DEV_0014,28.611555,77.209798,2026-09-06 15:51:00,Store_A
DEV_0014,28.612924,77.216233,2026-09-06 16:04:00,Store_B
DEV_0014,28.614396,77.209191,2026-09-06 16:20:00,Store_B
DEV_0014,28.615902,77.206725,2026-09-06 16:45:00,Store_A
DEV_0014,28.6135,77.209723,2026-09-06 17:10:00,Store_A
DEV_0014,28.615093,77.207416,2026-09-07 06:08:00,Store_A
DEV_0014,28.610031,77.206817,2026-09-07 06:23:00,Store_A
DEV_0014,28.615894,77.212731,2026-09-07 06:38:00,Store_B
DEV_0014,28.619059,77.212706,2026-09-07 06:52:00,Store_B
DEV_0014,28.611863,77.206164,2026-09-07 07:13:00,Store_A
DEV_0014,28.612263,77.205425,2026-09-07 07:28:00,Store_A
DEV_0014,28.619096,77.215977,2026-09-07 07:31:00,Store_B
DEV_0014,28.614838,77.2131,2026-09-07 07:47:00,Store_B
DEV_0014,28.617372,77.211949,2026-09-07 08:03:00,Store_A
DEV_0014,28.61272,77.206548,2026-09-07 08:33:00,Store_A
DEV_0014,28.609988,77.20581,2026-09-07 08:57:00,Store_A
DEV_0014,28.612479,77.213076,2026-09-07 09:18:00,Store_B
DEV_0014,28.612193,77.212227,2026-09-07 09:44:00,Store_B
DEV_0014,28.614775,77.211612,2026-09-07 09:56:00,Store_B
DEV_0014,28.61631,77.209685,2026-09-07 10:25:00,Store_A
DEV_0014,28.618068,77.212467,2026-09-07 10:42:00,Store_B
DEV_0014,28.615231,77.209384,2026-09-07 11:06:00,Store_A
DEV_0014,28.617889,77.206227,2026-09-07 11:33:00,Store_A
DEV_0014,28.614641,77.214714,2026-09-07 11:57:00,Store_B
DEV_0014,28.613152,77.215097,2026-09-07 12:04:00,Store_B
DEV_0014,28.614835,77.207206,2026-09-07 12:12:00,Store_A
DEV_0014,28.610252,77.205097,2026-09-07 12:17:00,Store_A
DEV_0014,28.613247,77.206549,2026-09-07 12:43:00,Store_A
DEV_0014,28.613315,77.209545,2026-09-07 13:13:00,Store_A
DEV_0014,28.609905,77.20553,2026-09-07 13:41:00,Store_A
DEV_0014,28.612024,77.208861,2026-09-07 13:44:00,Store_A
DEV_0014,28.613646,77.21285,2026-09-07 14:14:00,Store_A
DEV_0014,28.612914,77.214355,2026-09-07 14:40:00,Store_B
DEV_0014,28.616934,77.216836,2026-09-07 15:08:00,Store_B
DEV_0014,28.619645,77.211065,2026-09-07 15:26:00,Store_B
DEV_0014,28.617052,77.211612,2026-09-07 15:31:00,Store_B
DEV_0014,28.61845,77.215226,2026-09-07 15:39:00,Store_B
DEV_0014,28.616419,77.208471,2026-09-07 15:48:00,Store_A
DEV_0014,28.61952,77.211405,2026-09-07 16:12:00,Store_B
DEV_0014,28.61241,77.213734,2026-09-07 16:38:00,Store_B
DEV_0014,28.612852,77.210184,2026-09-07 16:46:00,Store_B
DEV_0014,28.616946,77.20699,2026-09-07 17:15:00,Store_A
DEV_0014,28.617308,77.210579,2026-09-07 17:32:00,Store_A
DEV_0014,28.615301,77.212199,2026-09-07 17:51:00,Store_B
DEV_0014,28.614393,77.21094,2026-09-07 18:11:00,Store_B
DEV_0015,28.619588,77.214303,2026-09-01 06:25:00,Store_B
DEV_0015,28.619409,77.209455,2026-09-01 06:38:00,Store_B
DEV_0015,28.613232,77.212785,2026-09-01 06:39:00,Store_B
DEV_0015,28.619501,77.209946,2026-09-01 06:47:00,Store_B
DEV_0015,28.619033,77.212935,2026-09-01 07:00:00,Store_B
DEV_0015,28.613143,77.211796,2026-09-01 07:10:00,Store_A
DEV_0015,28.614785,77.206319,2026-09-01 07:16:00,Store_A
DEV_0015,28.616748,77.215826,2026-09-01 07:20:00,Store_B
DEV_0015,28.610558,77.210899,2026-09-01 07:25:00,Store_A
DEV_0015,28.615941,77.209739,2026-09-01 07:51:00,Store_B
DEV_0015,28.617835,77.205017,2026-09-01 07:57:00,Store_A
DEV_0015,28.610968,77.21287,2026-09-01 08:09:00,Store_A
DEV_0015,28.617328,77.2097,2026-09-01 08:15:00,Store_B
DEV_0015,28.614641,77.209312,2026-09-01 08:34:00,Store_B
DEV_0015,28.617805,77.209915,2026-09-01 09:01:00,Store_A
DEV_0015,28.616216,77.212176,2026-09-01 09:28:00,Store_A
DEV_0015,28.61286,77.213747,2026-09-01 09:48:00,Store_B
DEV_0015,28.616554,77.207276,2026-09-01 09:51:00,Store_A
DEV_0015,28.616849,77.21108,2026-09-01 10:12:00,Store_B
DEV_0015,28.613871,77.20679,2026-09-01 10:22:00,Store_A
DEV_0015,28.613047,77.207709,2026-09-01 10:28:00,Store_A
DEV_0015,28.618482,77.21187,2026-09-01 10:45:00,Store_B
DEV_0015,28.614349,77.214645,2026-09-01 10:58:00,Store_B
DEV_0015,28.618456,77.210881,2026-09-01 11:26:00,Store_B
DEV_0015,28.61733,77.210684,2026-09-01 11:41:00,Store_B
DEV_0015,28.615526,77.205294,2026-09-01 11:43:00,Store_A
DEV_0015,28.611081,77.212986,2026-09-01 11:48:00,Store_A
DEV_0015,28.615682,77.20726,2026-09-01 11:59:00,Store_A
DEV_0015,28.616634,77.214749,2026-09-01 12:13:00,Store_B
DEV_0015,28.612981,77.214154,2026-09-01 12:35:00,Store_B
DEV_0015,28.619499,77.210678,2026-09-01 12:51:00,Store_B
DEV_0015,28.612814,77.208126,2026-09-01 13:03:00,Store_A
DEV_0015,28.610291,77.211729,2026-09-01 13:29:00,Store_A
DEV_0015,28.615116,77.2155,2026-09-01 13:44:00,Store_B
DEV_0015,28.61827,77.215901,2026-09-01 13:59:00,Store_B
DEV_0015,28.616426,77.210962,2026-09-01 14:22:00,Store_A
DEV_0015,28.617267,77.216665,2026-09-01 14:47:00,Store_B
DEV_0015,28.60996,77.211266,2026-09-01 14:56:00,Store_A
DEV_0015,28.612746,77.216004,2026-09-01 15:07:00,Store_B
DEV_0015,28.610236,77.206123,2026-09-01 15:24:00,Store_A
DEV_0015,28.619657,77.216258,2026-09-02 06:24:00,Store_B
DEV_0015,28.613243,77.211167,2026-09-02 06:45:00,Store_A
DEV_0015,28.617691,77.215402,2026-09-02 06:57:00,Store_B
DEV_0015,28.612022,77.212862,2026-09-02 07:24:00,Store_B
DEV_0015,28.611588,77.20766,2026-09-02 07:46:00,Store_A
DEV_0015,28.616247,77.216117,2026-09-02 08:05:00,Store_B
DEV_0015,28.61338,77.212599,2026-09-02 08:31:00,Store_A
DEV_0015,28.61354,77.210753,2026-09-02 08:49:00,Store_A
DEV_0015,28.61631,77.215046,2026-09-02 08:51:00,Store_B
DEV_0015,28.614661,77.212259,2026-09-02 09:12:00,Store_B
DEV_0015,28.613696,77.212026,2026-09-02 09:42:00,Store_A
DEV_0015,28.619313,77.21387,2026-09-02 09:50:00,Store_B
DEV_0015,28.618678,77.210783,2026-09-02 09:59:00,Store_B
DEV_0015,28.619132,77.215817,2026-09-02 10:26:00,Store_B
DEV_0015,28.615247,77.209637,2026-09-02 10:39:00,Store_A
DEV_0015,28.612034,77.210834,2026-09-02 10:47:00,Store_B
DEV_0015,28.613912,77.209018,2026-09-02 10:49:00,Store_B
DEV_0015,28.616319,77.207189,2026-09-02 11:16:00,Store_A
DEV_0015,28.612131,77.215948,2026-09-02 11:40:00,Store_B
DEV_0015,28.618151,77.214307,2026-09-02 11:56:00,Store_B
DEV_0015,28.614173,77.209419,2026-09-02 12:21:00,Store_A
DEV_0015,28.616742,77.212405,2026-09-02 12:34:00,Store_A
DEV_0015,28.613418,77.214249,2026-09-02 12:35:00,Store_B
DEV_0015,28.612637,77.214175,2026-09-02 12:51:00,Store_B
DEV_0015,28.610696,77.212449,2026-09-02 13:15:00,Store_A
DEV_0015,28.613352,77.211339,2026-09-02 13:24:00,Store_B
DEV_0015,28.613295,77.212412,2026-09-02 13:48:00,Store_B
DEV_0015,28.612791,77.211121,2026-09-02 13:58:00,Store_A
DEV_0015,28.619983,77.214532,2026-09-02 14:19:00,Store_B
DEV_0015,28.61051,77.206245,2026-09-02 14:23:00,Store_A
DEV_0015,28.617529,77.205528,2026-09-02 14:48:00,Store_A
DEV_0015,28.619721,77.209907,2026-09-02 15:03:00,Store_B
DEV_0015,28.612972,77.215128,2026-09-02 15:28:00,Store_B
DEV_0015,28.616086,77.21285,2026-09-02 15:48:00,Store_B
DEV_0015,28.618284,77.21185,2026-09-02 15:51:00,Store_B
DEV_0015,28.613411,77.215453,2026-09-02 16:09:00,Store_B
DEV_0015,28.617803,77.216287,2026-09-02 16:29:00,Store_B
DEV_0015,28.617837,77.206298,2026-09-02 16:40:00,Store_A
DEV_0015,28.614077,77.210516,2026-09-02 16:47:00,Store_A
DEV_0015,28.619929,77.215059,2026-09-02 16:59:00,Store_B
DEV_0015,28.612621,77.208114,2026-09-03 06:25:00,Store_A
DEV_0015,28.612829,77.213099,2026-09-03 06:51:00,Store_B
DEV_0015,28.613699,77.210521,2026-09-03 07:12:00,Store_B
DEV_0015,28.618188,77.214982,2026-09-03 07:15:00,Store_B
DEV_0015,28.616576,77.21247,2026-09-03 07:40:00,Store_A
DEV_0015,28.61646,77.212663,2026-09-03 07:51:00,Store_B
DEV_0015,28.613593,77.209336,2026-09-03 08:06:00,Store_B
DEV_0015,28.60993,77.207843,2026-09-03 08:28:00,Store_A
DEV_0015,28.61719,77.212324,2026-09-03 08:55:00,Store_B
DEV_0015,28.617657,77.211896,2026-09-03 08:58:00,Store_A
DEV_0015,28.616644,77.209757,2026-09-03 09:16:00,Store_A
DEV_0015,28.614643,77.208787,2026-09-03 09:34:00,Store_A
DEV_0015,28.612958,77.215487,2026-09-03 10:00:00,Store_B
DEV_0015,28.613968,77.213297,2026-09-03 10:14:00,Store_B
DEV_0015,28.612312,77.209853,2026-09-03 10:24:00,Store_B
DEV_0015,28.615467,77.211526,2026-09-03 10:29:00,Store_A
DEV_0015,28.61472,77.212296,2026-09-03 10:32:00,Store_B
DEV_0015,28.612601,77.211467,2026-09-03 10:42:00,Store_B
DEV_0015,28.612182,77.21685,2026-09-03 10:53:00,Store_B
DEV_0015,28.615594,77.211956,2026-09-03 11:23:00,Store_A
DEV_0015,28.6128,77.205761,2026-09-03 11:32:00,Store_A
DEV_0015,28.614546,77.20999,2026-09-03 11:51:00,Store_B
DEV_0015,28.614558,77.205631,2026-09-03 11:53:00,Store_A
DEV_0015,28.614492,77.215085,2026-09-03 12:18:00,Store_B
DEV_0015,28.616393,77.209391,2026-09-03 12:37:00,Store_A
DEV_0015,28.619251,77.214263,2026-09-03 12:41:00,Store_B
DEV_0015,28.618018,77.209326,2026-09-03 13:11:00,Store_B
DEV_0015,28.612744,77.211666,2026-09-03 13:35:00,Store_B
DEV_0015,28.610995,77.205755,2026-09-03 13:54:00,Store_A
DEV_0015,28.610755,77.208816,2026-09-03 14:10:00,Store_A
DEV_0015,28.615248,77.209855,2026-09-03 14:16:00,Store_B
DEV_0015,28.610556,77.206347,2026-09-03 14:37:00,Store_A
DEV_0015,28.614947,77.205135,2026-09-03 14:44:00,Store_A
DEV_0015,28.611255,77.212658,2026-09-03 15:12:00,Store_A
DEV_0015,28.617817,77.205042,2026-09-03 15:29:00,Store_A
DEV_0015,28.616614,77.214839,2026-09-03 15:56:00,Store_B
DEV_0015,28.613841,77.206903,2026-09-03 16:10:00,Store_A
DEV_0015,28.614806,77.208108,2026-09-03 16:37:00,Store_A
DEV_0015,28.614754,77.212236,2026-09-03 16:56:00,Store_B
DEV_0015,28.619286,77.211301,2026-09-03 17:04:00,Store_B
DEV_0015,28.615555,77.20704,2026-09-04 06:20:00,Store_A
DEV_0015,28.612012,77.209917,2026-09-04 06:39:00,Store_B
DEV_0015,28.615874,77.21053,2026-09-04 06:58:00,Store_A
DEV_0015,28.616416,77.209642,2026-09-04 07:20:00,Store_A
DEV_0015,28.61096,77.205322,2026-09-04 07:28:00,Store_A
DEV_0015,28.61575,77.210473,2026-09-04 07:33:00,Store_A
DEV_0015,28.612112,77.205901,2026-09-04 07:34:00,Store_A
DEV_0015,28.615638,77.21164,2026-09-04 07:35:00,Store_A
DEV_0015,28.612856,77.210651,2026-09-04 07:40:00,Store_B
DEV_0015,28.615695,77.211285,2026-09-04 08:08:00,Store_A
DEV_0015,28.614601,77.212289,2026-09-04 08:30:00,Store_B
DEV_0015,28.615547,77.210612,2026-09-04 08:51:00,Store_B
DEV_0015,28.611554,77.207825,2026-09-04 09:19:00,Store_A
DEV_0015,28.613819,77.212593,2026-09-04 09:33:00,Store_A
DEV_0015,28.611917,77.208466,2026-09-04 09:39:00,Store_A
DEV_0015,28.616151,77.21167,2026-09-04 10:03:00,Store_A
DEV_0015,28.616194,77.210631,2026-09-04 10:07:00,Store_B
DEV_0015,28.613126,77.211235,2026-09-04 10:21:00,Store_B
DEV_0015,28.613686,77.211101,2026-09-04 10:24:00,Store_A
DEV_0015,28.614783,77.214154,2026-09-04 10:39:00,Store_B
DEV_0015,28.615407,77.207205,2026-09-04 10:55:00,Store_A
DEV_0015,28.614157,77.212843,2026-09-04 11:10:00,Store_B
DEV_0015,28.610037,77.206875,2026-09-04 11:26:00,Store_A
DEV_0015,28.613751,77.216588,2026-09-04 11:43:00,Store_B
DEV_0015,28.610779,77.21077,2026-09-04 12:00:00,Store_A
DEV_0015,28.617519,77.211174,2026-09-04 12:22:00,Store_B
DEV_0015,28.617971,77.209162,2026-09-04 12:41:00,Store_B
DEV_0015,28.61183,77.207263,2026-09-04 13:07:00,Store_A
DEV_0015,28.615962,77.210348,2026-09-04 13:25:00,Store_A
DEV_0015,28.61492,77.21282,2026-09-04 13:26:00,Store_A
DEV_0015,28.617569,77.207619,2026-09-04 13:49:00,Store_A
DEV_0015,28.616544,77.209012,2026-09-04 13:56:00,Store_B
DEV_0015,28.610768,77.207451,2026-09-04 14:21:00,Store_A
DEV_0015,28.614009,77.215437,2026-09-04 14:40:00,Store_B
DEV_0015,28.614931,77.210359,2026-09-04 15:00:00,Store_A
DEV_0015,28.612769,77.212775,2026-09-04 15:07:00,Store_B
DEV_0015,28.612498,77.211862,2026-09-04 15:19:00,Store_A
DEV_0015,28.618071,77.21326,2026-09-04 15:35:00,Store_B
DEV_0015,28.613347,77.209499,2026-09-04 15:58:00,Store_A
DEV_0015,28.610726,77.212167,2026-09-04 16:06:00,Store_A
DEV_0015,28.618932,77.21064,2026-09-05 06:14:00,Store_B
DEV_0015,28.610721,77.212918,2026-09-05 06:32:00,Store_A
DEV_0015,28.617747,77.210766,2026-09-05 06:39:00,Store_B
DEV_0015,28.612867,77.205293,2026-09-05 06:40:00,Store_A
DEV_0015,28.612962,77.211243,2026-09-05 06:59:00,Store_B
DEV_0015,28.619145,77.209748,2026-09-05 07:29:00,Store_B
DEV_0015,28.614794,77.205748,2026-09-05 07:38:00,Store_A
DEV_0015,28.610253,77.210512,2026-09-05 07:56:00,Store_A
DEV_0015,28.615158,77.210567,2026-09-05 07:57:00,Store_A
DEV_0015,28.618537,77.210731,2026-09-05 08:11:00,Store_B
DEV_0015,28.612801,77.21303,2026-09-05 08:19:00,Store_B
DEV_0015,28.612001,77.214571,2026-09-05 08:49:00,Store_B
DEV_0015,28.618027,77.21345,2026-09-05 08:55:00,Store_B
DEV_0015,28.615811,77.212846,2026-09-05 09:14:00,Store_A
DEV_0015,28.615238,77.20654,2026-09-05 09:41:00,Store_A
DEV_0015,28.611774,77.205362,2026-09-05 09:47:00,Store_A
DEV_0015,28.616518,77.206581,2026-09-05 09:57:00,Store_A
DEV_0015,28.61249,77.212596,2026-09-05 10:17:00,Store_B
DEV_0015,28.610152,77.210806,2026-09-05 10:41:00,Store_A
DEV_0015,28.612833,77.211053,2026-09-05 11:06:00,Store_A
DEV_0015,28.618678,77.212455,2026-09-05 11:29:00,Store_B
DEV_0015,28.616569,77.206273,2026-09-05 11:42:00,Store_A
DEV_0015,28.611271,77.205281,2026-09-05 11:48:00,Store_A
DEV_0015,28.612868,77.215115,2026-09-05 11:55:00,Store_B
DEV_0015,28.61113,77.205868,2026-09-05 12:03:00,Store_A
DEV_0015,28.612029,77.209162,2026-09-05 12:21:00,Store_A
DEV_0015,28.619091,77.210259,2026-09-05 12:41:00,Store_B
DEV_0015,28.617529,77.208399,2026-09-05 13:01:00,Store_A
DEV_0015,28.614233,77.211082,2026-09-05 13:08:00,Store_B
DEV_0015,28.61147,77.207364,2026-09-05 13:33:00,Store_A
DEV_0015,28.619418,77.215998,2026-09-05 13:37:00,Store_B
DEV_0015,28.617107,77.206838,2026-09-05 14:00:00,Store_A
DEV_0015,28.614381,77.208157,2026-09-05 14:21:00,Store_A
DEV_0015,28.610323,77.206438,2026-09-05 14:50:00,Store_A
DEV_0015,28.616292,77.206924,2026-09-05 14:52:00,Store_A
DEV_0015,28.611832,77.209418,2026-09-05 15:03:00,Store_A
DEV_0015,28.611977,77.207657,2026-09-05 15:08:00,Store_A
DEV_0015,28.610252,77.208924,2026-09-05 15:35:00,Store_A
DEV_0015,28.611018,77.21132,2026-09-05 15:58:00,Store_A
DEV_0015,28.614044,77.209999,2026-09-05 16:01:00,Store_A
DEV_0015,28.617767,77.213374,2026-09-06 06:24:00,Store_B
DEV_0015,28.615687,77.214451,2026-09-06 06:52:00,Store_B
DEV_0015,28.61224,77.215124,2026-09-06 07:17:00,Store_B
DEV_0015,28.616102,77.210527,2026-09-06 07:45:00,Store_A
DEV_0015,28.610569,77.206319,2026-09-06 08:09:00,Store_A
DEV_0015,28.610561,77.206523,2026-09-06 08:35:00,Store_A
DEV_0015,28.613412,77.212154,2026-09-06 08:56:00,Store_A
DEV_0015,28.612458,77.214047,2026-09-06 09:16:00,Store_B
DEV_0015,28.615654,77.212907,2026-09-06 09:27:00,Store_A
DEV_0015,28.617377,77.215358,2026-09-06 09:44:00,Store_B
DEV_0015,28.61802,77.211086,2026-09-06 09:47:00,Store_B
DEV_0015,28.614703,77.209611,2026-09-06 10:03:00,Store_A
DEV_0015,28.615929,77.216282,2026-09-06 10:06:00,Store_B
DEV_0015,28.611306,77.211106,2026-09-06 10:23:00,Store_A
DEV_0015,28.612413,77.208751,2026-09-06 10:40:00,Store_A
DEV_0015,28.615739,77.209353,2026-09-06 10:42:00,Store_B
DEV_0015,28.615196,77.212086,2026-09-06 10:55:00,Store_A
DEV_0015,28.617093,77.20971,2026-09-06 11:19:00,Store_B
DEV_0015,28.61624,77.212241,2026-09-06 11:38:00,Store_B
DEV_0015,28.611786,77.206194,2026-09-06 11:47:00,Store_A
DEV_0015,28.617825,77.207957,2026-09-06 11:49:00,Store_A
DEV_0015,28.614481,77.210362,2026-09-06 12:08:00,Store_B
DEV_0015,28.617837,77.21342,2026-09-06 12:10:00,Store_B
DEV_0015,28.612424,77.210663,2026-09-06 12:24:00,Store_B
DEV_0015,28.616945,77.215292,2026-09-06 12:25:00,Store_B
DEV_0015,28.610906,77.205486,2026-09-06 12:51:00,Store_A
DEV_0015,28.617325,77.211922,2026-09-06 13:00:00,Store_A
DEV_0015,28.617022,77.212322,2026-09-06 13:24:00,Store_A
DEV_0015,28.611993,77.210866,2026-09-06 13:52:00,Store_A
DEV_0015,28.61428,77.208789,2026-09-06 14:21:00,Store_A
DEV_0015,28.614025,77.208025,2026-09-06 14:46:00,Store_A
DEV_0015,28.614127,77.205513,2026-09-06 14:55:00,Store_A
DEV_0015,28.611139,77.205524,2026-09-06 15:18:00,Store_A
DEV_0015,28.616953,77.211361,2026-09-06 15:24:00,Store_B
DEV_0015,28.615261,77.210269,2026-09-06 15:32:00,Store_B
DEV_0015,28.618052,77.210044,2026-09-06 15:56:00,Store_B
DEV_0015,28.613711,77.211477,2026-09-06 16:21:00,Store_B
DEV_0015,28.612657,77.215988,2026-09-06 16:48:00,Store_B
DEV_0015,28.614333,77.216858,2026-09-06 17:01:00,Store_B
DEV_0015,28.612737,77.211002,2026-09-06 17:26:00,Store_A
DEV_0015,28.61893,77.209339,2026-09-07 06:13:00,Store_B
DEV_0015,28.615669,77.207952,2026-09-07 06:31:00,Store_A
DEV_0015,28.612251,77.212674,2026-09-07 07:01:00,Store_A
DEV_0015,28.615249,77.208759,2026-09-07 07:11:00,Store_A
DEV_0015,28.618337,77.215905,2026-09-07 07:28:00,Store_B
DEV_0015,28.616076,77.210846,2026-09-07 07:40:00,Store_A
DEV_0015,28.614349,77.209008,2026-09-07 07:46:00,Store_A
DEV_0015,28.614652,77.21678,2026-09-07 08:01:00,Store_B
DEV_0015,28.615289,77.207719,2026-09-07 08:11:00,Store_A
DEV_0015,28.617845,77.207331,2026-09-07 08:18:00,Store_A
DEV_0015,28.611571,77.21112,2026-09-07 08:30:00,Store_A
DEV_0015,28.616528,77.207062,2026-09-07 08:41:00,Store_A
DEV_0015,28.613058,77.206775,2026-09-07 08:46:00,Store_A
DEV_0015,28.61062,77.21069,2026-09-07 09:01:00,Store_A
DEV_0015,28.61777,77.215299,2026-09-07 09:19:00,Store_B
DEV_0015,28.614752,77.206589,2026-09-07 09:38:00,Store_A
DEV_0015,28.614947,77.206584,2026-09-07 09:45:00,Store_A
DEV_0015,28.61314,77.207584,2026-09-07 09:53:00,Store_A
DEV_0015,28.616959,77.211839,2026-09-07 10:17:00,Store_A
DEV_0015,28.61755,77.212345,2026-09-07 10:37:00,Store_A
DEV_0015,28.618067,77.21162,2026-09-07 10:50:00,Store_B
DEV_0015,28.613594,77.209005,2026-09-07 11:04:00,Store_A
DEV_0015,28.609985,77.206479,2026-09-07 11:31:00,Store_A
DEV_0015,28.617878,77.205235,2026-09-07 11:35:00,Store_A
DEV_0015,28.618229,77.209896,2026-09-07 11:40:00,Store_B
DEV_0015,28.611855,77.208018,2026-09-07 11:56:00,Store_A
DEV_0015,28.614111,77.211269,2026-09-07 12:16:00,Store_B
DEV_0015,28.617583,77.212263,2026-09-07 12:46:00,Store_A
DEV_0015,28.616958,77.210441,2026-09-07 12:59:00,Store_A
DEV_0015,28.616878,77.211766,2026-09-07 13:28:00,Store_B
DEV_0015,28.61051,77.20983,2026-09-07 13:54:00,Store_A
DEV_0015,28.616867,77.210114,2026-09-07 14:13:00,Store_A
DEV_0015,28.612871,77.211338,2026-09-07 14:21:00,Store_B
DEV_0015,28.616239,77.211744,2026-09-07 14:22:00,Store_B
DEV_0015,28.615952,77.208258,2026-09-07 14:28:00,Store_A
DEV_0015,28.617433,77.209853,2026-09-07 14:45:00,Store_A
DEV_0015,28.610488,77.20861,2026-09-07 14:56:00,Store_A
DEV_0015,28.615346,77.209738,2026-09-07 15:26:00,Store_B
DEV_0015,28.615463,77.211858,2026-09-07 15:36:00,Store_A
DEV_0015,28.614057,77.208258,2026-09-07 16:00:00,Store_A
DEV_0016,28.616537,77.210044,2026-09-01 06:25:00,Store_A
DEV_0016,28.613901,77.216485,2026-09-01 06:39:00,Store_B
DEV_0016,28.61973,77.21495,2026-09-01 06:56:00,Store_B
DEV_0016,28.610832,77.20603,2026-09-01 07:21:00,Store_A
DEV_0016,28.617411,77.212551,2026-09-01 07:49:00,Store_A
DEV_0016,28.614062,77.206625,2026-09-01 08:02:00,Store_A
DEV_0016,28.619076,77.209707,2026-09-01 08:30:00,Store_B
DEV_0016,28.61299,77.210479,2026-09-01 08:33:00,Store_A
DEV_0016,28.619522,77.210703,2026-09-01 08:39:00,Store_B
DEV_0016,28.611932,77.207724,2026-09-01 08:41:00,Store_A
DEV_0016,28.616073,77.210467,2026-09-01 09:00:00,Store_B
DEV_0016,28.613783,77.211779,2026-09-01 09:14:00,Store_A
DEV_0016,28.614869,77.212871,2026-09-01 09:41:00,Store_A
DEV_0016,28.614323,77.216705,2026-09-01 09:45:00,Store_B
DEV_0016,28.612332,77.209436,2026-09-01 10:11:00,Store_A
DEV_0016,28.618242,77.211741,2026-09-01 10:19:00,Store_B
DEV_0016,28.618903,77.216302,2026-09-01 10:43:00,Store_B
DEV_0016,28.61316,77.206696,2026-09-01 11:04:00,Store_A
DEV_0016,28.616916,77.209993,2026-09-01 11:08:00,Store_B
DEV_0016,28.615612,77.214552,2026-09-01 11:28:00,Store_B
DEV_0016,28.613959,77.212946,2026-09-01 11:47:00,Store_A
DEV_0016,28.616326,77.207286,2026-09-01 11:53:00,Store_A
DEV_0016,28.615617,77.208625,2026-09-01 12:02:00,Store_A
DEV_0016,28.613123,77.209783,2026-09-01 12:21:00,Store_A
DEV_0016,28.618133,77.213582,2026-09-01 12:34:00,Store_B
DEV_0016,28.618642,77.214134,2026-09-01 12:59:00,Store_B
DEV_0016,28.612717,77.213178,2026-09-01 13:04:00,Store_B
DEV_0016,28.616634,77.214094,2026-09-01 13:23:00,Store_B
DEV_0016,28.611075,77.209523,2026-09-01 13:33:00,Store_A
DEV_0016,28.616078,77.212099,2026-09-01 13:52:00,Store_A
DEV_0016,28.617526,77.212124,2026-09-01 13:56:00,Store_A
DEV_0016,28.616613,77.211457,2026-09-01 14:04:00,Store_A
DEV_0016,28.618244,77.21521,2026-09-01 14:18:00,Store_B
DEV_0016,28.616511,77.216685,2026-09-01 14:20:00,Store_B
DEV_0016,28.616978,77.209184,2026-09-01 14:38:00,Store_B
DEV_0016,28.61324,77.214122,2026-09-01 14:53:00,Store_B
DEV_0016,28.619779,77.209244,2026-09-01 15:08:00,Store_B
DEV_0016,28.615894,77.207476,2026-09-01 15:32:00,Store_A
DEV_0016,28.61406,77.206763,2026-09-01 15:54:00,Store_A
DEV_0016,28.617202,77.216188,2026-09-01 16:11:00,Store_B
DEV_0016,28.615158,77.209489,2026-09-02 06:01:00,Store_A
DEV_0016,28.618624,77.216178,2026-09-02 06:15:00,Store_B
DEV_0016,28.617753,77.212218,2026-09-02 06:34:00,Store_A
DEV_0016,28.614731,77.213394,2026-09-02 07:02:00,Store_B
DEV_0016,28.61315,77.211105,2026-09-02 07:20:00,Store_A
DEV_0016,28.613373,77.207128,2026-09-02 07:46:00,Store_A
DEV_0016,28.616583,77.211758,2026-09-02 08:07:00,Store_B
DEV_0016,28.617288,77.206733,2026-09-02 08:25:00,Store_A
DEV_0016,28.61847,77.209786,2026-09-02 08:52:00,Store_B
DEV_0016,28.616032,77.211458,2026-09-02 09:03:00,Store_A
DEV_0016,28.619844,77.215003,2026-09-02 09:12:00,Store_B
DEV_0016,28.616118,77.208189,2026-09-02 09:17:00,Store_A
DEV_0016,28.614601,77.211185,2026-09-02 09:45:00,Store_A
DEV_0016,28.617008,77.209324,2026-09-02 09:46:00,Store_B
DEV_0016,28.613727,77.20679,2026-09-02 09:47:00,Store_A
DEV_0016,28.616803,77.216259,2026-09-02 10:00:00,Store_B
DEV_0016,28.617888,77.205934,2026-09-02 10:25:00,Store_A
DEV_0016,28.616031,77.2096,2026-09-02 10:47:00,Store_B
DEV_0016,28.616415,77.207679,2026-09-02 11:14:00,Store_A
DEV_0016,28.610283,77.20553,2026-09-02 11:31:00,Store_A
DEV_0016,28.614797,77.207234,2026-09-02 11:41:00,Store_A
DEV_0016,28.616763,77.207571,2026-09-02 11:56:00,Store_A
DEV_0016,28.618189,77.215903,2026-09-02 12:13:00,Store_B
DEV_0016,28.616875,77.212595,2026-09-02 12:34:00,Store_A
DEV_0016,28.617016,77.209402,2026-09-02 12:46:00,Store_B
DEV_0016,28.615,77.207161,2026-09-02 13:15:00,Store_A
DEV_0016,28.615525,77.213791,2026-09-02 13:28:00,Store_B
DEV_0016,28.610365,77.212543,2026-09-02 13:57:00,Store_A
DEV_0016,28.615708,77.211104,2026-09-02 14:11:00,Store_A
DEV_0016,28.61467,77.207756,2026-09-02 14:29:00,Store_A
DEV_0016,28.615867,77.208937,2026-09-02 14:50:00,Store_A
DEV_0016,28.619383,77.216385,2026-09-02 14:56:00,Store_B
DEV_0016,28.616053,77.207108,2026-09-02 15:09:00,Store_A
DEV_0016,28.612537,77.210562,2026-09-02 15:16:00,Store_B
DEV_0016,28.613857,77.216498,2026-09-02 15:46:00,Store_B
DEV_0016,28.614863,77.216445,2026-09-02 15:53:00,Store_B
DEV_0016,28.619327,77.21221,2026-09-02 16:08:00,Store_B
DEV_0016,28.613614,77.206639,2026-09-02 16:37:00,Store_A
DEV_0016,28.615324,77.205629,2026-09-02 16:43:00,Store_A
DEV_0016,28.612939,77.206751,2026-09-02 16:57:00,Store_A
DEV_0016,28.616501,77.212836,2026-09-03 06:11:00,Store_A
DEV_0016,28.613642,77.209369,2026-09-03 06:23:00,Store_A
DEV_0016,28.61297,77.210746,2026-09-03 06:26:00,Store_B
DEV_0016,28.614457,77.21374,2026-09-03 06:50:00,Store_B
DEV_0016,28.616816,77.207584,2026-09-03 06:55:00,Store_A
DEV_0016,28.614352,77.209344,2026-09-03 07:22:00,Store_B
DEV_0016,28.613349,77.207278,2026-09-03 07:24:00,Store_A
DEV_0016,28.613514,77.210456,2026-09-03 07:51:00,Store_A
DEV_0016,28.613087,77.209273,2026-09-03 08:21:00,Store_A
DEV_0016,28.61714,77.210927,2026-09-03 08:37:00,Store_A
DEV_0016,28.617221,77.205601,2026-09-03 09:04:00,Store_A
DEV_0016,28.615012,77.212025,2026-09-03 09:33:00,Store_A
DEV_0016,28.610719,77.206547,2026-09-03 09:50:00,Store_A
DEV_0016,28.613373,77.213369,2026-09-03 10:14:00,Store_B
DEV_0016,28.618275,77.214494,2026-09-03 10:29:00,Store_B
DEV_0016,28.615963,77.211933,2026-09-03 10:37:00,Store_A
DEV_0016,28.616913,77.211785,2026-09-03 10:43:00,Store_A
DEV_0016,28.615267,77.211708,2026-09-03 11:02:00,Store_B
DEV_0016,28.619678,77.209183,2026-09-03 11:28:00,Store_B
DEV_0016,28.615222,77.216417,2026-09-03 11:32:00,Store_B
DEV_0016,28.615827,77.209489,2026-09-03 12:00:00,Store_B
DEV_0016,28.613888,77.212241,2026-09-03 12:25:00,Store_B
DEV_0016,28.616781,77.205124,2026-09-03 12:50:00,Store_A
DEV_0016,28.612909,77.206149,2026-09-03 13:12:00,Store_A
DEV_0016,28.611344,77.210033,2026-09-03 13:23:00,Store_A
DEV_0016,28.61059,77.208147,2026-09-03 13:51:00,Store_A
DEV_0016,28.612119,77.21168,2026-09-03 14:06:00,Store_B
DEV_0016,28.615394,77.208239,2026-09-03 14:11:00,Store_A
DEV_0016,28.614083,77.211161,2026-09-03 14:17:00,Store_A
DEV_0016,28.617754,77.20611,2026-09-03 14:36:00,Store_A
DEV_0016,28.619751,77.21504,2026-09-03 14:38:00,Store_B
DEV_0016,28.613882,77.213987,2026-09-03 14:56:00,Store_B
DEV_0016,28.618267,77.215945,2026-09-03 15:02:00,Store_B
DEV_0016,28.617037,77.205302,2026-09-03 15:13:00,Store_A
DEV_0016,28.617511,77.210534,2026-09-03 15:21:00,Store_A
DEV_0016,28.6198,77.213786,2026-09-03 15:44:00,Store_B
DEV_0016,28.616059,77.211335,2026-09-03 15:49:00,Store_B
DEV_0016,28.61906,77.211702,2026-09-03 16:13:00,Store_B
DEV_0016,28.615078,77.207269,2026-09-03 16:28:00,Store_A
DEV_0016,28.619699,77.215009,2026-09-03 16:30:00,Store_B
DEV_0016,28.612733,77.216389,2026-09-04 06:08:00,Store_B
DEV_0016,28.615581,77.212821,2026-09-04 06:26:00,Store_B
DEV_0016,28.61011,77.209925,2026-09-04 06:35:00,Store_A
DEV_0016,28.618242,77.216708,2026-09-04 06:38:00,Store_B
DEV_0016,28.615959,77.213258,2026-09-04 06:51:00,Store_B
DEV_0016,28.616756,77.209597,2026-09-04 07:05:00,Store_A
DEV_0016,28.617748,77.210231,2026-09-04 07:32:00,Store_B
DEV_0016,28.612461,77.209614,2026-09-04 07:48:00,Store_A
DEV_0016,28.616224,77.209257,2026-09-04 08:10:00,Store_A
DEV_0016,28.613089,77.20649,2026-09-04 08:31:00,Store_A
DEV_0016,28.612849,77.210564,2026-09-04 09:00:00,Store_A
DEV_0016,28.615209,77.211942,2026-09-04 09:25:00,Store_A
DEV_0016,28.615048,77.213956,2026-09-04 09:47:00,Store_B
DEV_0016,28.616554,77.209245,2026-09-04 09:51:00,Store_B
DEV_0016,28.612137,77.209334,2026-09-04 10:16:00,Store_A
DEV_0016,28.61882,77.211147,2026-09-04 10:22:00,Store_B
DEV_0016,28.615685,77.212153,2026-09-04 10:27:00,Store_B
DEV_0016,28.618612,77.213891,2026-09-04 10:33:00,Store_B
DEV_0016,28.614972,77.206065,2026-09-04 10:51:00,Store_A
DEV_0016,28.618316,77.215642,2026-09-04 10:59:00,Store_B
DEV_0016,28.614269,77.212212,2026-09-04 11:18:00,Store_A
DEV_0016,28.612621,77.206315,2026-09-04 11:21:00,Store_A
DEV_0016,28.613493,77.215092,2026-09-04 11:45:00,Store_B
DEV_0016,28.613423,77.21656,2026-09-04 11:58:00,Store_B
DEV_0016,28.617649,77.206375,2026-09-04 12:17:00,Store_A
DEV_0016,28.616847,77.206778,2026-09-04 12:34:00,Store_A
DEV_0016,28.612818,77.215884,2026-09-04 12:51:00,Store_B
DEV_0016,28.614379,77.20813,2026-09-04 13:03:00,Store_A
DEV_0016,28.617513,77.208917,2026-09-04 13:12:00,Store_A
DEV_0016,28.619597,77.213469,2026-09-04 13:13:00,Store_B
DEV_0016,28.618048,77.215184,2026-09-04 13:23:00,Store_B
DEV_0016,28.613794,77.210553,2026-09-04 13:44:00,Store_B
DEV_0016,28.616922,77.212151,2026-09-04 14:11:00,Store_A
DEV_0016,28.617311,77.205906,2026-09-04 14:27:00,Store_A
DEV_0016,28.613319,77.210593,2026-09-04 14:54:00,Store_B
DEV_0016,28.616656,77.211153,2026-09-04 14:56:00,Store_B
DEV_0016,28.616609,77.206681,2026-09-04 15:06:00,Store_A
DEV_0016,28.612502,77.208629,2026-09-04 15:17:00,Store_A
DEV_0016,28.613618,77.210733,2026-09-04 15:23:00,Store_B
DEV_0016,28.616955,77.210716,2026-09-04 15:37:00,Store_B
DEV_0016,28.617823,77.216605,2026-09-05 06:04:00,Store_B
DEV_0016,28.61629,77.208579,2026-09-05 06:15:00,Store_A
DEV_0016,28.610028,77.209966,2026-09-05 06:43:00,Store_A
DEV_0016,28.615477,77.210146,2026-09-05 06:47:00,Store_A
DEV_0016,28.619603,77.21534,2026-09-05 06:49:00,Store_B
DEV_0016,28.613419,77.212063,2026-09-05 07:06:00,Store_B
DEV_0016,28.615469,77.20919,2026-09-05 07:24:00,Store_A
DEV_0016,28.614741,77.211679,2026-09-05 07:49:00,Store_A
DEV_0016,28.612054,77.211888,2026-09-05 07:57:00,Store_B
DEV_0016,28.615218,77.216121,2026-09-05 08:27:00,Store_B
DEV_0016,28.616459,77.216303,2026-09-05 08:52:00,Store_B
DEV_0016,28.615329,77.216644,2026-09-05 09:20:00,Store_B
DEV_0016,28.618338,77.212598,2026-09-05 09:35:00,Store_B
DEV_0016,28.614389,77.210341,2026-09-05 09:51:00,Store_B
DEV_0016,28.616082,77.216865,2026-09-05 10:20:00,Store_B
DEV_0016,28.616331,77.211716,2026-09-05 10:39:00,Store_B
DEV_0016,28.619716,77.215373,2026-09-05 10:50:00,Store_B
DEV_0016,28.613422,77.210031,2026-09-05 11:10:00,Store_B
DEV_0016,28.617641,77.211499,2026-09-05 11:24:00,Store_A
DEV_0016,28.612203,77.216461,2026-09-05 11:25:00,Store_B
DEV_0016,28.610243,77.211413,2026-09-05 11:37:00,Store_A
DEV_0016,28.614591,77.212027,2026-09-05 11:40:00,Store_A
DEV_0016,28.610949,77.212019,2026-09-05 12:09:00,Store_A
DEV_0016,28.616294,77.211948,2026-09-05 12:12:00,Store_A
DEV_0016,28.609945,77.207719,2026-09-05 12:14:00,Store_A
DEV_0016,28.614967,77.208405,2026-09-05 12:38:00,Store_A
DEV_0016,28.615356,77.207271,2026-09-05 12:48:00,Store_A
DEV_0016,28.615087,77.21396,2026-09-05 13:11:00,Store_B
DEV_0016,28.613153,77.216705,2026-09-05 13:34:00,Store_B
DEV_0016,28.613285,77.212191,2026-09-05 14:00:00,Store_A
DEV_0016,28.617755,77.211341,2026-09-05 14:14:00,Store_B
DEV_0016,28.615875,77.206038,2026-09-05 14:42:00,Store_A
DEV_0016,28.617254,77.207303,2026-09-05 14:45:00,Store_A
DEV_0016,28.616343,77.206383,2026-09-05 15:03:00,Store_A
DEV_0016,28.615796,77.206523,2026-09-05 15:06:00,Store_A
DEV_0016,28.611501,77.206146,2026-09-05 15:33:00,Store_A
DEV_0016,28.614915,77.209993,2026-09-05 15:35:00,Store_A
DEV_0016,28.617906,77.216084,2026-09-05 15:52:00,Store_B
DEV_0016,28.613223,77.208916,2026-09-05 15:59:00,Store_A
DEV_0016,28.61476,77.21326,2026-09-05 16:24:00,Store_B
DEV_0016,28.615232,77.214649,2026-09-06 06:22:00,Store_B
DEV_0016,28.613416,77.210445,2026-09-06 06:34:00,Store_B
DEV_0016,28.615714,77.211083,2026-09-06 06:46:00,Store_B
DEV_0016,28.615871,77.212031,2026-09-06 07:14:00,Store_B
DEV_0016,28.612503,77.209949,2026-09-06 07:31:00,Store_A
DEV_0016,28.615059,77.214261,2026-09-06 07:39:00,Store_B
DEV_0016,28.61304,77.209395,2026-09-06 07:45:00,Store_A
DEV_0016,28.619683,77.214163,2026-09-06 07:51:00,Store_B
DEV_0016,28.613557,77.206721,2026-09-06 08:06:00,Store_A
DEV_0016,28.617306,77.210243,2026-09-06 08:12:00,Store_A
DEV_0016,28.612507,77.20638,2026-09-06 08:31:00,Store_A
DEV_0016,28.615828,77.212052,2026-09-06 08:35:00,Store_A
DEV_0016,28.618395,77.214258,2026-09-06 08:54:00,Store_B
DEV_0016,28.615023,77.20689,2026-09-06 09:12:00,Store_A
DEV_0016,28.611792,77.206333,2026-09-06 09:33:00,Store_A
DEV_0016,28.61762,77.210956,2026-09-06 09:52:00,Store_B
DEV_0016,28.612462,77.212518,2026-09-06 10:01:00,Store_A
DEV_0016,28.612977,77.214798,2026-09-06 10:16:00,Store_B
DEV_0016,28.613751,77.215466,2026-09-06 10:26:00,Store_B
DEV_0016,28.617435,77.209568,2026-09-06 10:35:00,Store_A
DEV_0016,28.616621,77.216625,2026-09-06 10:51:00,Store_B
DEV_0016,28.611344,77.208575,2026-09-06 11:18:00,Store_A
DEV_0016,28.612022,77.213568,2026-09-06 11:33:00,Store_B
DEV_0016,28.611197,77.207649,2026-09-06 11:55:00,Store_A
DEV_0016,28.618078,77.216285,2026-09-06 12:19:00,Store_B
DEV_0016,28.611614,77.210663,2026-09-06 12:46:00,Store_A
DEV_0016,28.613106,77.21661,2026-09-06 13:16:00,Store_B
DEV_0016,28.610945,77.205225,2026-09-06 13:38:00,Store_A
DEV_0016,28.610978,77.207914,2026-09-06 14:02:00,Store_A
DEV_0016,28.614284,77.206386,2026-09-06 14:31:00,Store_A
DEV_0016,28.612022,77.209434,2026-09-06 14:51:00,Store_A
DEV_0016,28.616149,77.213047,2026-09-06 15:10:00,Store_B
DEV_0016,28.614795,77.210685,2026-09-06 15:34:00,Store_B
DEV_0016,28.617339,77.211859,2026-09-06 15:42:00,Store_B
DEV_0016,28.619394,77.21539,2026-09-06 16:12:00,Store_B
DEV_0016,28.611516,77.207225,2026-09-06 16:22:00,Store_A
DEV_0016,28.61728,77.210163,2026-09-06 16:49:00,Store_A
DEV_0016,28.612876,77.209531,2026-09-06 17:16:00,Store_B
DEV_0016,28.617533,77.211976,2026-09-06 17:35:00,Store_A
DEV_0016,28.610083,77.206194,2026-09-06 17:54:00,Store_A
DEV_0016,28.616134,77.210838,2026-09-07 06:19:00,Store_A
DEV_0016,28.617312,77.20974,2026-09-07 06:26:00,Store_B
DEV_0016,28.614217,77.215943,2026-09-07 06:43:00,Store_B
DEV_0016,28.610354,77.211586,2026-09-07 07:13:00,Store_A
DEV_0016,28.614512,77.212937,2026-09-07 07:16:00,Store_A
DEV_0016,28.615394,77.208999,2026-09-07 07:36:00,Store_A
DEV_0016,28.611061,77.205387,2026-09-07 07:41:00,Store_A
DEV_0016,28.610824,77.206259,2026-09-07 08:09:00,Store_A
DEV_0016,28.615281,77.215021,2026-09-07 08:14:00,Store_B
DEV_0016,28.610821,77.211171,2026-09-07 08:36:00,Store_A
DEV_0016,28.610827,77.208061,2026-09-07 08:40:00,Store_A
DEV_0016,28.617206,77.205335,2026-09-07 09:00:00,Store_A
DEV_0016,28.613472,77.210784,2026-09-07 09:22:00,Store_A
DEV_0016,28.619459,77.210584,2026-09-07 09:42:00,Store_B
DEV_0016,28.610196,77.209575,2026-09-07 09:56:00,Store_A
DEV_0016,28.614699,77.213289,2026-09-07 10:18:00,Store_B
DEV_0016,28.613543,77.212015,2026-09-07 10:44:00,Store_A
DEV_0016,28.618213,77.209829,2026-09-07 11:09:00,Store_B
DEV_0016,28.613409,77.209721,2026-09-07 11:10:00,Store_B
DEV_0016,28.617003,77.210125,2026-09-07 11:21:00,Store_B
DEV_0016,28.614511,77.207613,2026-09-07 11:26:00,Store_A
DEV_0016,28.614671,77.208005,2026-09-07 11:27:00,Store_A
DEV_0016,28.615505,77.207934,2026-09-07 11:39:00,Store_A
DEV_0016,28.618717,77.209528,2026-09-07 12:03:00,Store_B
DEV_0016,28.616343,77.206717,2026-09-07 12:25:00,Store_A
DEV_0016,28.613026,77.214556,2026-09-07 12:41:00,Store_B
DEV_0016,28.616111,77.206831,2026-09-07 12:56:00,Store_A
DEV_0016,28.611035,77.206526,2026-09-07 13:26:00,Store_A
DEV_0016,28.616398,77.213317,2026-09-07 13:39:00,Store_B
DEV_0016,28.618101,77.210043,2026-09-07 14:07:00,Store_B
DEV_0016,28.611975,77.2056,2026-09-07 14:31:00,Store_A
DEV_0016,28.610105,77.212921,2026-09-07 15:01:00,Store_A
DEV_0016,28.61328,77.207895,2026-09-07 15:07:00,Store_A
DEV_0016,28.613846,77.212959,2026-09-07 15:09:00,Store_B
DEV_0016,28.614693,77.205492,2026-09-07 15:33:00,Store_A
DEV_0016,28.61335,77.211896,2026-09-07 15:34:00,Store_A
DEV_0016,28.613826,77.210012,2026-09-07 15:44:00,Store_B
DEV_0016,28.612639,77.207088,2026-09-07 16:12:00,Store_A
DEV_0016,28.616522,77.210476,2026-09-07 16:33:00,Store_A
DEV_0016,28.611675,77.210683,2026-09-07 16:43:00,Store_A
DEV_0017,28.611898,77.205998,2026-09-01 06:20:00,Store_A
DEV_0017,28.619264,77.212244,2026-09-01 06:36:00,Store_B
DEV_0017,28.614949,77.216144,2026-09-01 06:46:00,Store_B
DEV_0017,28.612867,77.209721,2026-09-01 07:11:00,Store_A
DEV_0017,28.614976,77.212401,2026-09-01 07:17:00,Store_B
DEV_0017,28.61191,77.211733,2026-09-01 07:22:00,Store_A
DEV_0017,28.615694,77.209022,2026-09-01 07:24:00,Store_B
DEV_0017,28.616053,77.211378,2026-09-01 07:41:00,Store_A
DEV_0017,28.61021,77.205213,2026-09-01 08:11:00,Store_A
DEV_0017,28.616431,77.209803,2026-09-01 08:24:00,Store_B
DEV_0017,28.618108,77.20972,2026-09-01 08:30:00,Store_B
DEV_0017,28.61613,77.213355,2026-09-01 08:47:00,Store_B
DEV_0017,28.616399,77.210362,2026-09-01 09:02:00,Store_A
DEV_0017,28.611085,77.205244,2026-09-01 09:26:00,Store_A
DEV_0017,28.617694,77.210634,2026-09-01 09:41:00,Store_A
DEV_0017,28.611464,77.20534,2026-09-01 09:56:00,Store_A
DEV_0017,28.611872,77.208696,2026-09-01 10:04:00,Store_A
DEV_0017,28.612638,77.209382,2026-09-01 10:32:00,Store_B
DEV_0017,28.614889,77.213246,2026-09-01 10:41:00,Store_B
DEV_0017,28.614402,77.215408,2026-09-01 10:47:00,Store_B
DEV_0017,28.615533,77.205198,2026-09-01 11:06:00,Store_A
DEV_0017,28.613454,77.213254,2026-09-01 11:23:00,Store_B
DEV_0017,28.615575,77.214627,2026-09-01 11:43:00,Store_B
DEV_0017,28.615969,77.210636,2026-09-01 12:01:00,Store_B
DEV_0017,28.61257,77.212998,2026-09-01 12:27:00,Store_A
DEV_0017,28.614756,77.206253,2026-09-01 12:53:00,Store_A
DEV_0017,28.619376,77.215707,2026-09-01 13:22:00,Store_B
DEV_0017,28.615494,77.210191,2026-09-01 13:34:00,Store_B
DEV_0017,28.614097,77.211646,2026-09-01 13:57:00,Store_A
DEV_0017,28.612152,77.209461,2026-09-01 14:06:00,Store_B
DEV_0017,28.615318,77.209801,2026-09-01 14:17:00,Store_B
DEV_0017,28.615941,77.211361,2026-09-01 14:19:00,Store_A
DEV_0017,28.616708,77.214332,2026-09-01 14:23:00,Store_B
DEV_0017,28.612299,77.214992,2026-09-01 14:32:00,Store_B
DEV_0017,28.614251,77.212532,2026-09-01 14:35:00,Store_A
DEV_0017,28.616593,77.21152,2026-09-01 14:57:00,Store_B
DEV_0017,28.612433,77.206377,2026-09-01 15:06:00,Store_A
DEV_0017,28.616363,77.207381,2026-09-01 15:33:00,Store_A
DEV_0017,28.619434,77.21216,2026-09-01 15:53:00,Store_B
DEV_0017,28.617111,77.214184,2026-09-01 16:00:00,Store_B
DEV_0017,28.616723,77.214481,2026-09-02 06:27:00,Store_B
DEV_0017,28.615058,77.213452,2026-09-02 06:37:00,Store_B
DEV_0017,28.613187,77.208056,2026-09-02 06:41:00,Store_A
DEV_0017,28.61163,77.207293,2026-09-02 06:43:00,Store_A
DEV_0017,28.615839,77.211129,2026-09-02 06:51:00,Store_B
DEV_0017,28.615998,77.208495,2026-09-02 06:58:00,Store_A
DEV_0017,28.616663,77.216296,2026-09-02 07:18:00,Store_B
DEV_0017,28.618456,77.209536,2026-09-02 07:45:00,Store_B
DEV_0017,28.613321,77.212446,2026-09-02 08:07:00,Store_B
DEV_0017,28.61011,77.208738,2026-09-02 08:24:00,Store_A
DEV_0017,28.618559,77.213324,2026-09-02 08:30:00,Store_B
DEV_0017,28.610612,77.205439,2026-09-02 08:36:00,Store_A
DEV_0017,28.614947,77.210284,2026-09-02 08:45:00,Store_A
DEV_0017,28.616697,77.212215,2026-09-02 09:03:00,Store_A
DEV_0017,28.611782,77.210475,2026-09-02 09:28:00,Store_A
DEV_0017,28.619207,77.21618,2026-09-02 09:31:00,Store_B
DEV_0017,28.6197,77.214848,2026-09-02 09:49:00,Store_B
DEV_0017,28.619422,77.213066,2026-09-02 10:16:00,Store_B
DEV_0017,28.617664,77.212425,2026-09-02 10:45:00,Store_A
DEV_0017,28.614433,77.210106,2026-09-02 11:10:00,Store_B
DEV_0017,28.61351,77.212041,2026-09-02 11:22:00,Store_A
DEV_0017,28.614469,77.208523,2026-09-02 11:39:00,Store_A
DEV_0017,28.615501,77.209092,2026-09-02 11:45:00,Store_B
DEV_0017,28.616395,77.207076,2026-09-02 11:47:00,Store_A
DEV_0017,28.615794,77.212786,2026-09-02 11:50:00,Store_B
DEV_0017,28.616637,77.208042,2026-09-02 11:53:00,Store_A
DEV_0017,28.616765,77.209732,2026-09-02 12:14:00,Store_B
DEV_0017,28.617373,77.209087,2026-09-02 12:30:00,Store_A
DEV_0017,28.618332,77.213799,2026-09-02 12:44:00,Store_B
DEV_0017,28.613607,77.211017,2026-09-02 13:03:00,Store_A
DEV_0017,28.617317,77.2094,2026-09-02 13:05:00,Store_B
DEV_0017,28.613835,77.209943,2026-09-02 13:34:00,Store_B
DEV_0017,28.616221,77.208388,2026-09-02 13:46:00,Store_A
DEV_0017,28.612352,77.216197,2026-09-02 14:07:00,Store_B
DEV_0017,28.611316,77.207273,2026-09-02 14:36:00,Store_A
DEV_0017,28.612566,77.208019,2026-09-02 14:40:00,Store_A
DEV_0017,28.616648,77.215872,2026-09-02 15:02:00,Store_B
DEV_0017,28.613454,77.21412,2026-09-02 15:31:00,Store_B
DEV_0017,28.617616,77.211264,2026-09-02 15:51:00,Store_B
DEV_0017,28.61507,77.210989,2026-09-02 16:00:00,Store_B
DEV_0017,28.612205,77.212624,2026-09-03 06:10:00,Store_B
DEV_0017,28.610418,77.205093,2026-09-03 06:28:00,Store_A
DEV_0017,28.612818,77.210139,2026-09-03 06:58:00,Store_B
DEV_0017,28.61664,77.210945,2026-09-03 07:19:00,Store_B
DEV_0017,28.614202,77.213374,2026-09-03 07:20:00,Store_B
DEV_0017,28.612027,77.208201,2026-09-03 07:43:00,Store_A
DEV_0017,28.614813,77.212043,2026-09-03 07:48:00,Store_A
DEV_0017,28.615162,77.210211,2026-09-03 08:13:00,Store_B
DEV_0017,28.616816,77.209545,2026-09-03 08:14:00,Store_B
DEV_0017,28.610613,77.205591,2026-09-03 08:41:00,Store_A
DEV_0017,28.614592,77.211054,2026-09-03 09:05:00,Store_A
DEV_0017,28.612762,77.211044,2026-09-03 09:25:00,Store_A
DEV_0017,28.617889,77.211985,2026-09-03 09:48:00,Store_A
DEV_0017,28.612864,77.210707,2026-09-03 10:12:00,Store_B
DEV_0017,28.619156,77.211734,2026-09-03 10:20:00,Store_B
DEV_0017,28.617247,77.20757,2026-09-03 10:37:00,Store_A
DEV_0017,28.613105,77.211238,2026-09-03 11:00:00,Store_A
DEV_0017,28.61718,77.207883,2026-09-03 11:09:00,Store_A
DEV_0017,28.615965,77.211097,2026-09-03 11:29:00,Store_B
DEV_0017,28.613331,77.210202,2026-09-03 11:57:00,Store_A
DEV_0017,28.615476,77.207189,2026-09-03 12:23:00,Store_A
DEV_0017,28.615217,77.209505,2026-09-03 12:48:00,Store_B
DEV_0017,28.619173,77.216451,2026-09-03 12:51:00,Store_B
DEV_0017,28.615502,77.209756,2026-09-03 13:10:00,Store_A
DEV_0017,28.614274,77.212651,2026-09-03 13:34:00,Store_A
DEV_0017,28.61683,77.208694,2026-09-03 13:52:00,Store_A
DEV_0017,28.610675,77.205637,2026-09-03 14:01:00,Store_A
DEV_0017,28.616136,77.216962,2026-09-03 14:27:00,Store_B
DEV_0017,28.616618,77.20998,2026-09-03 14:57:00,Store_A
DEV_0017,28.617013,77.216577,2026-09-03 15:15:00,Store_B
DEV_0017,28.616932,77.213307,2026-09-03 15:41:00,Store_B
DEV_0017,28.615491,77.209654,2026-09-03 16:04:00,Store_A
DEV_0017,28.614493,77.213054,2026-09-03 16:23:00,Store_B
DEV_0017,28.61751,77.215934,2026-09-03 16:34:00,Store_B
DEV_0017,28.616707,77.216831,2026-09-03 17:00:00,Store_B
DEV_0017,28.610785,77.20991,2026-09-03 17:24:00,Store_A
DEV_0017,28.610369,77.2105,2026-09-03 17:40:00,Store_A
DEV_0017,28.613971,77.21643,2026-09-03 18:09:00,Store_B
DEV_0017,28.61271,77.205563,2026-09-03 18:12:00,Store_A
DEV_0017,28.617462,77.209495,2026-09-03 18:39:00,Store_B
DEV_0017,28.613657,77.211515,2026-09-04 06:14:00,Store_B
DEV_0017,28.6107,77.209634,2026-09-04 06:25:00,Store_A
DEV_0017,28.616796,77.212032,2026-09-04 06:26:00,Store_B
DEV_0017,28.610098,77.210249,2026-09-04 06:45:00,Store_A
DEV_0017,28.618456,77.21139,2026-09-04 07:04:00,Store_B
DEV_0017,28.613431,77.211347,2026-09-04 07:17:00,Store_B
DEV_0017,28.617459,77.211192,2026-09-04 07:46:00,Store_B
DEV_0017,28.615451,77.212284,2026-09-04 07:57:00,Store_B
DEV_0017,28.614097,77.209115,2026-09-04 08:23:00,Store_B
DEV_0017,28.614518,77.215921,2026-09-04 08:39:00,Store_B
DEV_0017,28.614719,77.21614,2026-09-04 08:58:00,Store_B
DEV_0017,28.61826,77.211468,2026-09-04 09:09:00,Store_B
DEV_0017,28.611438,77.209051,2026-09-04 09:29:00,Store_A
DEV_0017,28.613301,77.20694,2026-09-04 09:55:00,Store_A
DEV_0017,28.614065,77.212235,2026-09-04 10:08:00,Store_B
DEV_0017,28.616734,77.206475,2026-09-04 10:22:00,Store_A
DEV_0017,28.617605,77.209434,2026-09-04 10:35:00,Store_B
DEV_0017,28.616829,77.211776,2026-09-04 11:05:00,Store_B
DEV_0017,28.609973,77.212455,2026-09-04 11:19:00,Store_A
DEV_0017,28.616745,77.205947,2026-09-04 11:24:00,Store_A
DEV_0017,28.613448,77.215096,2026-09-04 11:39:00,Store_B
DEV_0017,28.619715,77.212827,2026-09-04 12:01:00,Store_B
DEV_0017,28.614485,77.210075,2026-09-04 12:12:00,Store_B
DEV_0017,28.613021,77.205829,2026-09-04 12:18:00,Store_A
DEV_0017,28.617673,77.209799,2026-09-04 12:30:00,Store_B
DEV_0017,28.616267,77.213137,2026-09-04 12:43:00,Store_B
DEV_0017,28.609949,77.212235,2026-09-04 13:01:00,Store_A
DEV_0017,28.610767,77.20971,2026-09-04 13:14:00,Store_A
DEV_0017,28.617688,77.216933,2026-09-04 13:19:00,Store_B
DEV_0017,28.616897,77.206383,2026-09-04 13:39:00,Store_A
DEV_0017,28.615553,77.215285,2026-09-04 13:40:00,Store_B
DEV_0017,28.615569,77.216954,2026-09-04 13:54:00,Store_B
DEV_0017,28.618822,77.214109,2026-09-04 14:08:00,Store_B
DEV_0017,28.611078,77.205887,2026-09-04 14:14:00,Store_A
DEV_0017,28.611531,77.20701,2026-09-04 14:38:00,Store_A
DEV_0017,28.614737,77.212441,2026-09-04 15:01:00,Store_B
DEV_0017,28.618931,77.213258,2026-09-04 15:16:00,Store_B
DEV_0017,28.61979,77.214084,2026-09-04 15:28:00,Store_B
DEV_0017,28.619584,77.210399,2026-09-04 15:33:00,Store_B
DEV_0017,28.615274,77.210558,2026-09-04 15:41:00,Store_A
DEV_0017,28.619029,77.211896,2026-09-05 06:25:00,Store_B
DEV_0017,28.612377,77.214407,2026-09-05 06:39:00,Store_B
DEV_0017,28.614444,77.211939,2026-09-05 07:00:00,Store_B
DEV_0017,28.614708,77.210165,2026-09-05 07:07:00,Store_B
DEV_0017,28.610791,77.212556,2026-09-05 07:12:00,Store_A
DEV_0017,28.614284,77.213298,2026-09-05 07:37:00,Store_B
DEV_0017,28.617457,77.213966,2026-09-05 08:04:00,Store_B
DEV_0017,28.613506,77.212209,2026-09-05 08:17:00,Store_A
DEV_0017,28.611843,77.207348,2026-09-05 08:38:00,Store_A
DEV_0017,28.613814,77.205246,2026-09-05 09:06:00,Store_A
DEV_0017,28.617481,77.215557,2026-09-05 09:35:00,Store_B
DEV_0017,28.614829,77.209101,2026-09-05 09:53:00,Store_B
DEV_0017,28.61631,77.205538,2026-09-05 10:19:00,Store_A
DEV_0017,28.619699,77.215614,2026-09-05 10:28:00,Store_B
DEV_0017,28.617718,77.210555,2026-09-05 10:41:00,Store_B
DEV_0017,28.6125,77.209363,2026-09-05 11:08:00,Store_A
DEV_0017,28.612034,77.21215,2026-09-05 11:19:00,Store_A
DEV_0017,28.616949,77.205095,2026-09-05 11:47:00,Store_A
DEV_0017,28.614018,77.210721,2026-09-05 12:00:00,Store_A
DEV_0017,28.615793,77.211293,2026-09-05 12:29:00,Store_B
DEV_0017,28.61664,77.207763,2026-09-05 12:35:00,Store_A
DEV_0017,28.614033,77.216334,2026-09-05 12:47:00,Store_B
DEV_0017,28.614095,77.209428,2026-09-05 13:05:00,Store_B
DEV_0017,28.616456,77.212032,2026-09-05 13:28:00,Store_A
DEV_0017,28.613701,77.209956,2026-09-05 13:43:00,Store_A
DEV_0017,28.610025,77.21049,2026-09-05 14:08:00,Store_A
DEV_0017,28.613927,77.213766,2026-09-05 14:13:00,Store_B
DEV_0017,28.619683,77.2131,2026-09-05 14:22:00,Store_B
DEV_0017,28.618431,77.213543,2026-09-05 14:36:00,Store_B
DEV_0017,28.616978,77.211115,2026-09-05 14:56:00,Store_A
DEV_0017,28.612349,77.212882,2026-09-05 15:12:00,Store_A
DEV_0017,28.6166,77.205837,2026-09-05 15:39:00,Store_A
DEV_0017,28.617448,77.21103,2026-09-05 15:47:00,Store_B
DEV_0017,28.616382,77.211895,2026-09-05 16:07:00,Store_A
DEV_0017,28.617684,77.2104,2026-09-05 16:12:00,Store_B
DEV_0017,28.616553,77.21019,2026-09-05 16:31:00,Store_A
DEV_0017,28.613302,77.210884,2026-09-05 16:50:00,Store_B
DEV_0017,28.611108,77.205902,2026-09-05 17:11:00,Store_A
DEV_0017,28.612241,77.21636,2026-09-05 17:17:00,Store_B
DEV_0017,28.617767,77.209137,2026-09-05 17:34:00,Store_A
DEV_0017,28.615594,77.209456,2026-09-06 06:07:00,Store_A
DEV_0017,28.611066,77.205358,2026-09-06 06:11:00,Store_A
DEV_0017,28.611381,77.206406,2026-09-06 06:12:00,Store_A
DEV_0017,28.610404,77.209176,2026-09-06 06:27:00,Store_A
DEV_0017,28.615035,77.209362,2026-09-06 06:28:00,Store_B
DEV_0017,28.617719,77.209974,2026-09-06 06:46:00,Store_B
DEV_0017,28.616443,77.206515,2026-09-06 06:59:00,Store_A
DEV_0017,28.61221,77.212338,2026-09-06 07:07:00,Store_A
DEV_0017,28.619428,77.214199,2026-09-06 07:28:00,Store_B
DEV_0017,28.614617,77.211041,2026-09-06 07:54:00,Store_A
DEV_0017,28.614211,77.215264,2026-09-06 08:19:00,Store_B
DEV_0017,28.61146,77.207475,2026-09-06 08:47:00,Store_A
DEV_0017,28.618656,77.215321,2026-09-06 08:49:00,Store_B
DEV_0017,28.611488,77.211185,2026-09-06 08:50:00,Store_A
DEV_0017,28.618682,77.212234,2026-09-06 08:56:00,Store_B
DEV_0017,28.61286,77.211525,2026-09-06 09:07:00,Store_A
DEV_0017,28.6155,77.209596,2026-09-06 09:08:00,Store_B
DEV_0017,28.613387,77.21278,2026-09-06 09:30:00,Store_A
DEV_0017,28.615377,77.209736,2026-09-06 09:31:00,Store_B
DEV_0017,28.619329,77.211393,2026-09-06 09:34:00,Store_B
DEV_0017,28.615533,77.212134,2026-09-06 09:42:00,Store_A
DEV_0017,28.612013,77.212576,2026-09-06 09:53:00,Store_B
DEV_0017,28.613091,77.211544,2026-09-06 10:23:00,Store_A
DEV_0017,28.618179,77.212755,2026-09-06 10:40:00,Store_B
DEV_0017,28.612838,77.209494,2026-09-06 10:47:00,Store_A
DEV_0017,28.615358,77.210618,2026-09-06 11:05:00,Store_B
DEV_0017,28.612923,77.210805,2026-09-06 11:24:00,Store_A
DEV_0017,28.613274,77.213855,2026-09-06 11:50:00,Store_B
DEV_0017,28.614124,77.209319,2026-09-06 12:08:00,Store_A
DEV_0017,28.61368,77.21296,2026-09-06 12:30:00,Store_A
DEV_0017,28.618253,77.209581,2026-09-06 12:31:00,Store_B
DEV_0017,28.618423,77.21243,2026-09-06 12:43:00,Store_B
DEV_0017,28.618751,77.213555,2026-09-06 13:12:00,Store_B
DEV_0017,28.612187,77.213758,2026-09-06 13:17:00,Store_B
DEV_0017,28.617446,77.206062,2026-09-06 13:46:00,Store_A
DEV_0017,28.615636,77.216707,2026-09-06 14:03:00,Store_B
DEV_0017,28.612941,77.207422,2026-09-06 14:06:00,Store_A
DEV_0017,28.615988,77.212843,2026-09-06 14:25:00,Store_A
DEV_0017,28.619476,77.216526,2026-09-06 14:51:00,Store_B
DEV_0017,28.61489,77.213084,2026-09-06 14:55:00,Store_B
DEV_0017,28.615893,77.211326,2026-09-07 06:03:00,Store_B
DEV_0017,28.613806,77.208081,2026-09-07 06:09:00,Store_A
DEV_0017,28.610673,77.210384,2026-09-07 06:36:00,Store_A
DEV_0017,28.612143,77.209868,2026-09-07 06:55:00,Store_A
DEV_0017,28.61952,77.212486,2026-09-07 07:01:00,Store_B
DEV_0017,28.611027,77.212544,2026-09-07 07:12:00,Store_A
DEV_0017,28.613494,77.211489,2026-09-07 07:41:00,Store_A
DEV_0017,28.617768,77.211932,2026-09-07 08:11:00,Store_B
DEV_0017,28.610742,77.209428,2026-09-07 08:33:00,Store_A
DEV_0017,28.614983,77.215668,2026-09-07 08:35:00,Store_B
DEV_0017,28.615481,77.213046,2026-09-07 08:36:00,Store_B
DEV_0017,28.610911,77.211957,2026-09-07 08:52:00,Store_A
DEV_0017,28.615582,77.205144,2026-09-07 09:16:00,Store_A
DEV_0017,28.610407,77.208194,2026-09-07 09:46:00,Store_A
DEV_0017,28.61528,77.216605,2026-09-07 10:01:00,Store_B
DEV_0017,28.61159,77.206088,2026-09-07 10:29:00,Store_A
DEV_0017,28.619935,77.213025,2026-09-07 10:59:00,Store_B
DEV_0017,28.619099,77.216084,2026-09-07 11:08:00,Store_B
DEV_0017,28.610367,77.208884,2026-09-07 11:29:00,Store_A
DEV_0017,28.611187,77.207095,2026-09-07 11:44:00,Store_A
DEV_0017,28.610621,77.212949,2026-09-07 11:47:00,Store_A
DEV_0017,28.619533,77.213338,2026-09-07 12:17:00,Store_B
DEV_0017,28.61205,77.209527,2026-09-07 12:43:00,Store_B
DEV_0017,28.619544,77.214132,2026-09-07 13:08:00,Store_B
DEV_0017,28.610632,77.209595,2026-09-07 13:09:00,Store_A
DEV_0017,28.616651,77.212087,2026-09-07 13:13:00,Store_A
DEV_0017,28.61242,77.208419,2026-09-07 13:37:00,Store_A
DEV_0017,28.615851,77.206819,2026-09-07 14:04:00,Store_A
DEV_0017,28.612426,77.213556,2026-09-07 14:11:00,Store_B
DEV_0017,28.610163,77.205567,2026-09-07 14:25:00,Store_A
DEV_0017,28.617444,77.209037,2026-09-07 14:41:00,Store_B
DEV_0017,28.619248,77.21564,2026-09-07 15:02:00,Store_B
DEV_0017,28.616918,77.209592,2026-09-07 15:12:00,Store_A
DEV_0017,28.617593,77.210816,2026-09-07 15:33:00,Store_B
DEV_0017,28.61628,77.209175,2026-09-07 15:47:00,Store_A
DEV_0017,28.616822,77.208297,2026-09-07 15:52:00,Store_A
DEV_0017,28.614232,77.212778,2026-09-07 15:56:00,Store_B
DEV_0017,28.618691,77.209705,2026-09-07 16:16:00,Store_B
DEV_0017,28.617719,77.206617,2026-09-07 16:26:00,Store_A
DEV_0017,28.611606,77.211164,2026-09-07 16:51:00,Store_A
DEV_0018,28.610184,77.207658,2026-09-01 06:05:00,Store_A
DEV_0018,28.618197,77.214312,2026-09-01 06:18:00,Store_B
DEV_0018,28.615377,77.20555,2026-09-01 06:47:00,Store_A
DEV_0018,28.613707,77.216053,2026-09-01 07:13:00,Store_B
DEV_0018,28.615503,77.213192,2026-09-01 07:42:00,Store_B
DEV_0018,28.612599,77.212347,2026-09-01 07:56:00,Store_A
DEV_0018,28.613145,77.207184,2026-09-01 08:14:00,Store_A
DEV_0018,28.612311,77.212434,2026-09-01 08:21:00,Store_B
DEV_0018,28.617818,77.212972,2026-09-01 08:50:00,Store_A
DEV_0018,28.619448,77.213027,2026-09-01 09:08:00,Store_B
DEV_0018,28.619741,77.211543,2026-09-01 09:16:00,Store_B
DEV_0018,28.619369,77.215382,2026-09-01 09:37:00,Store_B
DEV_0018,28.615247,77.210103,2026-09-01 09:39:00,Store_B
DEV_0018,28.614672,77.212564,2026-09-01 09:54:00,Store_B
DEV_0018,28.617638,77.212148,2026-09-01 10:09:00,Store_B
DEV_0018,28.61482,77.211914,2026-09-01 10:22:00,Store_B
DEV_0018,28.611548,77.206462,2026-09-01 10:49:00,Store_A
DEV_0018,28.614653,77.209327,2026-09-01 11:00:00,Store_A
DEV_0018,28.612857,77.212947,2026-09-01 11:23:00,Store_B
DEV_0018,28.617845,77.214329,2026-09-01 11:43:00,Store_B
DEV_0018,28.617016,77.205798,2026-09-01 11:46:00,Store_A
DEV_0018,28.613602,77.20906,2026-09-01 11:59:00,Store_A
DEV_0018,28.614708,77.210493,2026-09-01 12:04:00,Store_A
DEV_0018,28.618444,77.214633,2026-09-01 12:19:00,Store_B
DEV_0018,28.612432,77.214622,2026-09-01 12:25:00,Store_B
DEV_0018,28.613149,77.209968,2026-09-01 12:55:00,Store_A
DEV_0018,28.612421,77.212359,2026-09-01 13:04:00,Store_A
DEV_0018,28.615361,77.212986,2026-09-01 13:33:00,Store_A
DEV_0018,28.615235,77.206458,2026-09-01 14:02:00,Store_A
DEV_0018,28.618279,77.216201,2026-09-01 14:14:00,Store_B
DEV_0018,28.609985,77.211879,2026-09-01 14:39:00,Store_A
DEV_0018,28.610532,77.205888,2026-09-01 14:46:00,Store_A
DEV_0018,28.617152,77.207776,2026-09-01 15:12:00,Store_A
DEV_0018,28.615521,77.216125,2026-09-01 15:23:00,Store_B
DEV_0018,28.613404,77.205351,2026-09-01 15:50:00,Store_A
DEV_0018,28.612799,77.212544,2026-09-01 15:57:00,Store_B
DEV_0018,28.61361,77.209406,2026-09-01 16:27:00,Store_A
DEV_0018,28.617666,77.213719,2026-09-01 16:39:00,Store_B
DEV_0018,28.617208,77.210331,2026-09-01 17:06:00,Store_A
DEV_0018,28.610285,77.212861,2026-09-01 17:16:00,Store_A
DEV_0018,28.617659,77.211183,2026-09-02 06:01:00,Store_A
DEV_0018,28.61542,77.209632,2026-09-02 06:02:00,Store_A
DEV_0018,28.614786,77.216502,2026-09-02 06:31:00,Store_B
DEV_0018,28.613327,77.209052,2026-09-02 06:54:00,Store_A
DEV_0018,28.612515,77.213342,2026-09-02 07:15:00,Store_B
DEV_0018,28.617543,77.212924,2026-09-02 07:26:00,Store_A
DEV_0018,28.617579,77.207873,2026-09-02 07:51:00,Store_A
DEV_0018,28.617174,77.210488,2026-09-02 08:02:00,Store_A
DEV_0018,28.610266,77.208103,2026-09-02 08:04:00,Store_A
DEV_0018,28.61316,77.208895,2026-09-02 08:23:00,Store_A
DEV_0018,28.615053,77.208182,2026-09-02 08:37:00,Store_A
DEV_0018,28.61049,77.208095,2026-09-02 08:52:00,Store_A
DEV_0018,28.614102,77.215226,2026-09-02 09:21:00,Store_B
DEV_0018,28.617869,77.209008,2026-09-02 09:44:00,Store_A
DEV_0018,28.615633,77.212651,2026-09-02 10:06:00,Store_A
DEV_0018,28.614462,77.207312,2026-09-02 10:25:00,Store_A
DEV_0018,28.618895,77.209164,2026-09-02 10:38:00,Store_B
DEV_0018,28.615668,77.21507,2026-09-02 11:06:00,Store_B
DEV_0018,28.612573,77.205064,2026-09-02 11:12:00,Store_A
DEV_0018,28.618628,77.209583,2026-09-02 11:19:00,Store_B
DEV_0018,28.614505,77.21004,2026-09-02 11:32:00,Store_B
DEV_0018,28.612187,77.208675,2026-09-02 11:41:00,Store_A
DEV_0018,28.614557,77.210022,2026-09-02 12:03:00,Store_A
DEV_0018,28.611651,77.206771,2026-09-02 12:14:00,Store_A
DEV_0018,28.610458,77.210898,2026-09-02 12:16:00,Store_A
DEV_0018,28.615045,77.212139,2026-09-02 12:43:00,Store_A
DEV_0018,28.612749,77.205045,2026-09-02 13:08:00,Store_A
DEV_0018,28.616083,77.210944,2026-09-02 13:13:00,Store_B
DEV_0018,28.610607,77.208141,2026-09-02 13:21:00,Store_A
DEV_0018,28.61483,77.205052,2026-09-02 13:50:00,Store_A
DEV_0018,28.619662,77.216388,2026-09-02 14:05:00,Store_B
DEV_0018,28.618034,77.216968,2026-09-02 14:23:00,Store_B
DEV_0018,28.614586,77.213525,2026-09-02 14:29:00,Store_B
DEV_0018,28.611268,77.210896,2026-09-02 14:54:00,Store_A
DEV_0018,28.614493,77.212162,2026-09-02 15:02:00,Store_B
DEV_0018,28.613253,77.211433,2026-09-02 15:08:00,Store_A
DEV_0018,28.616978,77.206132,2026-09-02 15:20:00,Store_A
DEV_0018,28.616165,77.209622,2026-09-02 15:35:00,Store_B
DEV_0018,28.619119,77.214559,2026-09-02 15:40:00,Store_B
DEV_0018,28.617159,77.205916,2026-09-02 16:06:00,Store_A
DEV_0018,28.618735,77.210805,2026-09-03 06:25:00,Store_B
DEV_0018,28.611347,77.208452,2026-09-03 06:31:00,Store_A
DEV_0018,28.615076,77.209864,2026-09-03 06:53:00,Store_A
DEV_0018,28.61044,77.212255,2026-09-03 07:10:00,Store_A
DEV_0018,28.614078,77.212279,2026-09-03 07:34:00,Store_A
DEV_0018,28.615391,77.209524,2026-09-03 07:48:00,Store_A
DEV_0018,28.616082,77.209025,2026-09-03 07:55:00,Store_A
DEV_0018,28.614659,77.213405,2026-09-03 08:19:00,Store_B
DEV_0018,28.616552,77.21271,2026-09-03 08:35:00,Store_B
DEV_0018,28.615532,77.205754,2026-09-03 08:53:00,Store_A
DEV_0018,28.615571,77.211003,2026-09-03 09:18:00,Store_A
DEV_0018,28.619337,77.21283,2026-09-03 09:43:00,Store_B
DEV_0018,28.610437,77.212833,2026-09-03 10:03:00,Store_A
DEV_0018,28.613968,77.209655,2026-09-03 10:32:00,Store_A
DEV_0018,28.61633,77.207209,2026-09-03 11:01:00,Store_A
DEV_0018,28.61893,77.214259,2026-09-03 11:18:00,Store_B
DEV_0018,28.611245,77.211032,2026-09-03 11:24:00,Store_A
DEV_0018,28.610332,77.20941,2026-09-03 11:44:00,Store_A
DEV_0018,28.616293,77.214002,2026-09-03 12:11:00,Store_B
DEV_0018,28.610982,77.212564,2026-09-03 12:13:00,Store_A
DEV_0018,28.612709,77.21123,2026-09-03 12:22:00,Store_B
DEV_0018,28.615749,77.212396,2026-09-03 12:50:00,Store_A
DEV_0018,28.610428,77.212792,2026-09-03 13:02:00,Store_A
DEV_0018,28.615509,77.210385,2026-09-03 13:26:00,Store_A
DEV_0018,28.610921,77.210072,2026-09-03 13:28:00,Store_A
DEV_0018,28.619497,77.214567,2026-09-03 13:36:00,Store_B
DEV_0018,28.610945,77.208511,2026-09-03 13:48:00,Store_A
DEV_0018,28.615464,77.205826,2026-09-03 14:00:00,Store_A
DEV_0018,28.610231,77.211215,2026-09-03 14:05:00,Store_A
DEV_0018,28.613243,77.212091,2026-09-03 14:19:00,Store_A
DEV_0018,28.615167,77.209023,2026-09-03 14:46:00,Store_B
DEV_0018,28.612655,77.211344,2026-09-03 14:54:00,Store_A
DEV_0018,28.615655,77.211847,2026-09-03 15:23:00,Store_B
DEV_0018,28.614789,77.206794,2026-09-03 15:48:00,Store_A
DEV_0018,28.61537,77.210214,2026-09-03 16:08:00,Store_A
DEV_0018,28.613226,77.212068,2026-09-03 16:30:00,Store_A
DEV_0018,28.613657,77.208025,2026-09-03 16:50:00,Store_A
DEV_0018,28.616785,77.206273,2026-09-03 17:14:00,Store_A
DEV_0018,28.610855,77.211281,2026-09-03 17:23:00,Store_A
DEV_0018,28.616637,77.210935,2026-09-03 17:50:00,Store_A
DEV_0018,28.612535,77.212097,2026-09-04 06:06:00,Store_B
DEV_0018,28.61444,77.211412,2026-09-04 06:13:00,Store_A
DEV_0018,28.613258,77.205112,2026-09-04 06:15:00,Store_A
DEV_0018,28.615247,77.216078,2026-09-04 06:42:00,Store_B
DEV_0018,28.618731,77.216259,2026-09-04 06:57:00,Store_B
DEV_0018,28.612965,77.210603,2026-09-04 07:27:00,Store_A
DEV_0018,28.610573,77.209097,2026-09-04 07:40:00,Store_A
DEV_0018,28.614893,77.211426,2026-09-04 07:50:00,Store_B
DEV_0018,28.614404,77.209289,2026-09-04 08:04:00,Store_B
DEV_0018,28.619838,77.214479,2026-09-04 08:24:00,Store_B
DEV_0018,28.615638,77.20954,2026-09-04 08:36:00,Store_A
DEV_0018,28.612318,77.209836,2026-09-04 08:42:00,Store_A
DEV_0018,28.613518,77.215772,2026-09-04 08:55:00,Store_B
DEV_0018,28.613371,77.211672,2026-09-04 08:58:00,Store_A
DEV_0018,28.619749,77.211046,2026-09-04 09:24:00,Store_B
DEV_0018,28.617324,77.216357,2026-09-04 09:48:00,Store_B
DEV_0018,28.619527,77.213438,2026-09-04 09:59:00,Store_B
DEV_0018,28.617388,77.209811,2026-09-04 10:16:00,Store_B
DEV_0018,28.61417,77.208944,2026-09-04 10:36:00,Store_A
DEV_0018,28.615819,77.212442,2026-09-04 10:41:00,Store_A
DEV_0018,28.615695,77.21226,2026-09-04 11:04:00,Store_A
DEV_0018,28.615164,77.209567,2026-09-04 11:17:00,Store_A
DEV_0018,28.613765,77.213478,2026-09-04 11:43:00,Store_B
DEV_0018,28.616999,77.210761,2026-09-04 11:53:00,Store_A
DEV_0018,28.619793,77.210493,2026-09-04 12:05:00,Store_B
DEV_0018,28.612817,77.206887,2026-09-04 12:13:00,Store_A
DEV_0018,28.619594,77.216595,2026-09-04 12:15:00,Store_B
DEV_0018,28.61052,77.210651,2026-09-04 12:27:00,Store_A
DEV_0018,28.615245,77.211991,2026-09-04 12:51:00,Store_B
DEV_0018,28.614958,77.212735,2026-09-04 13:15:00,Store_B
DEV_0018,28.619329,77.21351,2026-09-04 13:24:00,Store_B
DEV_0018,28.614647,77.212628,2026-09-04 13:43:00,Store_B
DEV_0018,28.617774,77.216542,2026-09-04 14:13:00,Store_B
DEV_0018,28.619576,77.211884,2026-09-04 14:21:00,Store_B
DEV_0018,28.614966,77.212778,2026-09-04 14:49:00,Store_B
DEV_0018,28.615144,77.21645,2026-09-04 15:09:00,Store_B
DEV_0018,28.619698,77.209509,2026-09-04 15:16:00,Store_B
DEV_0018,28.613012,77.210417,2026-09-04 15:26:00,Store_B
DEV_0018,28.612177,77.214582,2026-09-04 15:27:00,Store_B
DEV_0018,28.619402,77.216495,2026-09-04 15:57:00,Store_B
DEV_0018,28.616064,77.215518,2026-09-05 06:06:00,Store_B
DEV_0018,28.616768,77.211585,2026-09-05 06:18:00,Store_B
DEV_0018,28.615177,77.215754,2026-09-05 06:24:00,Store_B
DEV_0018,28.616728,77.206916,2026-09-05 06:39:00,Store_A
DEV_0018,28.613094,77.211944,2026-09-05 07:02:00,Store_B
DEV_0018,28.612026,77.208078,2026-09-05 07:32:00,Store_A
DEV_0018,28.612421,77.214342,2026-09-05 07:41:00,Store_B
DEV_0018,28.611882,77.212178,2026-09-05 07:55:00,Store_A
DEV_0018,28.612308,77.207534,2026-09-05 08:05:00,Store_A
DEV_0018,28.615647,77.205447,2026-09-05 08:24:00,Store_A
DEV_0018,28.61376,77.215163,2026-09-05 08:32:00,Store_B
DEV_0018,28.617588,77.210445,2026-09-05 08:33:00,Store_A
DEV_0018,28.614173,77.21049,2026-09-05 08:37:00,Store_A
DEV_0018,28.619521,77.215576,2026-09-05 09:07:00,Store_B
DEV_0018,28.611037,77.205962,2026-09-05 09:19:00,Store_A
DEV_0018,28.612739,77.21646,2026-09-05 09:28:00,Store_B
DEV_0018,28.613251,77.211902,2026-09-05 09:50:00,Store_B
DEV_0018,28.617913,77.21041,2026-09-05 10:19:00,Store_B
DEV_0018,28.614078,77.215753,2026-09-05 10:40:00,Store_B
DEV_0018,28.612389,77.212978,2026-09-05 11:01:00,Store_B
DEV_0018,28.616858,77.21247,2026-09-05 11:23:00,Store_A
DEV_0018,28.615432,77.208287,2026-09-05 11:34:00,Store_A
DEV_0018,28.611681,77.208558,2026-09-05 11:49:00,Store_A
DEV_0018,28.614518,77.208202,2026-09-05 12:00:00,Store_A
DEV_0018,28.613506,77.212744,2026-09-05 12:04:00,Store_B
DEV_0018,28.619288,77.214166,2026-09-05 12:06:00,Store_B
DEV_0018,28.618522,77.215509,2026-09-05 12:36:00,Store_B
DEV_0018,28.610097,77.212488,2026-09-05 12:47:00,Store_A
DEV_0018,28.610191,77.212366,2026-09-05 13:03:00,Store_A
DEV_0018,28.615736,77.205526,2026-09-05 13:09:00,Store_A
DEV_0018,28.615705,77.215773,2026-09-05 13:16:00,Store_B
DEV_0018,28.613303,77.209834,2026-09-05 13:24:00,Store_A
DEV_0018,28.616054,77.206741,2026-09-05 13:37:00,Store_A
DEV_0018,28.613855,77.206316,2026-09-05 13:39:00,Store_A
DEV_0018,28.610873,77.208025,2026-09-05 13:51:00,Store_A
DEV_0018,28.617673,77.213145,2026-09-05 14:04:00,Store_B
DEV_0018,28.617152,77.205214,2026-09-05 14:25:00,Store_A
DEV_0018,28.614505,77.210049,2026-09-05 14:41:00,Store_A
DEV_0018,28.612652,77.210753,2026-09-05 15:01:00,Store_A
DEV_0018,28.618618,77.215878,2026-09-05 15:23:00,Store_B
DEV_0018,28.617176,77.206187,2026-09-06 06:05:00,Store_A
DEV_0018,28.613815,77.213928,2026-09-06 06:34:00,Store_B
DEV_0018,28.609911,77.207909,2026-09-06 06:50:00,Store_A
DEV_0018,28.616155,77.206804,2026-09-06 06:58:00,Store_A
DEV_0018,28.615415,77.213058,2026-09-06 07:00:00,Store_B
DEV_0018,28.615177,77.216259,2026-09-06 07:18:00,Store_B
DEV_0018,28.612364,77.2105,2026-09-06 07:38:00,Store_B
DEV_0018,28.618303,77.209966,2026-09-06 07:55:00,Store_B
DEV_0018,28.616538,77.206599,2026-09-06 07:57:00,Store_A
DEV_0018,28.610013,77.205997,2026-09-06 08:10:00,Store_A
DEV_0018,28.612734,77.211763,2026-09-06 08:37:00,Store_A
DEV_0018,28.617044,77.209466,2026-09-06 08:55:00,Store_A
DEV_0018,28.615549,77.212709,2026-09-06 09:11:00,Store_A
DEV_0018,28.619384,77.215096,2026-09-06 09:29:00,Store_B
DEV_0018,28.618235,77.212828,2026-09-06 09:40:00,Store_B
DEV_0018,28.61803,77.210048,2026-09-06 09:47:00,Store_B
DEV_0018,28.617757,77.21286,2026-09-06 09:52:00,Store_A
DEV_0018,28.617257,77.209067,2026-09-06 10:13:00,Store_A
DEV_0018,28.615935,77.207336,2026-09-06 10:18:00,Store_A
DEV_0018,28.616482,77.214363,2026-09-06 10:42:00,Store_B
DEV_0018,28.615639,77.21032,2026-09-06 11:04:00,Store_A
DEV_0018,28.611329,77.212667,2026-09-06 11:17:00,Store_A
DEV_0018,28.612916,77.211568,2026-09-06 11:37:00,Store_A
DEV_0018,28.613689,77.214249,2026-09-06 12:06:00,Store_B
DEV_0018,28.613938,77.216177,2026-09-06 12:32:00,Store_B
DEV_0018,28.618916,77.210957,2026-09-06 13:00:00,Store_B
DEV_0018,28.614153,77.207172,2026-09-06 13:22:00,Store_A
DEV_0018,28.614206,77.215621,2026-09-06 13:23:00,Store_B
DEV_0018,28.617352,77.210833,2026-09-06 13:41:00,Store_B
DEV_0018,28.618177,77.214226,2026-09-06 13:52:00,Store_B
DEV_0018,28.610008,77.21028,2026-09-06 14:00:00,Store_A
DEV_0018,28.613396,77.214289,2026-09-06 14:17:00,Store_B
DEV_0018,28.617312,77.210834,2026-09-06 14:44:00,Store_B
DEV_0018,28.617255,77.212089,2026-09-06 14:55:00,Store_B
DEV_0018,28.618326,77.20936,2026-09-06 15:06:00,Store_B
DEV_0018,28.616549,77.215394,2026-09-06 15:36:00,Store_B
DEV_0018,28.612846,77.208425,2026-09-06 16:00:00,Store_A
DEV_0018,28.612576,77.21353,2026-09-06 16:30:00,Store_B
DEV_0018,28.61464,77.211173,2026-09-06 16:49:00,Store_B
DEV_0018,28.61451,77.208008,2026-09-06 16:56:00,Store_A
DEV_0018,28.615607,77.212973,2026-09-07 06:26:00,Store_B
DEV_0018,28.610382,77.211427,2026-09-07 06:52:00,Store_A
DEV_0018,28.610045,77.20635,2026-09-07 06:58:00,Store_A
DEV_0018,28.610469,77.211935,2026-09-07 07:14:00,Store_A
DEV_0018,28.610988,77.210293,2026-09-07 07:19:00,Store_A
DEV_0018,28.612586,77.210614,2026-09-07 07:27:00,Store_B
DEV_0018,28.619247,77.213962,2026-09-07 07:42:00,Store_B
DEV_0018,28.615248,77.213531,2026-09-07 07:59:00,Store_B
DEV_0018,28.613725,77.21032,2026-09-07 08:15:00,Store_B
DEV_0018,28.613851,77.215383,2026-09-07 08:40:00,Store_B
DEV_0018,28.610955,77.210216,2026-09-07 09:02:00,Store_A
DEV_0018,28.613583,77.207713,2026-09-07 09:21:00,Store_A
DEV_0018,28.61719,77.212363,2026-09-07 09:29:00,Store_B
DEV_0018,28.617426,77.21048,2026-09-07 09:58:00,Store_A
DEV_0018,28.613624,77.213821,2026-09-07 10:19:00,Store_B
DEV_0018,28.614631,77.210507,2026-09-07 10:36:00,Store_B
DEV_0018,28.613454,77.209998,2026-09-07 10:38:00,Store_B
DEV_0018,28.610868,77.205554,2026-09-07 11:05:00,Store_A
DEV_0018,28.616097,77.20889,2026-09-07 11:18:00,Store_A
DEV_0018,28.619945,77.213504,2026-09-07 11:33:00,Store_B
DEV_0018,28.61584,77.214688,2026-09-07 11:34:00,Store_B
DEV_0018,28.613267,77.20949,2026-09-07 11:47:00,Store_A
DEV_0018,28.614473,77.214323,2026-09-07 12:01:00,Store_B
DEV_0018,28.615207,77.213579,2026-09-07 12:20:00,Store_B
DEV_0018,28.619387,77.216079,2026-09-07 12:23:00,Store_B
DEV_0018,28.61853,77.212085,2026-09-07 12:35:00,Store_B
DEV_0018,28.617525,77.20927,2026-09-07 13:03:00,Store_B
DEV_0018,28.612264,77.212254,2026-09-07 13:15:00,Store_B
DEV_0018,28.617592,77.212762,2026-09-07 13:17:00,Store_B
DEV_0018,28.6198,77.21352,2026-09-07 13:37:00,Store_B
DEV_0018,28.617603,77.208531,2026-09-07 13:41:00,Store_A
DEV_0018,28.613099,77.214568,2026-09-07 13:49:00,Store_B
DEV_0018,28.613647,77.214558,2026-09-07 14:08:00,Store_B
DEV_0018,28.617752,77.210434,2026-09-07 14:20:00,Store_B
DEV_0018,28.611192,77.206289,2026-09-07 14:34:00,Store_A
DEV_0018,28.613313,77.206878,2026-09-07 14:37:00,Store_A
DEV_0018,28.616913,77.216329,2026-09-07 14:57:00,Store_B
DEV_0018,28.616894,77.211789,2026-09-07 15:07:00,Store_B
DEV_0018,28.61726,77.210984,2026-09-07 15:18:00,Store_B
DEV_0018,28.618997,77.216537,2026-09-07 15:28:00,Store_B
DEV_0019,28.612359,77.207059,2026-09-01 06:03:00,Store_A
DEV_0019,28.616896,77.212164,2026-09-01 06:33:00,Store_B
DEV_0019,28.615924,77.20694,2026-09-01 06:56:00,Store_A
DEV_0019,28.614206,77.212607,2026-09-01 07:04:00,Store_B
DEV_0019,28.619017,77.21111,2026-09-01 07:21:00,Store_B
DEV_0019,28.611069,77.205382,2026-09-01 07:32:00,Store_A
DEV_0019,28.613026,77.214784,2026-09-01 07:56:00,Store_B
DEV_0019,28.617807,77.210352,2026-09-01 08:14:00,Store_A
DEV_0019,28.612798,77.210262,2026-09-01 08:15:00,Store_B
DEV_0019,28.613033,77.21453,2026-09-01 08:19:00,Store_B
DEV_0019,28.618093,77.212831,2026-09-01 08:29:00,Store_B
DEV_0019,28.613542,77.214042,2026-09-01 08:55:00,Store_B
DEV_0019,28.614964,77.212781,2026-09-01 09:14:00,Store_B
DEV_0019,28.616773,77.206005,2026-09-01 09:22:00,Store_A
DEV_0019,28.610243,77.207225,2026-09-01 09:36:00,Store_A
DEV_0019,28.615052,77.209513,2026-09-01 10:00:00,Store_B
DEV_0019,28.614433,77.211584,2026-09-01 10:05:00,Store_A
DEV_0019,28.612853,77.21523,2026-09-01 10:12:00,Store_B
DEV_0019,28.614667,77.212148,2026-09-01 10:24:00,Store_B
DEV_0019,28.613523,77.213659,2026-09-01 10:45:00,Store_B
DEV_0019,28.619711,77.213443,2026-09-01 10:59:00,Store_B
DEV_0019,28.617282,77.209876,2026-09-01 11:02:00,Store_A
DEV_0019,28.617647,77.21342,2026-09-01 11:09:00,Store_B
DEV_0019,28.617566,77.212172,2026-09-01 11:17:00,Store_B
DEV_0019,28.61048,77.212476,2026-09-01 11:35:00,Store_A
DEV_0019,28.612384,77.210638,2026-09-01 12:04:00,Store_B
DEV_0019,28.611424,77.208259,2026-09-01 12:34:00,Store_A
DEV_0019,28.610168,77.206989,2026-09-01 12:44:00,Store_A
DEV_0019,28.614342,77.211121,2026-09-01 12:51:00,Store_B
DEV_0019,28.61005,77.206856,2026-09-01 13:06:00,Store_A
DEV_0019,28.616035,77.214545,2026-09-01 13:32:00,Store_B
DEV_0019,28.618251,77.213322,2026-09-01 13:33:00,Store_B
DEV_0019,28.614317,77.212213,2026-09-01 13:54:00,Store_A
DEV_0019,28.617686,77.216177,2026-09-01 14:13:00,Store_B
DEV_0019,28.615051,77.213661,2026-09-01 14:15:00,Store_B
DEV_0019,28.616989,77.210231,2026-09-01 14:36:00,Store_A
DEV_0019,28.615505,77.211288,2026-09-01 14:51:00,Store_B
DEV_0019,28.613507,77.2093,2026-09-01 14:58:00,Store_B
DEV_0019,28.612468,77.210827,2026-09-01 15:24:00,Store_B
DEV_0019,28.619578,77.210307,2026-09-01 15:51:00,Store_B
DEV_0019,28.615377,77.211707,2026-09-02 06:15:00,Store_B
DEV_0019,28.617839,77.215031,2026-09-02 06:40:00,Store_B
DEV_0019,28.611492,77.206068,2026-09-02 06:45:00,Store_A
DEV_0019,28.609975,77.20513,2026-09-02 06:56:00,Store_A
DEV_0019,28.616589,77.209862,2026-09-02 07:03:00,Store_B
DEV_0019,28.611738,77.206756,2026-09-02 07:12:00,Store_A
DEV_0019,28.615748,77.209542,2026-09-02 07:35:00,Store_B
DEV_0019,28.615263,77.208422,2026-09-02 07:50:00,Store_A
DEV_0019,28.619463,77.209086,2026-09-02 08:18:00,Store_B
DEV_0019,28.613136,77.212827,2026-09-02 08:38:00,Store_B
DEV_0019,28.618007,77.211522,2026-09-02 09:07:00,Store_B
DEV_0019,28.611288,77.210134,2026-09-02 09:14:00,Store_A
DEV_0019,28.610526,77.212228,2026-09-02 09:44:00,Store_A
DEV_0019,28.615778,77.209449,2026-09-02 09:53:00,Store_A
DEV_0019,28.613365,77.209232,2026-09-02 10:02:00,Store_B
DEV_0019,28.610273,77.209321,2026-09-02 10:17:00,Store_A
DEV_0019,28.617472,77.211396,2026-09-02 10:43:00,Store_A
DEV_0019,28.610627,77.210742,2026-09-02 10:49:00,Store_A
DEV_0019,28.612241,77.212049,2026-09-02 10:51:00,Store_A
DEV_0019,28.618515,77.214778,2026-09-02 11:21:00,Store_B
DEV_0019,28.617284,77.213372,2026-09-02 11:45:00,Store_B
DEV_0019,28.616554,77.20881,2026-09-02 12:06:00,Store_A
DEV_0019,28.614569,77.211084,2026-09-02 12:10:00,Store_B
DEV_0019,28.617305,77.2054,2026-09-02 12:22:00,Store_A
DEV_0019,28.614195,77.212364,2026-09-02 12:27:00,Store_A
DEV_0019,28.617031,77.211716,2026-09-02 12:55:00,Store_B
DEV_0019,28.611339,77.207533,2026-09-02 12:57:00,Store_A
DEV_0019,28.615082,77.215066,2026-09-02 13:07:00,Store_B
DEV_0019,28.619319,77.214798,2026-09-02 13:12:00,Store_B
DEV_0019,28.613784,77.210018,2026-09-02 13:27:00,Store_A
DEV_0019,28.616255,77.205798,2026-09-02 13:30:00,Store_A
DEV_0019,28.617735,77.205954,2026-09-02 13:45:00,Store_A
DEV_0019,28.611786,77.207773,2026-09-02 14:08:00,Store_A
DEV_0019,28.618459,77.214942,2026-09-02 14:10:00,Store_B
DEV_0019,28.613535,77.205396,2026-09-02 14:37:00,Store_A
DEV_0019,28.614331,77.209288,2026-09-02 14:58:00,Store_B
DEV_0019,28.614686,77.20782,2026-09-02 15:17:00,Store_A
DEV_0019,28.617556,77.210426,2026-09-02 15:28:00,Store_B
DEV_0019,28.613852,77.206381,2026-09-02 15:33:00,Store_A
DEV_0019,28.619563,77.214988,2026-09-02 15:41:00,Store_B
DEV_0019,28.61436,77.206454,2026-09-03 06:01:00,Store_A
DEV_0019,28.618857,77.210197,2026-09-03 06:05:00,Store_B
DEV_0019,28.613409,77.214433,2026-09-03 06:27:00,Store_B
DEV_0019,28.616729,77.214168,2026-09-03 06:55:00,Store_B
DEV_0019,28.61717,77.21092,2026-09-03 06:56:00,Store_A
DEV_0019,28.611519,77.207319,2026-09-03 07:06:00,Store_A
DEV_0019,28.619018,77.215668,2026-09-03 07:16:00,Store_B
DEV_0019,28.616069,77.213641,2026-09-03 07:27:00,Store_B
DEV_0019,28.612068,77.205166,2026-09-03 07:33:00,Store_A
DEV_0019,28.616781,77.209911,2026-09-03 07:46:00,Store_A
DEV_0019,28.612571,77.215129,2026-09-03 07:57:00,Store_B
DEV_0019,28.616204,77.208586,2026-09-03 08:06:00,Store_A
DEV_0019,28.613078,77.210077,2026-09-03 08:13:00,Store_A
DEV_0019,28.617481,77.209782,2026-09-03 08:24:00,Store_A
DEV_0019,28.613865,77.21048,2026-09-03 08:54:00,Store_B
DEV_0019,28.615793,77.215358,2026-09-03 09:00:00,Store_B
DEV_0019,28.616538,77.20914,2026-09-03 09:03:00,Store_B
DEV_0019,28.614794,77.20967,2026-09-03 09:29:00,Store_B
DEV_0019,28.610122,77.207951,2026-09-03 09:53:00,Store_A
DEV_0019,28.611107,77.207287,2026-09-03 09:56:00,Store_A
DEV_0019,28.619392,77.21664,2026-09-03 10:21:00,Store_B
DEV_0019,28.613747,77.210213,2026-09-03 10:32:00,Store_B
DEV_0019,28.61806,77.214609,2026-09-03 10:45:00,Store_B
DEV_0019,28.613387,77.208706,2026-09-03 11:09:00,Store_A
DEV_0019,28.615066,77.206379,2026-09-03 11:29:00,Store_A
DEV_0019,28.617313,77.216632,2026-09-03 11:31:00,Store_B
DEV_0019,28.615016,77.211682,2026-09-03 11:40:00,Store_B
DEV_0019,28.61507,77.20941,2026-09-03 11:44:00,Store_A
DEV_0019,28.611538,77.205856,2026-09-03 12:05:00,Store_A
DEV_0019,28.610249,77.209591,2026-09-03 12:33:00,Store_A
DEV_0019,28.615535,77.206256,2026-09-03 13:00:00,Store_A
DEV_0019,28.611314,77.206215,2026-09-03 13:27:00,Store_A
DEV_0019,28.616157,77.207977,2026-09-03 13:37:00,Store_A
DEV_0019,28.61559,77.209307,2026-09-03 14:05:00,Store_A
DEV_0019,28.616348,77.213286,2026-09-03 14:18:00,Store_B
DEV_0019,28.619149,77.209832,2026-09-03 14:37:00,Store_B
DEV_0019,28.614147,77.207097,2026-09-03 14:55:00,Store_A
DEV_0019,28.613016,77.212911,2026-09-03 15:20:00,Store_A
DEV_0019,28.616597,77.21039,2026-09-03 15:22:00,Store_A
DEV_0019,28.613421,77.216425,2026-09-03 15:52:00,Store_B
DEV_0019,28.615538,77.213195,2026-09-04 06:08:00,Store_B
DEV_0019,28.616166,77.215208,2026-09-04 06:21:00,Store_B
DEV_0019,28.614254,77.215962,2026-09-04 06:45:00,Store_B
DEV_0019,28.618201,77.20995,2026-09-04 06:59:00,Store_B
DEV_0019,28.611642,77.210268,2026-09-04 07:03:00,Store_A
DEV_0019,28.615619,77.208489,2026-09-04 07:08:00,Store_A
DEV_0019,28.610501,77.206464,2026-09-04 07:18:00,Store_A
DEV_0019,28.610264,77.206305,2026-09-04 07:27:00,Store_A
DEV_0019,28.616267,77.205902,2026-09-04 07:51:00,Store_A
DEV_0019,28.619501,77.216336,2026-09-04 08:10:00,Store_B
DEV_0019,28.61062,77.211902,2026-09-04 08:25:00,Store_A
DEV_0019,28.616503,77.20825,2026-09-04 08:45:00,Store_A
DEV_0019,28.616603,77.213215,2026-09-04 09:06:00,Store_B
DEV_0019,28.614009,77.206593,2026-09-04 09:30:00,Store_A
DEV_0019,28.610356,77.212001,2026-09-04 09:44:00,Store_A
DEV_0019,28.612167,77.214506,2026-09-04 09:50:00,Store_B
DEV_0019,28.610399,77.207783,2026-09-04 09:57:00,Store_A
DEV_0019,28.614214,77.206547,2026-09-04 10:10:00,Store_A
DEV_0019,28.616884,77.205031,2026-09-04 10:31:00,Store_A
DEV_0019,28.612513,77.206436,2026-09-04 10:39:00,Store_A
DEV_0019,28.614299,77.205015,2026-09-04 10:51:00,Store_A
DEV_0019,28.617299,77.21174,2026-09-04 11:11:00,Store_A
DEV_0019,28.61518,77.209516,2026-09-04 11:31:00,Store_A
DEV_0019,28.610377,77.208185,2026-09-04 11:54:00,Store_A
DEV_0019,28.613312,77.212659,2026-09-04 12:08:00,Store_B
DEV_0019,28.616762,77.206418,2026-09-04 12:26:00,Store_A
DEV_0019,28.616956,77.209013,2026-09-04 12:55:00,Store_A
DEV_0019,28.617385,77.216062,2026-09-04 13:02:00,Store_B
DEV_0019,28.616416,77.20826,2026-09-04 13:26:00,Store_A
DEV_0019,28.613945,77.21008,2026-09-04 13:55:00,Store_A
DEV_0019,28.613416,77.212639,2026-09-04 14:03:00,Store_B
DEV_0019,28.616417,77.216721,2026-09-04 14:07:00,Store_B
DEV_0019,28.617685,77.206519,2026-09-04 14:29:00,Store_A
DEV_0019,28.611509,77.206805,2026-09-04 14:49:00,Store_A
DEV_0019,28.610693,77.209325,2026-09-04 15:06:00,Store_A
DEV_0019,28.612695,77.206495,2026-09-04 15:30:00,Store_A
DEV_0019,28.614127,77.207603,2026-09-04 15:55:00,Store_A
DEV_0019,28.613148,77.212165,2026-09-04 16:11:00,Store_A
DEV_0019,28.61276,77.209348,2026-09-04 16:36:00,Store_B
DEV_0019,28.618604,77.210336,2026-09-04 16:57:00,Store_B
DEV_0019,28.61675,77.211506,2026-09-05 06:08:00,Store_A
DEV_0019,28.614869,77.208737,2026-09-05 06:23:00,Store_A
DEV_0019,28.612934,77.216346,2026-09-05 06:46:00,Store_B
DEV_0019,28.612719,77.209747,2026-09-05 07:05:00,Store_A
DEV_0019,28.614228,77.207391,2026-09-05 07:27:00,Store_A
DEV_0019,28.613426,77.214404,2026-09-05 07:50:00,Store_B
DEV_0019,28.615512,77.208015,2026-09-05 08:13:00,Store_A
DEV_0019,28.616271,77.21511,2026-09-05 08:33:00,Store_B
DEV_0019,28.616598,77.209754,2026-09-05 08:44:00,Store_B
DEV_0019,28.613633,77.213934,2026-09-05 09:03:00,Store_B
DEV_0019,28.612647,77.206788,2026-09-05 09:12:00,Store_A
DEV_0019,28.617026,77.209072,2026-09-05 09:27:00,Store_B
DEV_0019,28.619093,77.213635,2026-09-05 09:47:00,Store_B
DEV_0019,28.61346,77.210019,2026-09-05 09:52:00,Store_A
DEV_0019,28.615384,77.216908,2026-09-05 10:02:00,Store_B
DEV_0019,28.616016,77.209593,2026-09-05 10:15:00,Store_A
DEV_0019,28.612173,77.209031,2026-09-05 10:41:00,Store_B
DEV_0019,28.614456,77.214438,2026-09-05 10:50:00,Store_B
DEV_0019,28.617485,77.215805,2026-09-05 11:00:00,Store_B
DEV_0019,28.614206,77.216629,2026-09-05 11:07:00,Store_B
DEV_0019,28.6129,77.212696,2026-09-05 11:17:00,Store_B
DEV_0019,28.616152,77.214039,2026-09-05 11:24:00,Store_B
DEV_0019,28.617865,77.213291,2026-09-05 11:42:00,Store_B
DEV_0019,28.617878,77.207344,2026-09-05 12:01:00,Store_A
DEV_0019,28.612022,77.207528,2026-09-05 12:27:00,Store_A
DEV_0019,28.615203,77.209118,2026-09-05 12:40:00,Store_A
DEV_0019,28.612513,77.206367,2026-09-05 13:07:00,Store_A
DEV_0019,28.611212,77.206116,2026-09-05 13:22:00,Store_A
DEV_0019,28.613074,77.207319,2026-09-05 13:42:00,Store_A
DEV_0019,28.610045,77.209355,2026-09-05 13:51:00,Store_A
DEV_0019,28.614869,77.209835,2026-09-05 13:59:00,Store_B
DEV_0019,28.61435,77.209317,2026-09-05 14:17:00,Store_A
DEV_0019,28.616899,77.211436,2026-09-05 14:28:00,Store_A
DEV_0019,28.614441,77.215518,2026-09-05 14:46:00,Store_B
DEV_0019,28.614851,77.210895,2026-09-05 14:55:00,Store_A
DEV_0019,28.614327,77.208328,2026-09-05 15:23:00,Store_A
DEV_0019,28.610017,77.212404,2026-09-05 15:38:00,Store_A
DEV_0019,28.619322,77.209378,2026-09-05 15:45:00,Store_B
DEV_0019,28.615337,77.210762,2026-09-05 16:10:00,Store_A
DEV_0019,28.612815,77.216109,2026-09-05 16:35:00,Store_B
DEV_0019,28.61716,77.209138,2026-09-06 06:12:00,Store_B
DEV_0019,28.614342,77.213464,2026-09-06 06:37:00,Store_B
DEV_0019,28.616504,77.21283,2026-09-06 06:59:00,Store_A
DEV_0019,28.615456,77.213556,2026-09-06 07:16:00,Store_B
DEV_0019,28.619312,77.216298,2026-09-06 07:37:00,Store_B
DEV_0019,28.614147,77.206296,2026-09-06 08:06:00,Store_A
DEV_0019,28.61015,77.210048,2026-09-06 08:13:00,Store_A
DEV_0019,28.614979,77.214503,2026-09-06 08:15:00,Store_B
DEV_0019,28.612071,77.207365,2026-09-06 08:24:00,Store_A
DEV_0019,28.614712,77.212505,2026-09-06 08:37:00,Store_A
DEV_0019,28.614194,77.211744,2026-09-06 08:51:00,Store_B
DEV_0019,28.618548,77.211994,2026-09-06 09:01:00,Store_B
DEV_0019,28.612923,77.211299,2026-09-06 09:06:00,Store_A
DEV_0019,28.612489,77.207754,2026-09-06 09:26:00,Store_A
DEV_0019,28.618978,77.210095,2026-09-06 09:56:00,Store_B
DEV_0019,28.618145,77.210474,2026-09-06 10:24:00,Store_B
DEV_0019,28.610899,77.205063,2026-09-06 10:32:00,Store_A
DEV_0019,28.617355,77.21018,2026-09-06 10:42:00,Store_A
DEV_0019,28.618345,77.211069,2026-09-06 10:52:00,Store_B
DEV_0019,28.619206,77.211429,2026-09-06 11:02:00,Store_B
DEV_0019,28.614979,77.210783,2026-09-06 11:16:00,Store_B
DEV_0019,28.613366,77.215785,2026-09-06 11:43:00,Store_B
DEV_0019,28.614175,77.2075,2026-09-06 11:59:00,Store_A
DEV_0019,28.617656,77.2073,2026-09-06 12:23:00,Store_A
DEV_0019,28.613745,77.21033,2026-09-06 12:50:00,Store_B
DEV_0019,28.609927,77.206993,2026-09-06 12:55:00,Store_A
DEV_0019,28.617472,77.212444,2026-09-06 12:58:00,Store_A
DEV_0019,28.613895,77.21523,2026-09-06 13:03:00,Store_B
DEV_0019,28.615957,77.212405,2026-09-06 13:12:00,Store_B
DEV_0019,28.61484,77.209445,2026-09-06 13:35:00,Store_A
DEV_0019,28.616433,77.210368,2026-09-06 13:54:00,Store_B
DEV_0019,28.613362,77.215734,2026-09-06 13:59:00,Store_B
DEV_0019,28.612811,77.209925,2026-09-06 14:16:00,Store_B
DEV_0019,28.615914,77.21392,2026-09-06 14:31:00,Store_B
DEV_0019,28.610338,77.21233,2026-09-06 14:48:00,Store_A
DEV_0019,28.612806,77.209794,2026-09-06 14:57:00,Store_A
DEV_0019,28.615633,77.211154,2026-09-06 15:05:00,Store_B
DEV_0019,28.617109,77.211853,2026-09-06 15:10:00,Store_B
DEV_0019,28.615507,77.213231,2026-09-06 15:34:00,Store_B
DEV_0019,28.612897,77.215316,2026-09-06 15:49:00,Store_B
DEV_0019,28.612751,77.207402,2026-09-07 06:26:00,Store_A
DEV_0019,28.613596,77.211315,2026-09-07 06:55:00,Store_B
DEV_0019,28.610193,77.206851,2026-09-07 07:12:00,Store_A
DEV_0019,28.611678,77.205998,2026-09-07 07:19:00,Store_A
DEV_0019,28.612665,77.2153,2026-09-07 07:42:00,Store_B
DEV_0019,28.611817,77.210154,2026-09-07 08:12:00,Store_A
DEV_0019,28.613317,77.205299,2026-09-07 08:28:00,Store_A
DEV_0019,28.616397,77.209455,2026-09-07 08:40:00,Store_A
DEV_0019,28.613739,77.208802,2026-09-07 08:41:00,Store_A
DEV_0019,28.618618,77.212478,2026-09-07 08:52:00,Store_B
DEV_0019,28.612408,77.205978,2026-09-07 09:15:00,Store_A
DEV_0019,28.615269,77.215654,2026-09-07 09:22:00,Store_B
DEV_0019,28.617832,77.212861,2026-09-07 09:48:00,Store_B
DEV_0019,28.610712,77.209516,2026-09-07 09:52:00,Store_A
DEV_0019,28.615399,77.212827,2026-09-07 10:02:00,Store_B
DEV_0019,28.618955,77.212973,2026-09-07 10:26:00,Store_B
DEV_0019,28.615542,77.212031,2026-09-07 10:32:00,Store_B
DEV_0019,28.616711,77.209522,2026-09-07 10:42:00,Store_B
DEV_0019,28.611579,77.208168,2026-09-07 11:01:00,Store_A
DEV_0019,28.619109,77.214033,2026-09-07 11:15:00,Store_B
DEV_0019,28.619773,77.211732,2026-09-07 11:35:00,Store_B
DEV_0019,28.615416,77.205897,2026-09-07 11:53:00,Store_A
DEV_0019,28.615838,77.21362,2026-09-07 12:11:00,Store_B
DEV_0019,28.616561,77.21047,2026-09-07 12:22:00,Store_A
DEV_0019,28.610662,77.20568,2026-09-07 12:42:00,Store_A
DEV_0019,28.617309,77.211324,2026-09-07 12:52:00,Store_B
DEV_0019,28.615104,77.208119,2026-09-07 13:16:00,Store_A
DEV_0019,28.616954,77.216513,2026-09-07 13:43:00,Store_B
DEV_0019,28.616663,77.212504,2026-09-07 14:01:00,Store_B
DEV_0019,28.618591,77.216119,2026-09-07 14:12:00,Store_B
DEV_0019,28.618034,77.210011,2026-09-07 14:29:00,Store_B
DEV_0019,28.616641,77.205411,2026-09-07 14:34:00,Store_A
DEV_0019,28.613429,77.20967,2026-09-07 14:58:00,Store_A
DEV_0019,28.61646,77.207394,2026-09-07 15:16:00,Store_A
DEV_0019,28.615014,77.212258,2026-09-07 15:31:00,Store_A
DEV_0019,28.613597,77.21241,2026-09-07 15:56:00,Store_A
DEV_0019,28.619327,77.211102,2026-09-07 16:07:00,Store_B
DEV_0019,28.616219,77.211358,2026-09-07 16:14:00,Store_A
DEV_0019,28.615971,77.215991,2026-09-07 16:31:00,Store_B
DEV_0019,28.619856,77.209838,2026-09-07 16:37:00,Store_B
DEV_0020,28.615006,77.206679,2026-09-01 06:17:00,Store_A
DEV_0020,28.618016,77.215791,2026-09-01 06:21:00,Store_B
DEV_0020,28.614525,77.209878,2026-09-01 06:37:00,Store_A
DEV_0020,28.612101,77.212331,2026-09-01 06:56:00,Store_A
DEV_0020,28.617,77.205181,2026-09-01 07:22:00,Store_A
DEV_0020,28.616567,77.208562,2026-09-01 07:41:00,Store_A
DEV_0020,28.612863,77.206182,2026-09-01 08:09:00,Store_A
DEV_0020,28.619397,77.213682,2026-09-01 08:17:00,Store_B
DEV_0020,28.612715,77.215632,2026-09-01 08:28:00,Store_B
DEV_0020,28.615936,77.208717,2026-09-01 08:52:00,Store_A
DEV_0020,28.61605,77.210351,2026-09-01 08:59:00,Store_A
DEV_0020,28.615287,77.20516,2026-09-01 09:23:00,Store_A
DEV_0020,28.610875,77.206929,2026-09-01 09:42:00,Store_A
DEV_0020,28.609983,77.212668,2026-09-01 10:00:00,Store_A
DEV_0020,28.616723,77.212878,2026-09-01 10:10:00,Store_A
DEV_0020,28.615071,77.207521,2026-09-01 10:14:00,Store_A
DEV_0020,28.615688,77.205338,2026-09-01 10:16:00,Store_A
DEV_0020,28.618611,77.215381,2026-09-01 10:44:00,Store_B
DEV_0020,28.610242,77.207622,2026-09-01 11:13:00,Store_A
DEV_0020,28.612295,77.210717,2026-09-01 11:20:00,Store_A
DEV_0020,28.612557,77.211746,2026-09-01 11:43:00,Store_B
DEV_0020,28.613645,77.21506,2026-09-01 11:48:00,Store_B
DEV_0020,28.612631,77.214522,2026-09-01 12:05:00,Store_B
DEV_0020,28.616547,77.210672,2026-09-01 12:13:00,Store_B
DEV_0020,28.615535,77.210013,2026-09-01 12:31:00,Store_A
DEV_0020,28.619803,77.216813,2026-09-01 12:58:00,Store_B
DEV_0020,28.612723,77.214063,2026-09-01 13:08:00,Store_B
DEV_0020,28.617325,77.209688,2026-09-01 13:19:00,Store_B
DEV_0020,28.618563,77.210915,2026-09-01 13:35:00,Store_B
DEV_0020,28.612757,77.211319,2026-09-01 13:39:00,Store_A
DEV_0020,28.612939,77.206969,2026-09-01 14:01:00,Store_A
DEV_0020,28.61518,77.211707,2026-09-01 14:31:00,Store_A
DEV_0020,28.613672,77.206454,2026-09-01 14:32:00,Store_A
DEV_0020,28.614258,77.208375,2026-09-01 14:57:00,Store_A
DEV_0020,28.615279,77.211745,2026-09-01 15:05:00,Store_B
DEV_0020,28.613417,77.209658,2026-09-01 15:31:00,Store_B
DEV_0020,28.614051,77.215536,2026-09-01 15:53:00,Store_B
DEV_0020,28.612612,77.216146,2026-09-01 16:13:00,Store_B
DEV_0020,28.619671,77.211587,2026-09-01 16:42:00,Store_B
DEV_0020,28.612578,77.211978,2026-09-01 17:03:00,Store_A
DEV_0020,28.615277,77.211125,2026-09-02 06:12:00,Store_B
DEV_0020,28.6102,77.210354,2026-09-02 06:30:00,Store_A
DEV_0020,28.610983,77.212841,2026-09-02 06:31:00,Store_A
DEV_0020,28.613142,77.212358,2026-09-02 06:45:00,Store_B
DEV_0020,28.617369,77.209073,2026-09-02 06:49:00,Store_A
DEV_0020,28.61707,77.214411,2026-09-02 07:04:00,Store_B
DEV_0020,28.614131,77.209632,2026-09-02 07:23:00,Store_A
DEV_0020,28.618354,77.216413,2026-09-02 07:42:00,Store_B
DEV_0020,28.616601,77.209359,2026-09-02 07:58:00,Store_B
DEV_0020,28.614081,77.215049,2026-09-02 08:28:00,Store_B
DEV_0020,28.614457,77.206385,2026-09-02 08:46:00,Store_A
DEV_0020,28.619508,77.213073,2026-09-02 09:11:00,Store_B
DEV_0020,28.618969,77.215035,2026-09-02 09:23:00,Store_B
DEV_0020,28.616745,77.206897,2026-09-02 09:50:00,Store_A
DEV_0020,28.616301,77.216142,2026-09-02 09:55:00,Store_B
DEV_0020,28.612986,77.211127,2026-09-02 10:02:00,Store_B
DEV_0020,28.615034,77.208399,2026-09-02 10:20:00,Store_A
DEV_0020,28.616211,77.21106,2026-09-02 10:47:00,Store_A
DEV_0020,28.618205,77.215125,2026-09-02 10:49:00,Store_B
DEV_0020,28.612341,77.206666,2026-09-02 11:06:00,Store_A
DEV_0020,28.613958,77.206644,2026-09-02 11:22:00,Store_A
DEV_0020,28.617215,77.211873,2026-09-02 11:39:00,Store_B
DEV_0020,28.615758,77.206716,2026-09-02 11:49:00,Store_A
DEV_0020,28.615596,77.215635,2026-09-02 11:53:00,Store_B
DEV_0020,28.61564,77.20984,2026-09-02 12:13:00,Store_A
DEV_0020,28.617437,77.207793,2026-09-02 12:30:00,Store_A
DEV_0020,28.619755,77.21049,2026-09-02 12:35:00,Store_B
DEV_0020,28.613066,77.211116,2026-09-02 12:41:00,Store_B
DEV_0020,28.617291,77.205543,2026-09-02 13:09:00,Store_A
DEV_0020,28.616799,77.206861,2026-09-02 13:12:00,Store_A
DEV_0020,28.615693,77.207849,2026-09-02 13:27:00,Store_A
DEV_0020,28.609959,77.211064,2026-09-02 13:30:00,Store_A
DEV_0020,28.610353,77.210521,2026-09-02 13:53:00,Store_A
DEV_0020,28.612798,77.210721,2026-09-02 14:02:00,Store_B
DEV_0020,28.619983,77.210922,2026-09-02 14:20:00,Store_B
DEV_0020,28.610376,77.208862,2026-09-02 14:40:00,Store_A
DEV_0020,28.61279,77.214074,2026-09-02 14:45:00,Store_B
DEV_0020,28.615905,77.209352,2026-09-02 15:00:00,Store_A
DEV_0020,28.614599,77.210883,2026-09-02 15:16:00,Store_A
DEV_0020,28.615855,77.212864,2026-09-02 15:44:00,Store_A
DEV_0020,28.613637,77.21042,2026-09-03 06:03:00,Store_B
DEV_0020,28.618736,77.215348,2026-09-03 06:09:00,Store_B
DEV_0020,28.612112,77.215659,2026-09-03 06:32:00,Store_B
DEV_0020,28.611279,77.205797,2026-09-03 06:50:00,Store_A
DEV_0020,28.610184,77.207444,2026-09-03 07:07:00,Store_A
DEV_0020,28.612794,77.212052,2026-09-03 07:09:00,Store_B
DEV_0020,28.612096,77.213369,2026-09-03 07:24:00,Store_B
DEV_0020,28.610349,77.21244,2026-09-03 07:49:00,Store_A
DEV_0020,28.610154,77.207682,2026-09-03 08:15:00,Store_A
DEV_0020,28.613027,77.211421,2026-09-03 08:39:00,Store_A
DEV_0020,28.610461,77.207883,2026-09-03 08:53:00,Store_A
DEV_0020,28.60998,77.208719,2026-09-03 09:13:00,Store_A
DEV_0020,28.61224,77.209766,2026-09-03 09:21:00,Store_B
DEV_0020,28.612568,77.211384,2026-09-03 09:22:00,Store_A
DEV_0020,28.616288,77.20673,2026-09-03 09:37:00,Store_A
DEV_0020,28.611416,77.21123,2026-09-03 09:58:00,Store_A
DEV_0020,28.613373,77.209748,2026-09-03 10:05:00,Store_B
DEV_0020,28.616531,77.214946,2026-09-03 10:21:00,Store_B
DEV_0020,28.615141,77.208965,2026-09-03 10:27:00,Store_A
DEV_0020,28.6101,77.211589,2026-09-03 10:38:00,Store_A
DEV_0020,28.617948,77.215339,2026-09-03 10:54:00,Store_B
DEV_0020,28.614456,77.209377,2026-09-03 10:57:00,Store_A
DEV_0020,28.618674,77.212638,2026-09-03 11:07:00,Store_B
DEV_0020,28.613156,77.212866,2026-09-03 11:12:00,Store_A
DEV_0020,28.615977,77.207345,2026-09-03 11:38:00,Store_A
DEV_0020,28.611369,77.206154,2026-09-03 11:59:00,Store_A
DEV_0020,28.612123,77.211739,2026-09-03 12:06:00,Store_B
DEV_0020,28.618043,77.210135,2026-09-03 12:30:00,Store_B
DEV_0020,28.614567,77.207441,2026-09-03 12:57:00,Store_A
DEV_0020,28.618383,77.212796,2026-09-03 13:03:00,Store_B
DEV_0020,28.616936,77.210666,2026-09-03 13:09:00,Store_B
DEV_0020,28.617132,77.211825,2026-09-03 13:13:00,Store_B
DEV_0020,28.617284,77.208763,2026-09-03 13:16:00,Store_A
DEV_0020,28.616821,77.211401,2026-09-03 13:34:00,Store_B
DEV_0020,28.617664,77.210417,2026-09-03 13:43:00,Store_A
DEV_0020,28.618617,77.211873,2026-09-03 14:01:00,Store_B
DEV_0020,28.612896,77.209296,2026-09-03 14:05:00,Store_B
DEV_0020,28.6145,77.205884,2026-09-03 14:35:00,Store_A
DEV_0020,28.611266,77.208439,2026-09-03 15:04:00,Store_A
DEV_0020,28.619947,77.214625,2026-09-03 15:28:00,Store_B
DEV_0020,28.614042,77.213448,2026-09-04 06:26:00,Store_B
DEV_0020,28.613015,77.212709,2026-09-04 06:28:00,Store_B
DEV_0020,28.613902,77.207154,2026-09-04 06:43:00,Store_A
DEV_0020,28.612189,77.214994,2026-09-04 06:58:00,Store_B
DEV_0020,28.617714,77.205876,2026-09-04 07:00:00,Store_A
DEV_0020,28.614333,77.215771,2026-09-04 07:05:00,Store_B
DEV_0020,28.613397,77.205349,2026-09-04 07:18:00,Store_A
DEV_0020,28.613044,77.212696,2026-09-04 07:39:00,Store_A
DEV_0020,28.616569,77.211283,2026-09-04 07:47:00,Store_A
DEV_0020,28.616323,77.213079,2026-09-04 07:56:00,Store_B
DEV_0020,28.619556,77.209313,2026-09-04 08:02:00,Store_B
DEV_0020,28.611692,77.212724,2026-09-04 08:16:00,Store_A
DEV_0020,28.614195,77.2105,2026-09-04 08:39:00,Store_B
DEV_0020,28.611245,77.212983,2026-09-04 08:46:00,Store_A
DEV_0020,28.617491,77.21494,2026-09-04 09:14:00,Store_B
DEV_0020,28.612774,77.207631,2026-09-04 09:43:00,Store_A
DEV_0020,28.615991,77.205016,2026-09-04 09:44:00,Store_A
DEV_0020,28.614288,77.208015,2026-09-04 10:10:00,Store_A
DEV_0020,28.61795,77.216953,2026-09-04 10:25:00,Store_B
DEV_0020,28.61465,77.209897,2026-09-04 10:26:00,Store_A
DEV_0020,28.610871,77.205953,2026-09-04 10:52:00,Store_A
DEV_0020,28.610085,77.21264,2026-09-04 11:20:00,Store_A
DEV_0020,28.612976,77.211024,2026-09-04 11:41:00,Store_A
DEV_0020,28.616463,77.206111,2026-09-04 11:57:00,Store_A
DEV_0020,28.617371,77.210937,2026-09-04 12:16:00,Store_A
DEV_0020,28.61792,77.213942,2026-09-04 12:29:00,Store_B
DEV_0020,28.614234,77.210864,2026-09-04 12:39:00,Store_A
DEV_0020,28.617442,77.211933,2026-09-04 12:57:00,Store_A
DEV_0020,28.61584,77.211064,2026-09-04 13:05:00,Store_B
DEV_0020,28.610305,77.212371,2026-09-04 13:32:00,Store_A
DEV_0020,28.617474,77.210992,2026-09-04 13:36:00,Store_B
DEV_0020,28.615684,77.206955,2026-09-04 13:51:00,Store_A
DEV_0020,28.617337,77.209187,2026-09-04 13:54:00,Store_A
DEV_0020,28.61274,77.213833,2026-09-04 14:15:00,Store_B
DEV_0020,28.617554,77.211638,2026-09-04 14:20:00,Store_B
DEV_0020,28.613201,77.209145,2026-09-04 14:41:00,Store_B
DEV_0020,28.618439,77.214318,2026-09-04 14:44:00,Store_B
DEV_0020,28.613628,77.215101,2026-09-04 14:53:00,Store_B
DEV_0020,28.615289,77.212572,2026-09-04 15:06:00,Store_B
DEV_0020,28.614267,77.216125,2026-09-04 15:15:00,Store_B
DEV_0020,28.615456,77.210186,2026-09-05 06:02:00,Store_B
DEV_0020,28.610368,77.206104,2026-09-05 06:31:00,Store_A
DEV_0020,28.616381,77.210651,2026-09-05 06:49:00,Store_A
DEV_0020,28.61541,77.206218,2026-09-05 06:54:00,Store_A
DEV_0020,28.614007,77.209772,2026-09-05 07:19:00,Store_A
DEV_0020,28.619745,77.210194,2026-09-05 07:48:00,Store_B
DEV_0020,28.613126,77.213247,2026-09-05 08:05:00,Store_B
DEV_0020,28.613875,77.210511,2026-09-05 08:34:00,Store_A
DEV_0020,28.613641,77.211317,2026-09-05 08:46:00,Store_A
DEV_0020,28.613193,77.206278,2026-09-05 09:16:00,Store_A
DEV_0020,28.612656,77.208635,2026-09-05 09:17:00,Store_A
DEV_0020,28.612698,77.213958,2026-09-05 09:42:00,Store_B
DEV_0020,28.614313,77.207656,2026-09-05 10:00:00,Store_A
DEV_0020,28.615393,77.212506,2026-09-05 10:21:00,Store_A
DEV_0020,28.61619,77.212796,2026-09-05 10:33:00,Store_A
DEV_0020,28.612195,77.21193,2026-09-05 10:46:00,Store_A
DEV_0020,28.616967,77.205487,2026-09-05 11:06:00,Store_A
DEV_0020,28.611653,77.207116,2026-09-05 11:20:00,Store_A
DEV_0020,28.61033,77.206022,2026-09-05 11:28:00,Store_A
DEV_0020,28.613566,77.205237,2026-09-05 11:52:00,Store_A
DEV_0020,28.611504,77.212233,2026-09-05 12:11:00,Store_A
DEV_0020,28.612549,77.209717,2026-09-05 12:12:00,Store_B
DEV_0020,28.619572,77.214723,2026-09-05 12:13:00,Store_B
DEV_0020,28.617883,77.212482,2026-09-05 12:24:00,Store_B
DEV_0020,28.617546,77.211175,2026-09-05 12:48:00,Store_A
DEV_0020,28.614496,77.214803,2026-09-05 13:17:00,Store_B
DEV_0020,28.617241,77.216151,2026-09-05 13:32:00,Store_B
DEV_0020,28.619901,77.215817,2026-09-05 13:42:00,Store_B
DEV_0020,28.618602,77.209201,2026-09-05 14:02:00,Store_B
DEV_0020,28.612563,77.205055,2026-09-05 14:18:00,Store_A
DEV_0020,28.617612,77.207473,2026-09-05 14:46:00,Store_A
DEV_0020,28.611976,77.207798,2026-09-05 15:00:00,Store_A
DEV_0020,28.613829,77.208279,2026-09-05 15:06:00,Store_A
DEV_0020,28.617422,77.211055,2026-09-05 15:30:00,Store_A
DEV_0020,28.616508,77.210345,2026-09-05 15:36:00,Store_A
DEV_0020,28.615625,77.20903,2026-09-05 15:49:00,Store_B
DEV_0020,28.617629,77.212099,2026-09-05 16:01:00,Store_B
DEV_0020,28.619622,77.215847,2026-09-05 16:10:00,Store_B
DEV_0020,28.617551,77.209971,2026-09-05 16:25:00,Store_A
DEV_0020,28.618818,77.212536,2026-09-05 16:53:00,Store_B
DEV_0020,28.618321,77.211348,2026-09-06 06:15:00,Store_B
DEV_0020,28.615199,77.209625,2026-09-06 06:36:00,Store_A
DEV_0020,28.612793,77.205292,2026-09-06 07:06:00,Store_A
DEV_0020,28.61635,77.207426,2026-09-06 07:25:00,Store_A
DEV_0020,28.619947,77.216788,2026-09-06 07:30:00,Store_B
DEV_0020,28.612406,77.207175,2026-09-06 07:37:00,Store_A
DEV_0020,28.612429,77.214808,2026-09-06 08:06:00,Store_B
DEV_0020,28.616381,77.21658,2026-09-06 08:11:00,Store_B
DEV_0020,28.61259,77.210098,2026-09-06 08:38:00,Store_A
DEV_0020,28.616837,77.21501,2026-09-06 08:44:00,Store_B
DEV_0020,28.614054,77.215285,2026-09-06 08:45:00,Store_B
DEV_0020,28.617279,77.211211,2026-09-06 08:55:00,Store_B
DEV_0020,28.616031,77.205809,2026-09-06 09:18:00,Store_A
DEV_0020,28.618193,77.213374,2026-09-06 09:21:00,Store_B
DEV_0020,28.613609,77.20502,2026-09-06 09:43:00,Store_A
DEV_0020,28.613868,77.210803,2026-09-06 10:05:00,Store_B
DEV_0020,28.616004,77.215912,2026-09-06 10:31:00,Store_B
DEV_0020,28.615692,77.209226,2026-09-06 10:40:00,Store_A
DEV_0020,28.616295,77.216945,2026-09-06 10:53:00,Store_B
DEV_0020,28.618929,77.209146,2026-09-06 11:21:00,Store_B
DEV_0020,28.616432,77.212944,2026-09-06 11:27:00,Store_A
DEV_0020,28.611188,77.212025,2026-09-06 11:37:00,Store_A
DEV_0020,28.615152,77.207232,2026-09-06 12:03:00,Store_A
DEV_0020,28.611877,77.205234,2026-09-06 12:26:00,Store_A
DEV_0020,28.612408,77.21389,2026-09-06 12:43:00,Store_B
DEV_0020,28.612034,77.216568,2026-09-06 12:59:00,Store_B
DEV_0020,28.610704,77.21084,2026-09-06 13:27:00,Store_A
DEV_0020,28.612423,77.209468,2026-09-06 13:33:00,Store_B
DEV_0020,28.617896,77.206613,2026-09-06 13:53:00,Store_A
DEV_0020,28.616406,77.213738,2026-09-06 14:13:00,Store_B
DEV_0020,28.610541,77.211461,2026-09-06 14:15:00,Store_A
DEV_0020,28.611579,77.212352,2026-09-06 14:31:00,Store_A
DEV_0020,28.611826,77.211002,2026-09-06 14:47:00,Store_A
DEV_0020,28.614618,77.208733,2026-09-06 15:08:00,Store_A
DEV_0020,28.612365,77.214994,2026-09-06 15:37:00,Store_B
DEV_0020,28.619073,77.210245,2026-09-06 15:49:00,Store_B
DEV_0020,28.615674,77.207067,2026-09-06 16:08:00,Store_A
DEV_0020,28.618763,77.214089,2026-09-06 16:35:00,Store_B
DEV_0020,28.618939,77.21637,2026-09-06 16:56:00,Store_B
DEV_0020,28.610516,77.212666,2026-09-06 17:07:00,Store_A
DEV_0020,28.612602,77.206325,2026-09-07 06:04:00,Store_A
DEV_0020,28.61368,77.206332,2026-09-07 06:21:00,Store_A
DEV_0020,28.616181,77.209028,2026-09-07 06:26:00,Store_B
DEV_0020,28.61679,77.20945,2026-09-07 06:34:00,Store_B
DEV_0020,28.612896,77.212324,2026-09-07 06:48:00,Store_B
DEV_0020,28.61432,77.209096,2026-09-07 07:13:00,Store_A
DEV_0020,28.619808,77.210237,2026-09-07 07:42:00,Store_B
DEV_0020,28.615315,77.212033,2026-09-07 08:01:00,Store_A
DEV_0020,28.614011,77.212923,2026-09-07 08:05:00,Store_B
DEV_0020,28.613781,77.2117,2026-09-07 08:07:00,Store_A
DEV_0020,28.619026,77.213477,2026-09-07 08:11:00,Store_B
DEV_0020,28.611356,77.207294,2026-09-07 08:12:00,Store_A
DEV_0020,28.618275,77.212724,2026-09-07 08:29:00,Store_B
DEV_0020,28.610018,77.210211,2026-09-07 08:51:00,Store_A
DEV_0020,28.613553,77.215144,2026-09-07 08:58:00,Store_B
DEV_0020,28.619712,77.210298,2026-09-07 09:25:00,Store_B
DEV_0020,28.613026,77.205304,2026-09-07 09:38:00,Store_A
DEV_0020,28.616412,77.215775,2026-09-07 09:47:00,Store_B
DEV_0020,28.617331,77.209159,2026-09-07 10:13:00,Store_B
DEV_0020,28.617458,77.211852,2026-09-07 10:27:00,Store_B
DEV_0020,28.611867,77.211798,2026-09-07 10:57:00,Store_A
DEV_0020,28.617576,77.216517,2026-09-07 11:02:00,Store_B
DEV_0020,28.612475,77.210886,2026-09-07 11:29:00,Store_A
DEV_0020,28.619157,77.215588,2026-09-07 11:42:00,Store_B
DEV_0020,28.609935,77.212422,2026-09-07 11:49:00,Store_A
DEV_0020,28.612812,77.212834,2026-09-07 12:16:00,Store_A
DEV_0020,28.619142,77.210252,2026-09-07 12:44:00,Store_B
DEV_0020,28.615523,77.210559,2026-09-07 13:04:00,Store_A
DEV_0020,28.614523,77.207308,2026-09-07 13:32:00,Store_A
DEV_0020,28.616027,77.210763,2026-09-07 13:33:00,Store_B
DEV_0020,28.619303,77.214909,2026-09-07 13:53:00,Store_B
DEV_0020,28.616412,77.207531,2026-09-07 14:01:00,Store_A
DEV_0020,28.611079,77.207946,2026-09-07 14:04:00,Store_A
DEV_0020,28.61581,77.211918,2026-09-07 14:30:00,Store_B
DEV_0020,28.617586,77.212234,2026-09-07 14:56:00,Store_B
DEV_0020,28.611749,77.211942,2026-09-07 15:16:00,Store_A
DEV_0020,28.613861,77.2134,2026-09-07 15:19:00,Store_B
DEV_0020,28.612507,77.211561,2026-09-07 15:48:00,Store_A
DEV_0020,28.619297,77.212365,2026-09-07 16:13:00,Store_B
DEV_0020,28.613825,77.211562,2026-09-07 16:32:00,Store_A
