DeviceID,Latitude,Longitude,Timestamp,Store
DEV_0001,28.6101,77.2072,2026-09-01 06:08:00,Store_A
DEV_0001,28.615792,77.210414,2026-09-01 06:37:00,Store_A
DEV_0001,28.614624,77.205254,2026-09-01 06:40:00,Store_A
DEV_0001,28.611761,77.209816,2026-09-01 06:58:00,Store_A
DEV_0001,28.615628,77.210611,2026-09-01 07:12:00,Store_A
DEV_0001,28.613494,77.207226,2026-09-01 07:40:00,Store_A
DEV_0001,28.61597,77.206277,2026-09-01 07:54:00,Store_A
DEV_0001,28.614223,77.210723,2026-09-01 08:19:00,Store_B
DEV_0001,28.612818,77.212039,2026-09-01 08:31:00,Store_B
DEV_0001,28.61683,77.215457,2026-09-01 08:55:00,Store_B
DEV_0001,28.61629,77.216785,2026-09-01 09:08:00,Store_B
DEV_0001,28.614316,77.211635,2026-09-01 09:28:00,Store_A
DEV_0001,28.616619,77.214637,2026-09-01 09:30:00,Store_B
DEV_0001,28.616085,77.212882,2026-09-01 09:58:00,Store_A
DEV_0001,28.616832,77.208041,2026-09-01 10:13:00,Store_A
DEV_0001,28.613301,77.211842,2026-09-01 10:35:00,Store_B
DEV_0001,28.617615,77.214468,2026-09-01 10:38:00,Store_B
DEV_0001,28.614173,77.206958,2026-09-01 10:53:00,Store_A
DEV_0001,28.61416,77.216403,2026-09-01 11:16:00,Store_B
DEV_0001,28.615377,77.211743,2026-09-01 11:41:00,Store_A
DEV_0001,28.611732,77.205257,2026-09-01 11:52:00,Store_A
DEV_0001,28.614142,77.210688,2026-09-01 12:11:00,Store_B
DEV_0001,28.613701,77.212994,2026-09-01 12:40:00,Store_B
DEV_0001,28.613143,77.210117,2026-09-01 13:04:00,Store_B
DEV_0001,28.617976,77.212427,2026-09-01 13:23:00,Store_B
DEV_0001,28.614896,77.216979,2026-09-01 13:28:00,Store_B
DEV_0001,28.612727,77.209377,2026-09-01 13:32:00,Store_B
DEV_0001,28.61492,77.211337,2026-09-01 13:46:00,Store_A
DEV_0001,28.612978,77.209767,2026-09-01 14:01:00,Store_A
DEV_0001,28.619769,77.215886,2026-09-01 14:02:00,Store_B
DEV_0001,28.615354,77.209296,2026-09-01 14:11:00,Store_A
DEV_0001,28.612892,77.212478,2026-09-01 14:26:00,Store_B
DEV_0001,28.617531,77.212007,2026-09-01 14:35:00,Store_A
DEV_0001,28.613961,77.205851,2026-09-01 14:56:00,Store_A
DEV_0001,28.618733,77.213061,2026-09-01 15:03:00,Store_B
DEV_0001,28.612891,77.206292,2026-09-01 15:28:00,Store_A
DEV_0001,28.614692,77.208909,2026-09-01 15:32:00,Store_A
DEV_0001,28.61903,77.215653,2026-09-01 15:42:00,Store_B
DEV_0001,28.610363,77.212024,2026-09-01 15:45:00,Store_A
DEV_0001,28.615755,77.211528,2026-09-01 16:10:00,Store_A
DEV_0001,28.610927,77.208802,2026-09-02 06:18:00,Store_A
DEV_0001,28.61202,77.211979,2026-09-02 06:32:00,Store_A
DEV_0001,28.617331,77.211042,2026-09-02 06:55:00,Store_A
DEV_0001,28.615604,77.208192,2026-09-02 07:17:00,Store_A
DEV_0001,28.615505,77.213141,2026-09-02 07:21:00,Store_B
DEV_0001,28.611698,77.207705,2026-09-02 07:40:00,Store_A
DEV_0001,28.614608,77.205058,2026-09-02 08:03:00,Store_A
DEV_0001,28.611732,77.212243,2026-09-02 08:31:00,Store_A
DEV_0001,28.612567,77.210904,2026-09-02 08:53:00,Store_B
DEV_0001,28.613714,77.210058,2026-09-02 09:23:00,Store_B
DEV_0001,28.613944,77.212784,2026-09-02 09:37:00,Store_B
DEV_0001,28.610655,77.210272,2026-09-02 09:49:00,Store_A
DEV_0001,28.615289,77.215911,2026-09-02 09:51:00,Store_B
DEV_0001,28.610385,77.210826,2026-09-02 10:17:00,Store_A
DEV_0001,28.611889,77.206522,2026-09-02 10:32:00,Store_A
DEV_0001,28.613275,77.207228,2026-09-02 10:40:00,Store_A
DEV_0001,28.613445,77.211891,2026-09-02 10:58:00,Store_A
DEV_0001,28.610305,77.212994,2026-09-02 11:25:00,Store_A
DEV_0001,28.617652,77.212411,2026-09-02 11:53:00,Store_A
DEV_0001,28.61123,77.208885,2026-09-02 12:00:00,Store_A
DEV_0001,28.61922,77.210317,2026-09-02 12:01:00,Store_B
DEV_0001,28.614122,77.215273,2026-09-02 12:16:00,Store_B
DEV_0001,28.615384,77.216659,2026-09-02 12:42:00,Store_B
DEV_0001,28.613238,77.211374,2026-09-02 12:44:00,Store_B
DEV_0001,28.615884,77.205457,2026-09-02 13:03:00,Store_A
DEV_0001,28.616023,77.215822,2026-09-02 13:09:00,Store_B
DEV_0001,28.617586,77.205641,2026-09-02 13:15:00,Store_A
DEV_0001,28.61466,77.210402,2026-09-02 13:23:00,Store_A
DEV_0001,28.612959,77.216122,2026-09-02 13:31:00,Store_B
DEV_0001,28.614855,77.208354,2026-09-02 13:50:00,Store_A
DEV_0001,28.619478,77.210634,2026-09-02 14:13:00,Store_B
DEV_0001,28.613909,77.212166,2026-09-02 14:35:00,Store_B
DEV_0001,28.615658,77.216432,2026-09-02 15:05:00,Store_B
DEV_0001,28.609975,77.209969,2026-09-02 15:24:00,Store_A
DEV_0001,28.610486,77.206705,2026-09-02 15:33:00,Store_A
DEV_0001,28.617366,77.212047,2026-09-02 16:02:00,Store_A
DEV_0001,28.612856,77.206262,2026-09-02 16:29:00,Store_A
DEV_0001,28.616893,77.216898,2026-09-02 16:50:00,Store_B
DEV_0001,28.615243,77.209437,2026-09-02 17:20:00,Store_A
DEV_0001,28.617411,77.206074,2026-09-02 17:24:00,Store_A
DEV_0001,28.615839,77.206244,2026-09-03 06:10:00,Store_A
DEV_0001,28.615641,77.206629,2026-09-03 06:31:00,Store_A
DEV_0001,28.616043,77.211009,2026-09-03 07:01:00,Store_B
DEV_0001,28.610638,77.208389,2026-09-03 07:10:00,Store_A
DEV_0001,28.609928,77.211169,2026-09-03 07:31:00,Store_A
DEV_0001,28.613293,77.212535,2026-09-03 07:54:00,Store_B
DEV_0001,28.616487,77.209895,2026-09-03 08:23:00,Store_B
DEV_0001,28.614265,77.211677,2026-09-03 08:42:00,Store_A
DEV_0001,28.613338,77.205335,2026-09-03 08:54:00,Store_A
DEV_0001,28.617091,77.206681,2026-09-03 09:02:00,Store_A
DEV_0001,28.612729,77.209479,2026-09-03 09:30:00,Store_A
DEV_0001,28.619791,77.214996,2026-09-03 10:00:00,Store_B
DEV_0001,28.616817,77.21281,2026-09-03 10:26:00,Store_A
DEV_0001,28.616951,77.205198,2026-09-03 10:50:00,Store_A
DEV_0001,28.618259,77.212294,2026-09-03 11:12:00,Store_B
DEV_0001,28.612034,77.211299,2026-09-03 11:16:00,Store_A
DEV_0001,28.618977,77.215869,2026-09-03 11:24:00,Store_B
DEV_0001,28.616433,77.208682,2026-09-03 11:34:00,Store_A
DEV_0001,28.611683,77.21028,2026-09-03 11:47:00,Store_A
DEV_0001,28.614229,77.209555,2026-09-03 12:12:00,Store_B
DEV_0001,28.614809,77.213075,2026-09-03 12:34:00,Store_B
DEV_0001,28.619514,77.209923,2026-09-03 12:43:00,Store_B
DEV_0001,28.614545,77.212868,2026-09-03 12:45:00,Store_A
DEV_0001,28.614673,77.207765,2026-09-03 13:11:00,Store_A
DEV_0001,28.615491,77.216874,2026-09-03 13:15:00,Store_B
DEV_0001,28.619196,77.210521,2026-09-03 13:17:00,Store_B
DEV_0001,28.612014,77.216405,2026-09-03 13:35:00,Store_B
DEV_0001,28.612814,77.20556,2026-09-03 13:57:00,Store_A
DEV_0001,28.616985,77.214307,2026-09-03 14:01:00,Store_B
DEV_0001,28.616057,77.214335,2026-09-03 14:12:00,Store_B
DEV_0001,28.617578,77.213435,2026-09-03 14:19:00,Store_B
DEV_0001,28.617319,77.212033,2026-09-03 14:43:00,Store_B
DEV_0001,28.614824,77.207408,2026-09-03 15:01:00,Store_A
DEV_0001,28.612331,77.206681,2026-09-03 15:27:00,Store_A
DEV_0001,28.61572,77.212537,2026-09-03 15:34:00,Store_B
DEV_0001,28.61835,77.216679,2026-09-03 15:58:00,Store_B
DEV_0001,28.615171,77.20727,2026-09-03 16:20:00,Store_A
DEV_0001,28.612747,77.216616,2026-09-03 16:28:00,Store_B
DEV_0001,28.613797,77.210593,2026-09-03 16:29:00,Store_B
DEV_0001,28.611859,77.208801,2026-09-03 16:57:00,Store_A
DEV_0001,28.613543,77.212089,2026-09-04 06:19:00,Store_A
DEV_0001,28.615647,77.208072,2026-09-04 06:32:00,Store_A
DEV_0001,28.611081,77.210501,2026-09-04 07:01:00,Store_A
DEV_0001,28.616127,77.206751,2026-09-04 07:27:00,Store_A
DEV_0001,28.612402,77.210994,2026-09-04 07:55:00,Store_B
DEV_0001,28.613552,77.211411,2026-09-04 08:17:00,Store_A
DEV_0001,28.6196,77.216131,2026-09-04 08:37:00,Store_B
DEV_0001,28.618645,77.213383,2026-09-04 09:06:00,Store_B
DEV_0001,28.615849,77.208797,2026-09-04 09:15:00,Store_A
DEV_0001,28.616619,77.207218,2026-09-04 09:40:00,Store_A
DEV_0001,28.617014,77.211197,2026-09-04 09:43:00,Store_B
DEV_0001,28.613876,77.211687,2026-09-04 10:12:00,Store_B
DEV_0001,28.611007,77.20685,2026-09-04 10:35:00,Store_A
DEV_0001,28.615551,77.205514,2026-09-04 10:49:00,Store_A
DEV_0001,28.616341,77.212326,2026-09-04 10:56:00,Store_B
DEV_0001,28.615116,77.215158,2026-09-04 11:19:00,Store_B
DEV_0001,28.616754,77.211125,2026-09-04 11:32:00,Store_A
DEV_0001,28.612047,77.211814,2026-09-04 11:57:00,Store_B
DEV_0001,28.618828,77.216627,2026-09-04 12:11:00,Store_B
DEV_0001,28.613806,77.207183,2026-09-04 12:27:00,Store_A
DEV_0001,28.613011,77.210351,2026-09-04 12:53:00,Store_A
DEV_0001,28.617793,77.215724,2026-09-04 13:23:00,Store_B
DEV_0001,28.617746,77.209273,2026-09-04 13:53:00,Store_A
DEV_0001,28.616735,77.214304,2026-09-04 13:56:00,Store_B
DEV_0001,28.613086,77.212694,2026-09-04 13:58:00,Store_B
DEV_0001,28.615033,77.210693,2026-09-04 14:09:00,Store_B
DEV_0001,28.61809,77.212033,2026-09-04 14:34:00,Store_B
DEV_0001,28.614018,77.209655,2026-09-04 14:35:00,Store_B
DEV_0001,28.617899,77.2078,2026-09-04 14:56:00,Store_A
DEV_0001,28.61615,77.210214,2026-09-04 15:21:00,Store_A
DEV_0001,28.617497,77.206595,2026-09-04 15:22:00,Store_A
DEV_0001,28.611808,77.208788,2026-09-04 15:26:00,Store_A
DEV_0001,28.61362,77.20705,2026-09-04 15:38:00,Store_A
DEV_0001,28.614747,77.21271,2026-09-04 16:01:00,Store_A
DEV_0001,28.616122,77.20631,2026-09-04 16:11:00,Store_A
DEV_0001,28.614529,77.212431,2026-09-04 16:30:00,Store_A
DEV_0001,28.615173,77.21472,2026-09-04 16:33:00,Store_B
DEV_0001,28.610715,77.21118,2026-09-04 17:01:00,Store_A
DEV_0001,28.61627,77.209527,2026-09-04 17:03:00,Store_A
DEV_0001,28.616262,77.214292,2026-09-04 17:06:00,Store_B
DEV_0001,28.612101,77.21236,2026-09-05 06:16:00,Store_B
DEV_0001,28.613368,77.207898,2026-09-05 06:45:00,Store_A
DEV_0001,28.617658,77.212484,2026-09-05 07:09:00,Store_B
DEV_0001,28.616927,77.216357,2026-09-05 07:34:00,Store_B
DEV_0001,28.615719,77.215606,2026-09-05 07:53:00,Store_B
DEV_0001,28.614578,77.210964,2026-09-05 08:23:00,Store_B
DEV_0001,28.612131,77.208606,2026-09-05 08:48:00,Store_A
DEV_0001,28.616559,77.214346,2026-09-05 08:59:00,Store_B
DEV_0001,28.613854,77.2076,2026-09-05 09:15:00,Store_A
DEV_0001,28.612739,77.207067,2026-09-05 09:24:00,Store_A
DEV_0001,28.616446,77.213133,2026-09-05 09:31:00,Store_B
DEV_0001,28.611831,77.208251,2026-09-05 09:49:00,Store_A
DEV_0001,28.615425,77.210167,2026-09-05 10:05:00,Store_A
DEV_0001,28.618343,77.209744,2026-09-05 10:13:00,Store_B
DEV_0001,28.617534,77.21145,2026-09-05 10:32:00,Store_B
DEV_0001,28.615786,77.213247,2026-09-05 10:46:00,Store_B
DEV_0001,28.614814,77.21263,2026-09-05 10:56:00,Store_B
DEV_0001,28.613844,77.21477,2026-09-05 11:07:00,Store_B
DEV_0001,28.615843,77.212607,2026-09-05 11:30:00,Store_A
DEV_0001,28.611432,77.210909,2026-09-05 11:39:00,Store_A
DEV_0001,28.619844,77.215661,2026-09-05 11:49:00,Store_B
DEV_0001,28.612787,77.207418,2026-09-05 12:12:00,Store_A
DEV_0001,28.612094,77.212794,2026-09-05 12:30:00,Store_A
DEV_0001,28.617579,77.21001,2026-09-05 12:58:00,Store_B
DEV_0001,28.612821,77.209098,2026-09-05 13:08:00,Store_B
DEV_0001,28.61583,77.211726,2026-09-05 13:10:00,Store_B
DEV_0001,28.619529,77.212822,2026-09-05 13:37:00,Store_B
DEV_0001,28.613106,77.205593,2026-09-05 13:58:00,Store_A
DEV_0001,28.611114,77.211489,2026-09-05 14:08:00,Store_A
DEV_0001,28.617851,77.205948,2026-09-05 14:33:00,Store_A
DEV_0001,28.616851,77.215326,2026-09-05 14:41:00,Store_B
DEV_0001,28.615604,77.212542,2026-09-05 15:09:00,Store_B
DEV_0001,28.614443,77.213968,2026-09-05 15:29:00,Store_B
DEV_0001,28.617481,77.206662,2026-09-05 15:36:00,Store_A
DEV_0001,28.617283,77.210256,2026-09-05 15:42:00,Store_B
DEV_0001,28.611152,77.208268,2026-09-05 16:05:00,Store_A
DEV_0001,28.61433,77.210852,2026-09-05 16:28:00,Store_B
DEV_0001,28.617624,77.212632,2026-09-05 16:50:00,Store_B
DEV_0001,28.617291,77.211303,2026-09-05 17:11:00,Store_A
DEV_0001,28.613301,77.209356,2026-09-05 17:32:00,Store_A
DEV_0001,28.617167,77.211613,2026-09-06 06:03:00,Store_A
DEV_0001,28.611227,77.207461,2026-09-06 06:27:00,Store_A
DEV_0001,28.615513,77.21275,2026-09-06 06:37:00,Store_B
DEV_0001,28.619541,77.213004,2026-09-06 06:53:00,Store_B
DEV_0001,28.612644,77.209319,2026-09-06 07:07:00,Store_B
DEV_0001,28.61683,77.209207,2026-09-06 07:15:00,Store_B
DEV_0001,28.617897,77.210378,2026-09-06 07:24:00,Store_A
DEV_0001,28.616005,77.206402,2026-09-06 07:41:00,Store_A
DEV_0001,28.619329,77.210452,2026-09-06 08:00:00,Store_B
DEV_0001,28.617078,77.212934,2026-09-06 08:03:00,Store_B
DEV_0001,28.614784,77.211666,2026-09-06 08:25:00,Store_B
DEV_0001,28.616762,77.207638,2026-09-06 08:48:00,Store_A
DEV_0001,28.614306,77.216562,2026-09-06 09:15:00,Store_B
DEV_0001,28.613539,77.207516,2026-09-06 09:26:00,Store_A
DEV_0001,28.617661,77.208233,2026-09-06 09:43:00,Store_A
DEV_0001,28.615161,77.209341,2026-09-06 09:57:00,Store_A
DEV_0001,28.611401,77.207894,2026-09-06 10:22:00,Store_A
DEV_0001,28.617003,77.21508,2026-09-06 10:29:00,Store_B
DEV_0001,28.616394,77.216421,2026-09-06 10:44:00,Store_B
DEV_0001,28.612971,77.216785,2026-09-06 11:04:00,Store_B
DEV_0001,28.615578,77.207486,2026-09-06 11:05:00,Store_A
DEV_0001,28.612746,77.216938,2026-09-06 11:35:00,Store_B
DEV_0001,28.613592,77.20594,2026-09-06 12:02:00,Store_A
DEV_0001,28.613887,77.210733,2026-09-06 12:19:00,Store_A
DEV_0001,28.615324,77.21286,2026-09-06 12:35:00,Store_B
DEV_0001,28.613554,77.206157,2026-09-06 12:42:00,Store_A
DEV_0001,28.616812,77.20721,2026-09-06 13:08:00,Store_A
DEV_0001,28.614719,77.215302,2026-09-06 13:17:00,Store_B
DEV_0001,28.612163,77.207388,2026-09-06 13:36:00,Store_A
DEV_0001,28.618922,77.212572,2026-09-06 13:52:00,Store_B
DEV_0001,28.61466,77.215103,2026-09-06 14:05:00,Store_B
DEV_0001,28.619463,77.215957,2026-09-06 14:28:00,Store_B
DEV_0001,28.614474,77.206868,2026-09-06 14:53:00,Store_A
DEV_0001,28.612349,77.214958,2026-09-06 15:16:00,Store_B
DEV_0001,28.615089,77.21431,2026-09-06 15:43:00,Store_B
DEV_0001,28.613863,77.205296,2026-09-06 16:00:00,Store_A
DEV_0001,28.618958,77.215994,2026-09-06 16:15:00,Store_B
DEV_0001,28.614108,77.208655,2026-09-06 16:39:00,Store_A
DEV_0001,28.61318,77.210238,2026-09-06 16:44:00,Store_A
DEV_0001,28.613656,77.212754,2026-09-06 16:55:00,Store_A
DEV_0001,28.617199,77.215814,2026-09-07 06:28:00,Store_B
DEV_0001,28.619633,77.214014,2026-09-07 06:57:00,Store_B
DEV_0001,28.618979,77.209287,2026-09-07 07:00:00,Store_B
DEV_0001,28.614949,77.212367,2026-09-07 07:08:00,Store_A
DEV_0001,28.613372,77.205788,2026-09-07 07:29:00,Store_A
DEV_0001,28.613449,77.210552,2026-09-07 07:58:00,Store_A
DEV_0001,28.610268,77.211369,2026-09-07 08:08:00,Store_A
DEV_0001,28.614999,77.210165,2026-09-07 08:25:00,Store_B
DEV_0001,28.616527,77.21534,2026-09-07 08:31:00,Store_B
DEV_0001,28.610532,77.211967,2026-09-07 08:51:00,Store_A
DEV_0001,28.613881,77.209665,2026-09-07 08:59:00,Store_A
DEV_0001,28.617103,77.212677,2026-09-07 09:21:00,Store_B
DEV_0001,28.617091,77.208722,2026-09-07 09:31:00,Store_A
DEV_0001,28.610491,77.212562,2026-09-07 09:50:00,Store_A
DEV_0001,28.617112,77.212394,2026-09-07 09:59:00,Store_B
DEV_0001,28.618762,77.210594,2026-09-07 10:12:00,Store_B
DEV_0001,28.612853,77.212051,2026-09-07 10:24:00,Store_B
DEV_0001,28.619942,77.211362,2026-09-07 10:51:00,Store_B
DEV_0001,28.614196,77.213527,2026-09-07 11:13:00,Store_B
DEV_0001,28.617185,77.210961,2026-09-07 11:40:00,Store_A
DEV_0001,28.618206,77.210841,2026-09-07 12:06:00,Store_B
DEV_0001,28.613752,77.210521,2026-09-07 12:15:00,Store_B
DEV_0001,28.614926,77.212227,2026-09-07 12:36:00,Store_A
DEV_0001,28.612371,77.208527,2026-09-07 12:55:00,Store_A
DEV_0001,28.617859,77.209721,2026-09-07 13:05:00,Store_B
DEV_0001,28.61798,77.210405,2026-09-07 13:10:00,Store_B
DEV_0001,28.616247,77.216308,2026-09-07 13:37:00,Store_B
DEV_0001,28.611956,77.211598,2026-09-07 13:53:00,Store_A
DEV_0001,28.617972,77.21171,2026-09-07 13:57:00,Store_B
DEV_0001,28.619703,77.210126,2026-09-07 14:05:00,Store_B
DEV_0001,28.619738,77.215437,2026-09-07 14:17:00,Store_B
DEV_0001,28.616225,77.205111,2026-09-07 14:35:00,Store_A
DEV_0001,28.613538,77.210383,2026-09-07 14:57:00,Store_A
DEV_0001,28.616676,77.215579,2026-09-07 15:09:00,Store_B
DEV_0001,28.615299,77.208772,2026-09-07 15:29:00,Store_A
DEV_0001,28.619322,77.210771,2026-09-07 15:32:00,Store_B
DEV_0001,28.619275,77.211418,2026-09-07 15:46:00,Store_B
DEV_0001,28.611018,77.21257,2026-09-07 15:56:00,Store_A
DEV_0001,28.612929,77.210878,2026-09-07 16:14:00,Store_B
DEV_0001,28.613009,77.207968,2026-09-07 16:38:00,Store_A
DEV_0002,28.616699,77.214813,2026-09-01 06:29:00,Store_B
DEV_0002,28.617239,77.21567,2026-09-01 06:49:00,Store_B
DEV_0002,28.619512,77.211238,2026-09-01 07:12:00,Store_B
DEV_0002,28.613738,77.212558,2026-09-01 07:20:00,Store_B
DEV_0002,28.612795,77.214485,2026-09-01 07:38:00,Store_B
DEV_0002,28.612484,77.211207,2026-09-01 07:42:00,Store_B
DEV_0002,28.612733,77.210697,2026-09-01 08:03:00,Store_B
DEV_0002,28.610305,77.207668,2026-09-01 08:08:00,Store_A
DEV_0002,28.610449,77.211121,2026-09-01 08:15:00,Store_A
DEV_0002,28.616404,77.206864,2026-09-01 08:40:00,Store_A
DEV_0002,28.616209,77.209768,2026-09-01 08:49:00,Store_A
DEV_0002,28.6178,77.209322,2026-09-01 09:15:00,Store_A
DEV_0002,28.610779,77.211932,2026-09-01 09:20:00,Store_A
DEV_0002,28.612766,77.211307,2026-09-01 09:39:00,Store_A
DEV_0002,28.612126,77.211123,2026-09-01 09:44:00,Store_B
DEV_0002,28.616209,77.214965,2026-09-01 10:00:00,Store_B
DEV_0002,28.618224,77.213106,2026-09-01 10:04:00,Store_B
DEV_0002,28.616031,77.216563,2026-09-01 10:06:00,Store_B
DEV_0002,28.615664,77.216712,2026-09-01 10:08:00,Store_B
DEV_0002,28.618778,77.21241,2026-09-01 10:12:00,Store_B
DEV_0002,28.617699,77.212548,2026-09-01 10:41:00,Store_B
DEV_0002,28.612477,77.206187,2026-09-01 10:46:00,Store_A
DEV_0002,28.616995,77.213683,2026-09-01 11:09:00,Store_B
DEV_0002,28.615047,77.213779,2026-09-01 11:19:00,Store_B
DEV_0002,28.616044,77.212442,2026-09-01 11:45:00,Store_B
DEV_0002,28.616722,77.210207,2026-09-01 12:10:00,Store_A
DEV_0002,28.613341,77.212105,2026-09-01 12:24:00,Store_A
DEV_0002,28.618619,77.21219,2026-09-01 12:48:00,Store_B
DEV_0002,28.6124,77.2075,2026-09-01 12:57:00,Store_A
DEV_0002,28.619629,77.214495,2026-09-01 13:13:00,Store_B
DEV_0002,28.61063,77.205683,2026-09-01 13:27:00,Store_A
DEV_0002,28.615857,77.207981,2026-09-01 13:32:00,Store_A
DEV_0002,28.614592,77.209493,2026-09-01 13:43:00,Store_A
DEV_0002,28.613186,77.211989,2026-09-01 14:08:00,Store_A
DEV_0002,28.618945,77.214768,2026-09-01 14:18:00,Store_B
DEV_0002,28.614813,77.213623,2026-09-01 14:25:00,Store_B
DEV_0002,28.615154,77.206794,2026-09-01 14:29:00,Store_A
DEV_0002,28.618763,77.21194,2026-09-01 14:54:00,Store_B
DEV_0002,28.616593,77.215458,2026-09-01 15:22:00,Store_B
DEV_0002,28.614772,77.210263,2026-09-01 15:45:00,Store_A
DEV_0002,28.612232,77.211186,2026-09-02 06:25:00,Store_B
DEV_0002,28.619372,77.211808,2026-09-02 06:31:00,Store_B
DEV_0002,28.614431,77.208206,2026-09-02 06:36:00,Store_A
DEV_0002,28.610634,77.209244,2026-09-02 06:49:00,Store_A
DEV_0002,28.615629,77.210259,2026-09-02 06:59:00,Store_B
DEV_0002,28.618215,77.213541,2026-09-02 07:02:00,Store_B
DEV_0002,28.611145,77.211035,2026-09-02 07:04:00,Store_A
DEV_0002,28.612077,77.210296,2026-09-02 07:20:00,Store_A
DEV_0002,28.615313,77.210725,2026-09-02 07:37:00,Store_B
DEV_0002,28.612661,77.205887,2026-09-02 07:59:00,Store_A
DEV_0002,28.616215,77.211467,2026-09-02 08:07:00,Store_B
DEV_0002,28.619876,77.209438,2026-09-02 08:14:00,Store_B
DEV_0002,28.619563,77.215139,2026-09-02 08:39:00,Store_B
DEV_0002,28.614316,77.20996,2026-09-02 08:55:00,Store_B
DEV_0002,28.613406,77.212042,2026-09-02 09:18:00,Store_B
DEV_0002,28.613902,77.211667,2026-09-02 09:44:00,Store_A
DEV_0002,28.612577,77.215894,2026-09-02 09:46:00,Store_B
DEV_0002,28.61215,77.216369,2026-09-02 10:14:00,Store_B
DEV_0002,28.616606,77.213587,2026-09-02 10:37:00,Store_B
DEV_0002,28.614316,77.21224,2026-09-02 10:48:00,Store_B
DEV_0002,28.616311,77.209945,2026-09-02 11:15:00,Store_A
DEV_0002,28.612705,77.215756,2026-09-02 11:23:00,Store_B
DEV_0002,28.616711,77.213192,2026-09-02 11:36:00,Store_B
DEV_0002,28.617966,77.210773,2026-09-02 12:01:00,Store_B
DEV_0002,28.610511,77.210066,2026-09-02 12:18:00,Store_A
DEV_0002,28.617147,77.207795,2026-09-02 12:42:00,Store_A
DEV_0002,28.61179,77.206172,2026-09-02 12:49:00,Store_A
DEV_0002,28.614719,77.211082,2026-09-02 13:10:00,Store_A
DEV_0002,28.611317,77.211183,2026-09-02 13:26:00,Store_A
DEV_0002,28.618036,77.215079,2026-09-02 13:41:00,Store_B
DEV_0002,28.618914,77.214018,2026-09-02 13:46:00,Store_B
DEV_0002,28.612546,77.212538,2026-09-02 13:56:00,Store_B
DEV_0002,28.616731,77.211816,2026-09-02 13:59:00,Store_B
DEV_0002,28.615694,77.209301,2026-09-02 14:11:00,Store_B
DEV_0002,28.612614,77.215914,2026-09-02 14:39:00,Store_B
DEV_0002,28.61482,77.209057,2026-09-02 14:54:00,Store_A
DEV_0002,28.613498,77.211479,2026-09-02 15:15:00,Store_A
DEV_0002,28.612472,77.208805,2026-09-02 15:20:00,Store_A
DEV_0002,28.613504,77.211488,2026-09-02 15:47:00,Store_A
DEV_0002,28.619859,77.209675,2026-09-02 16:08:00,Store_B
DEV_0002,28.610213,77.210661,2026-09-03 06:15:00,Store_A
DEV_0002,28.612811,77.212343,2026-09-03 06:28:00,Store_A
DEV_0002,28.618196,77.214431,2026-09-03 06:30:00,Store_B
DEV_0002,28.612527,77.209756,2026-09-03 06:52:00,Store_B
DEV_0002,28.614273,77.21479,2026-09-03 07:14:00,Store_B
DEV_0002,28.612567,77.209662,2026-09-03 07:19:00,Store_A
DEV_0002,28.614482,77.214248,2026-09-03 07:41:00,Store_B
DEV_0002,28.613032,77.214671,2026-09-03 07:44:00,Store_B
DEV_0002,28.616471,77.214148,2026-09-03 07:55:00,Store_B
DEV_0002,28.615261,77.211632,2026-09-03 08:19:00,Store_A
DEV_0002,28.615068,77.208387,2026-09-03 08:31:00,Store_A
DEV_0002,28.612801,77.206442,2026-09-03 08:38:00,Store_A
DEV_0002,28.619581,77.21289,2026-09-03 08:46:00,Store_B
DEV_0002,28.61114,77.207366,2026-09-03 09:12:00,Store_A
DEV_0002,28.613962,77.209318,2026-09-03 09:36:00,Store_A
DEV_0002,28.615195,77.212011,2026-09-03 09:56:00,Store_A
DEV_0002,28.614678,77.206234,2026-09-03 10:02:00,Store_A
DEV_0002,28.615669,77.20535,2026-09-03 10:14:00,Store_A
DEV_0002,28.617657,77.209885,2026-09-03 10:39:00,Store_A
DEV_0002,28.613872,77.210913,2026-09-03 11:05:00,Store_B
DEV_0002,28.619232,77.210552,2026-09-03 11:27:00,Store_B
DEV_0002,28.615693,77.211254,2026-09-03 11:40:00,Store_B
DEV_0002,28.61973,77.215535,2026-09-03 12:06:00,Store_B
DEV_0002,28.616884,77.205417,2026-09-03 12:22:00,Store_A
DEV_0002,28.616436,77.209821,2026-09-03 12:50:00,Store_B
DEV_0002,28.612181,77.211105,2026-09-03 12:59:00,Store_A
DEV_0002,28.619242,77.210179,2026-09-03 13:13:00,Store_B
DEV_0002,28.617471,77.206776,2026-09-03 13:28:00,Store_A
DEV_0002,28.619444,77.212319,2026-09-03 13:41:00,Store_B
DEV_0002,28.613886,77.216956,2026-09-03 13:53:00,Store_B
DEV_0002,28.610126,77.212447,2026-09-03 14:20:00,Store_A
DEV_0002,28.618331,77.210101,2026-09-03 14:30:00,Store_B
DEV_0002,28.617569,77.21011,2026-09-03 14:53:00,Store_B
DEV_0002,28.615589,77.209042,2026-09-03 14:56:00,Store_B
DEV_0002,28.611947,77.21168,2026-09-03 15:14:00,Store_A
DEV_0002,28.612889,77.211305,2026-09-03 15:24:00,Store_B
DEV_0002,28.610282,77.208359,2026-09-03 15:50:00,Store_A
DEV_0002,28.612502,77.215694,2026-09-03 16:06:00,Store_B
DEV_0002,28.614956,77.2096,2026-09-03 16:29:00,Store_A
DEV_0002,28.61223,77.205013,2026-09-03 16:41:00,Store_A
DEV_0002,28.614465,77.206499,2026-09-04 06:22:00,Store_A
DEV_0002,28.614088,77.207885,2026-09-04 06:39:00,Store_A
DEV_0002,28.613024,77.208761,2026-09-04 07:00:00,Store_A
DEV_0002,28.619848,77.211029,2026-09-04 07:01:00,Store_B
DEV_0002,28.618308,77.211758,2026-09-04 07:25:00,Store_B
DEV_0002,28.616072,77.210881,2026-09-04 07:36:00,Store_A
DEV_0002,28.610255,77.209368,2026-09-04 08:03:00,Store_A
DEV_0002,28.616543,77.210477,2026-09-04 08:26:00,Store_A
DEV_0002,28.617054,77.215492,2026-09-04 08:29:00,Store_B
DEV_0002,28.612296,77.210613,2026-09-04 08:55:00,Store_B
DEV_0002,28.616986,77.207525,2026-09-04 09:05:00,Store_A
DEV_0002,28.619913,77.213344,2026-09-04 09:14:00,Store_B
DEV_0002,28.615926,77.206529,2026-09-04 09:26:00,Store_A
DEV_0002,28.616826,77.207655,2026-09-04 09:30:00,Store_A
DEV_0002,28.615496,77.2122,2026-09-04 09:45:00,Store_B
DEV_0002,28.614712,77.210495,2026-09-04 10:08:00,Store_B
DEV_0002,28.614939,77.215378,2026-09-04 10:17:00,Store_B
DEV_0002,28.615717,77.205631,2026-09-04 10:37:00,Store_A
DEV_0002,28.614264,77.20757,2026-09-04 10:40:00,Store_A
DEV_0002,28.617287,77.211452,2026-09-04 11:00:00,Store_B
DEV_0002,28.613333,77.212551,2026-09-04 11:15:00,Store_B
DEV_0002,28.615715,77.212293,2026-09-04 11:35:00,Store_A
DEV_0002,28.614196,77.21684,2026-09-04 11:37:00,Store_B
DEV_0002,28.615269,77.20825,2026-09-04 11:54:00,Store_A
DEV_0002,28.617522,77.206142,2026-09-04 12:14:00,Store_A
DEV_0002,28.612278,77.209538,2026-09-04 12:39:00,Store_B
DEV_0002,28.614897,77.216596,2026-09-04 12:41:00,Store_B
DEV_0002,28.615332,77.212591,2026-09-04 12:53:00,Store_A
DEV_0002,28.618105,77.213591,2026-09-04 13:10:00,Store_B
DEV_0002,28.615184,77.214196,2026-09-04 13:18:00,Store_B
DEV_0002,28.610107,77.206488,2026-09-04 13:35:00,Store_A
DEV_0002,28.619308,77.209942,2026-09-04 14:00:00,Store_B
DEV_0002,28.617632,77.210717,2026-09-04 14:20:00,Store_B
DEV_0002,28.617552,77.216989,2026-09-04 14:27:00,Store_B
DEV_0002,28.610986,77.205592,2026-09-04 14:33:00,Store_A
DEV_0002,28.619978,77.215484,2026-09-04 15:01:00,Store_B
DEV_0002,28.617343,77.214676,2026-09-04 15:19:00,Store_B
DEV_0002,28.619131,77.215811,2026-09-04 15:42:00,Store_B
DEV_0002,28.61625,77.20907,2026-09-04 15:46:00,Store_A
DEV_0002,28.616237,77.206894,2026-09-04 16:02:00,Store_A
DEV_0002,28.612787,77.209578,2026-09-05 06:15:00,Store_A
DEV_0002,28.614796,77.20569,2026-09-05 06:25:00,Store_A
DEV_0002,28.619997,77.214751,2026-09-05 06:42:00,Store_B
DEV_0002,28.618153,77.215587,2026-09-05 06:45:00,Store_B
DEV_0002,28.617679,77.210139,2026-09-05 07:00:00,Store_A
DEV_0002,28.617441,77.211756,2026-09-05 07:29:00,Store_B
DEV_0002,28.616042,77.206032,2026-09-05 07:46:00,Store_A
DEV_0002,28.616551,77.209145,2026-09-05 07:56:00,Store_A
DEV_0002,28.611196,77.212478,2026-09-05 08:04:00,Store_A
DEV_0002,28.61958,77.213151,2026-09-05 08:14:00,Store_B
DEV_0002,28.611905,77.21008,2026-09-05 08:32:00,Store_A
DEV_0002,28.613001,77.211423,2026-09-05 08:50:00,Store_B
DEV_0002,28.613921,77.206349,2026-09-05 09:09:00,Store_A
DEV_0002,28.61127,77.209996,2026-09-05 09:38:00,Store_A
DEV_0002,28.61874,77.213509,2026-09-05 10:05:00,Store_B
DEV_0002,28.61055,77.212588,2026-09-05 10:30:00,Store_A
DEV_0002,28.617209,77.215136,2026-09-05 10:44:00,Store_B
DEV_0002,28.613884,77.210017,2026-09-05 10:54:00,Store_A
DEV_0002,28.615864,77.215438,2026-09-05 11:16:00,Store_B
DEV_0002,28.614379,77.209584,2026-09-05 11:18:00,Store_B
DEV_0002,28.613417,77.208874,2026-09-05 11:25:00,Store_A
DEV_0002,28.616853,77.211501,2026-09-05 11:48:00,Store_B
DEV_0002,28.617874,77.215886,2026-09-05 12:01:00,Store_B
DEV_0002,28.615985,77.20912,2026-09-05 12:05:00,Store_A
DEV_0002,28.613934,77.20998,2026-09-05 12:20:00,Store_B
DEV_0002,28.611027,77.205405,2026-09-05 12:33:00,Store_A
DEV_0002,28.613986,77.215922,2026-09-05 12:39:00,Store_B
DEV_0002,28.61947,77.214769,2026-09-05 12:46:00,Store_B
DEV_0002,28.613886,77.209118,2026-09-05 13:02:00,Store_A
DEV_0002,28.615979,77.20972,2026-09-05 13:15:00,Store_B
DEV_0002,28.619733,77.210721,2026-09-05 13:27:00,Store_B
DEV_0002,28.610304,77.208959,2026-09-05 13:56:00,Store_A
DEV_0002,28.614286,77.209065,2026-09-05 14:00:00,Store_B
DEV_0002,28.613071,77.211116,2026-09-05 14:12:00,Store_B
DEV_0002,28.614927,77.212205,2026-09-05 14:31:00,Store_B
DEV_0002,28.6128,77.207309,2026-09-05 14:44:00,Store_A
DEV_0002,28.618115,77.211238,2026-09-05 15:04:00,Store_B
DEV_0002,28.610929,77.205773,2026-09-05 15:16:00,Store_A
DEV_0002,28.616463,77.211925,2026-09-05 15:21:00,Store_B
DEV_0002,28.61472,77.208211,2026-09-05 15:23:00,Store_A
DEV_0002,28.610211,77.210709,2026-09-06 06:26:00,Store_A
DEV_0002,28.616155,77.210192,2026-09-06 06:55:00,Store_B
DEV_0002,28.612524,77.209905,2026-09-06 07:01:00,Store_A
DEV_0002,28.619925,77.214915,2026-09-06 07:11:00,Store_B
DEV_0002,28.616059,77.213078,2026-09-06 07:27:00,Store_B
DEV_0002,28.615799,77.209133,2026-09-06 07:38:00,Store_B
DEV_0002,28.617739,77.20967,2026-09-06 08:04:00,Store_A
DEV_0002,28.614675,77.207124,2026-09-06 08:25:00,Store_A
DEV_0002,28.615671,77.209668,2026-09-06 08:31:00,Store_A
DEV_0002,28.613182,77.214446,2026-09-06 08:33:00,Store_B
DEV_0002,28.611426,77.208528,2026-09-06 08:47:00,Store_A
DEV_0002,28.613204,77.206631,2026-09-06 09:04:00,Store_A
DEV_0002,28.618983,77.214887,2026-09-06 09:06:00,Store_B
DEV_0002,28.614049,77.209487,2026-09-06 09:28:00,Store_A
DEV_0002,28.616204,77.21151,2026-09-06 09:34:00,Store_B
DEV_0002,28.619297,77.211739,2026-09-06 09:46:00,Store_B
DEV_0002,28.616881,77.210538,2026-09-06 09:54:00,Store_B
DEV_0002,28.616465,77.210799,2026-09-06 10:04:00,Store_B
DEV_0002,28.617639,77.214522,2026-09-06 10:20:00,Store_B
DEV_0002,28.615838,77.213484,2026-09-06 10:50:00,Store_B
DEV_0002,28.614302,77.213588,2026-09-06 11:08:00,Store_B
DEV_0002,28.619166,77.212156,2026-09-06 11:20:00,Store_B
DEV_0002,28.612224,77.207301,2026-09-06 11:43:00,Store_A
DEV_0002,28.612671,77.208539,2026-09-06 11:52:00,Store_A
DEV_0002,28.613712,77.215624,2026-09-06 12:01:00,Store_B
DEV_0002,28.613098,77.213925,2026-09-06 12:20:00,Store_B
DEV_0002,28.61184,77.210359,2026-09-06 12:37:00,Store_A
DEV_0002,28.615004,77.20542,2026-09-06 12:51:00,Store_A
DEV_0002,28.617739,77.209804,2026-09-06 13:16:00,Store_B
DEV_0002,28.609941,77.209403,2026-09-06 13:46:00,Store_A
DEV_0002,28.613155,77.21248,2026-09-06 14:15:00,Store_A
DEV_0002,28.61582,77.210596,2026-09-06 14:25:00,Store_B
DEV_0002,28.614283,77.209473,2026-09-06 14:50:00,Store_B
DEV_0002,28.615118,77.206858,2026-09-06 15:14:00,Store_A
DEV_0002,28.617206,77.206401,2026-09-06 15:43:00,Store_A
DEV_0002,28.617371,77.205291,2026-09-06 16:10:00,Store_A
DEV_0002,28.618304,77.21049,2026-09-06 16:34:00,Store_B
DEV_0002,28.619014,77.209074,2026-09-06 16:53:00,Store_B
DEV_0002,28.617328,77.20768,2026-09-06 17:08:00,Store_A
DEV_0002,28.619114,77.210074,2026-09-06 17:25:00,Store_B
DEV_0002,28.614183,77.215471,2026-09-07 06:11:00,Store_B
DEV_0002,28.615749,77.210186,2026-09-07 06:34:00,Store_A
DEV_0002,28.610013,77.207697,2026-09-07 06:44:00,Store_A
DEV_0002,28.611304,77.211849,2026-09-07 07:13:00,Store_A
DEV_0002,28.618616,77.213122,2026-09-07 07:16:00,Store_B
DEV_0002,28.617354,77.210478,2026-09-07 07:21:00,Store_B
DEV_0002,28.614589,77.210984,2026-09-07 07:30:00,Store_B
DEV_0002,28.613884,77.21503,2026-09-07 07:41:00,Store_B
DEV_0002,28.61666,77.213583,2026-09-07 07:50:00,Store_B
DEV_0002,28.617542,77.209497,2026-09-07 07:54:00,Store_B
DEV_0002,28.614454,77.212243,2026-09-07 08:11:00,Store_B
DEV_0002,28.617522,77.21411,2026-09-07 08:21:00,Store_B
DEV_0002,28.616917,77.210753,2026-09-07 08:26:00,Store_B
DEV_0002,28.613225,77.214982,2026-09-07 08:46:00,Store_B
DEV_0002,28.615327,77.213394,2026-09-07 09:02:00,Store_B
DEV_0002,28.615995,77.210443,2026-09-07 09:22:00,Store_A
DEV_0002,28.614104,77.209225,2026-09-07 09:34:00,Store_A
DEV_0002,28.617238,77.205898,2026-09-07 10:01:00,Store_A
DEV_0002,28.614482,77.206199,2026-09-07 10:12:00,Store_A
DEV_0002,28.61293,77.210643,2026-09-07 10:31:00,Store_B
DEV_0002,28.612728,77.213083,2026-09-07 10:57:00,Store_B
DEV_0002,28.613527,77.209106,2026-09-07 11:12:00,Store_A
DEV_0002,28.61437,77.210382,2026-09-07 11:22:00,Store_A
DEV_0002,28.613068,77.211532,2026-09-07 11:46:00,Store_A
DEV_0002,28.614526,77.205362,2026-09-07 11:58:00,Store_A
DEV_0002,28.614229,77.205482,2026-09-07 12:27:00,Store_A
DEV_0002,28.617789,77.208777,2026-09-07 12:37:00,Store_A
DEV_0002,28.61344,77.210083,2026-09-07 12:58:00,Store_B
DEV_0002,28.614996,77.216131,2026-09-07 13:13:00,Store_B
DEV_0002,28.615005,77.214462,2026-09-07 13:35:00,Store_B
DEV_0002,28.615128,77.207782,2026-09-07 13:41:00,Store_A
DEV_0002,28.616231,77.214823,2026-09-07 13:49:00,Store_B
DEV_0002,28.615949,77.212828,2026-09-07 14:04:00,Store_A
DEV_0002,28.616255,77.215587,2026-09-07 14:12:00,Store_B
DEV_0002,28.614769,77.211205,2026-09-07 14:42:00,Store_B
DEV_0002,28.610158,77.210282,2026-09-07 15:02:00,Store_A
DEV_0002,28.611825,77.205538,2026-09-07 15:22:00,Store_A
DEV_0002,28.613472,77.210376,2026-09-07 15:50:00,Store_A
DEV_0002,28.611858,77.205354,2026-09-07 16:05:00,Store_A
DEV_0002,28.614218,77.211035,2026-09-07 16:30:00,Store_A
DEV_0003,28.611021,77.212948,2026-09-01 06:08:00,Store_A
DEV_0003,28.61662,77.21518,2026-09-01 06:35:00,Store_B
DEV_0003,28.613895,77.21601,2026-09-01 06:57:00,Store_B
DEV_0003,28.613208,77.207201,2026-09-01 07:15:00,Store_A
DEV_0003,28.614908,77.208418,2026-09-01 07:31:00,Store_A
DEV_0003,28.617678,77.212533,2026-09-01 07:53:00,Store_A
DEV_0003,28.618286,77.21155,2026-09-01 08:07:00,Store_B
DEV_0003,28.613194,77.212012,2026-09-01 08:32:00,Store_B
DEV_0003,28.613928,77.210803,2026-09-01 09:00:00,Store_B
DEV_0003,28.616346,77.212318,2026-09-01 09:18:00,Store_A
DEV_0003,28.619742,77.213458,2026-09-01 09:23:00,Store_B
DEV_0003,28.613943,77.210627,2026-09-01 09:44:00,Store_B
DEV_0003,28.617278,77.211777,2026-09-01 09:47:00,Store_A
DEV_0003,28.610312,77.208017,2026-09-01 10:07:00,Store_A
DEV_0003,28.616889,77.206505,2026-09-01 10:32:00,Store_A
DEV_0003,28.613735,77.211956,2026-09-01 10:43:00,Store_A
DEV_0003,28.619656,77.209123,2026-09-01 11:13:00,Store_B
DEV_0003,28.617597,77.205939,2026-09-01 11:38:00,Store_A
DEV_0003,28.619316,77.214565,2026-09-01 12:01:00,Store_B
DEV_0003,28.613073,77.206915,2026-09-01 12:12:00,Store_A
DEV_0003,28.615045,77.213269,2026-09-01 12:24:00,Store_B
DEV_0003,28.614092,77.213103,2026-09-01 12:40:00,Store_B
DEV_0003,28.612789,77.216851,2026-09-01 12:56:00,Store_B
DEV_0003,28.619315,77.211966,2026-09-01 13:10:00,Store_B
DEV_0003,28.6144,77.20677,2026-09-01 13:15:00,Store_A
DEV_0003,28.611986,77.212478,2026-09-01 13:34:00,Store_A
DEV_0003,28.614362,77.21057,2026-09-01 13:42:00,Store_B
DEV_0003,28.616558,77.210966,2026-09-01 14:00:00,Store_B
DEV_0003,28.614059,77.215573,2026-09-01 14:24:00,Store_B
DEV_0003,28.615687,77.214862,2026-09-01 14:36:00,Store_B
DEV_0003,28.61102,77.209372,2026-09-01 14:42:00,Store_A
DEV_0003,28.614092,77.211713,2026-09-01 14:45:00,Store_A
DEV_0003,28.616015,77.208299,2026-09-01 15:12:00,Store_A
DEV_0003,28.610444,77.206208,2026-09-01 15:19:00,Store_A
DEV_0003,28.614986,77.213943,2026-09-01 15:41:00,Store_B
DEV_0003,28.617274,77.209126,2026-09-01 15:59:00,Store_B
DEV_0003,28.612095,77.213235,2026-09-01 16:08:00,Store_B
DEV_0003,28.612137,77.215505,2026-09-01 16:30:00,Store_B
DEV_0003,28.618449,77.216278,2026-09-01 16:34:00,Store_B
DEV_0003,28.614095,77.206928,2026-09-01 16:54:00,Store_A
DEV_0003,28.618522,77.211139,2026-09-02 06:13:00,Store_B
DEV_0003,28.612884,77.208248,2026-09-02 06:32:00,Store_A
DEV_0003,28.617822,77.206807,2026-09-02 06:54:00,Store_A
DEV_0003,28.61513,77.211866,2026-09-02 07:19:00,Store_A
DEV_0003,28.610648,77.208034,2026-09-02 07:37:00,Store_A
DEV_0003,28.612449,77.209076,2026-09-02 07:43:00,Store_B
DEV_0003,28.613899,77.208471,2026-09-02 08:09:00,Store_A
DEV_0003,28.616527,77.215864,2026-09-02 08:13:00,Store_B
DEV_0003,28.611738,77.21221,2026-09-02 08:36:00,Store_A
DEV_0003,28.614169,77.216393,2026-09-02 08:58:00,Store_B
DEV_0003,28.619194,77.213508,2026-09-02 09:00:00,Store_B
DEV_0003,28.61733,77.207516,2026-09-02 09:07:00,Store_A
DEV_0003,28.615918,77.210702,2026-09-02 09:20:00,Store_A
DEV_0003,28.612294,77.209512,2026-09-02 09:39:00,Store_A
DEV_0003,28.617416,77.213324,2026-09-02 09:52:00,Store_B
DEV_0003,28.616224,77.210514,2026-09-02 09:55:00,Store_A
DEV_0003,28.61243,77.212497,2026-09-02 10:22:00,Store_B
DEV_0003,28.612625,77.211152,2026-09-02 10:42:00,Store_A
DEV_0003,28.619751,77.211611,2026-09-02 11:03:00,Store_B
DEV_0003,28.618268,77.212604,2026-09-02 11:11:00,Store_B
DEV_0003,28.616424,77.212003,2026-09-02 11:17:00,Store_B
DEV_0003,28.612686,77.213949,2026-09-02 11:43:00,Store_B
DEV_0003,28.615605,77.205656,2026-09-02 11:48:00,Store_A
DEV_0003,28.617693,77.214071,2026-09-02 12:12:00,Store_B
DEV_0003,28.614533,77.209852,2026-09-02 12:13:00,Store_B
DEV_0003,28.615558,77.215091,2026-09-02 12:17:00,Store_B
DEV_0003,28.610598,77.208448,2026-09-02 12:35:00,Store_A
DEV_0003,28.612826,77.209717,2026-09-02 12:53:00,Store_B
DEV_0003,28.614675,77.211276,2026-09-02 13:21:00,Store_A
DEV_0003,28.612099,77.21231,2026-09-02 13:46:00,Store_B
DEV_0003,28.615699,77.209476,2026-09-02 13:54:00,Store_A
DEV_0003,28.615383,77.206356,2026-09-02 14:03:00,Store_A
DEV_0003,28.614147,77.210167,2026-09-02 14:09:00,Store_B
DEV_0003,28.614208,77.211398,2026-09-02 14:35:00,Store_B
DEV_0003,28.612789,77.212554,2026-09-02 14:59:00,Store_A
DEV_0003,28.61675,77.210564,2026-09-02 15:03:00,Store_B
DEV_0003,28.612337,77.212591,2026-09-02 15:14:00,Store_A
DEV_0003,28.618433,77.211636,2026-09-02 15:25:00,Store_B
DEV_0003,28.618524,77.215876,2026-09-02 15:45:00,Store_B
DEV_0003,28.612303,77.209826,2026-09-02 16:08:00,Store_A
DEV_0003,28.613732,77.206421,2026-09-03 06:13:00,Store_A
DEV_0003,28.614332,77.21456,2026-09-03 06:29:00,Store_B
DEV_0003,28.612507,77.207242,2026-09-03 06:55:00,Store_A
DEV_0003,28.61492,77.216457,2026-09-03 07:02:00,Store_B
DEV_0003,28.615354,77.209401,2026-09-03 07:26:00,Store_A
DEV_0003,28.619544,77.210677,2026-09-03 07:52:00,Store_B
DEV_0003,28.61865,77.209553,2026-09-03 08:20:00,Store_B
DEV_0003,28.617384,77.210113,2026-09-03 08:30:00,Store_B
DEV_0003,28.611921,77.206233,2026-09-03 08:44:00,Store_A
DEV_0003,28.612592,77.216926,2026-09-03 09:00:00,Store_B
DEV_0003,28.616275,77.216388,2026-09-03 09:28:00,Store_B
DEV_0003,28.616349,77.215326,2026-09-03 09:40:00,Store_B
DEV_0003,28.610775,77.206986,2026-09-03 10:02:00,Store_A
DEV_0003,28.613331,77.213901,2026-09-03 10:21:00,Store_B
DEV_0003,28.619734,77.211653,2026-09-03 10:47:00,Store_B
DEV_0003,28.612848,77.209789,2026-09-03 10:55:00,Store_B
DEV_0003,28.613466,77.208129,2026-09-03 11:20:00,Store_A
DEV_0003,28.61266,77.205197,2026-09-03 11:24:00,Store_A
DEV_0003,28.615328,77.216694,2026-09-03 11:28:00,Store_B
DEV_0003,28.612687,77.207745,2026-09-03 11:54:00,Store_A
DEV_0003,28.614069,77.207786,2026-09-03 11:58:00,Store_A
DEV_0003,28.617776,77.21262,2026-09-03 12:01:00,Store_B
DEV_0003,28.612357,77.214686,2026-09-03 12:02:00,Store_B
DEV_0003,28.617184,77.214417,2026-09-03 12:08:00,Store_B
DEV_0003,28.614028,77.209415,2026-09-03 12:19:00,Store_A
DEV_0003,28.619668,77.210855,2026-09-03 12:32:00,Store_B
DEV_0003,28.611391,77.210258,2026-09-03 12:45:00,Store_A
DEV_0003,28.615799,77.212065,2026-09-03 13:00:00,Store_A
DEV_0003,28.615111,77.214638,2026-09-03 13:07:00,Store_B
DEV_0003,28.618019,77.21547,2026-09-03 13:10:00,Store_B
DEV_0003,28.616296,77.209295,2026-09-03 13:22:00,Store_A
DEV_0003,28.613577,77.209912,2026-09-03 13:44:00,Store_B
DEV_0003,28.616222,77.214113,2026-09-03 14:04:00,Store_B
DEV_0003,28.61689,77.213696,2026-09-03 14:16:00,Store_B
DEV_0003,28.618764,77.213939,2026-09-03 14:43:00,Store_B
DEV_0003,28.619349,77.213721,2026-09-03 15:05:00,Store_B
DEV_0003,28.612405,77.206909,2026-09-03 15:09:00,Store_A
DEV_0003,28.612886,77.206131,2026-09-03 15:22:00,Store_A
DEV_0003,28.616771,77.213598,2026-09-03 15:36:00,Store_B
DEV_0003,28.613793,77.209299,2026-09-03 16:06:00,Store_A
DEV_0003,28.614339,77.208917,2026-09-04 06:05:00,Store_A
DEV_0003,28.612417,77.208608,2026-09-04 06:07:00,Store_A
DEV_0003,28.619615,77.212877,2026-09-04 06:14:00,Store_B
DEV_0003,28.619711,77.213044,2026-09-04 06:30:00,Store_B
DEV_0003,28.617478,77.212325,2026-09-04 06:57:00,Store_B
DEV_0003,28.61591,77.209661,2026-09-04 06:58:00,Store_B
DEV_0003,28.612237,77.207199,2026-09-04 07:16:00,Store_A
DEV_0003,28.613346,77.212659,2026-09-04 07:40:00,Store_B
DEV_0003,28.616398,77.209906,2026-09-04 07:44:00,Store_B
DEV_0003,28.618201,77.215586,2026-09-04 07:56:00,Store_B
DEV_0003,28.61598,77.208531,2026-09-04 08:03:00,Store_A
DEV_0003,28.612819,77.215641,2026-09-04 08:28:00,Store_B
DEV_0003,28.612282,77.212995,2026-09-04 08:43:00,Store_A
DEV_0003,28.614789,77.215534,2026-09-04 08:58:00,Store_B
DEV_0003,28.616105,77.206896,2026-09-04 09:24:00,Store_A
DEV_0003,28.618888,77.213882,2026-09-04 09:38:00,Store_B
DEV_0003,28.614829,77.211279,2026-09-04 10:05:00,Store_A
DEV_0003,28.616344,77.209561,2026-09-04 10:23:00,Store_A
DEV_0003,28.616775,77.210347,2026-09-04 10:46:00,Store_B
DEV_0003,28.614315,77.211139,2026-09-04 11:14:00,Store_B
DEV_0003,28.610985,77.211001,2026-09-04 11:28:00,Store_A
DEV_0003,28.61784,77.211936,2026-09-04 11:33:00,Store_A
DEV_0003,28.611897,77.210691,2026-09-04 12:00:00,Store_A
DEV_0003,28.615992,77.21041,2026-09-04 12:16:00,Store_A
DEV_0003,28.614519,77.20715,2026-09-04 12:30:00,Store_A
DEV_0003,28.615616,77.214069,2026-09-04 12:59:00,Store_B
DEV_0003,28.613123,77.210998,2026-09-04 13:22:00,Store_A
DEV_0003,28.615638,77.212904,2026-09-04 13:41:00,Store_B
DEV_0003,28.616851,77.211777,2026-09-04 13:44:00,Store_A
DEV_0003,28.617079,77.214578,2026-09-04 14:12:00,Store_B
DEV_0003,28.616265,77.208182,2026-09-04 14:26:00,Store_A
DEV_0003,28.613858,77.207583,2026-09-04 14:36:00,Store_A
DEV_0003,28.616378,77.210045,2026-09-04 15:04:00,Store_B
DEV_0003,28.618306,77.216153,2026-09-04 15:29:00,Store_B
DEV_0003,28.610268,77.210009,2026-09-04 15:56:00,Store_A
DEV_0003,28.61213,77.216435,2026-09-04 16:02:00,Store_B
DEV_0003,28.615652,77.216935,2026-09-04 16:16:00,Store_B
DEV_0003,28.617866,77.212275,2026-09-04 16:45:00,Store_A
DEV_0003,28.613272,77.216462,2026-09-04 16:54:00,Store_B
DEV_0003,28.615137,77.207003,2026-09-04 17:06:00,Store_A
DEV_0003,28.610314,77.210005,2026-09-05 06:24:00,Store_A
DEV_0003,28.613334,77.20573,2026-09-05 06:28:00,Store_A
DEV_0003,28.611607,77.205624,2026-09-05 06:47:00,Store_A
DEV_0003,28.614056,77.208561,2026-09-05 06:48:00,Store_A
DEV_0003,28.618537,77.216905,2026-09-05 07:02:00,Store_B
DEV_0003,28.613722,77.206832,2026-09-05 07:05:00,Store_A
DEV_0003,28.610726,77.20794,2026-09-05 07:15:00,Store_A
DEV_0003,28.612962,77.211507,2026-09-05 07:43:00,Store_A
DEV_0003,28.615033,77.210417,2026-09-05 07:46:00,Store_A
DEV_0003,28.614783,77.206313,2026-09-05 07:58:00,Store_A
DEV_0003,28.614925,77.206211,2026-09-05 08:12:00,Store_A
DEV_0003,28.61888,77.209694,2026-09-05 08:16:00,Store_B
DEV_0003,28.61592,77.209717,2026-09-05 08:29:00,Store_A
DEV_0003,28.619706,77.211516,2026-09-05 08:34:00,Store_B
DEV_0003,28.612116,77.205674,2026-09-05 08:52:00,Store_A
DEV_0003,28.618232,77.214524,2026-09-05 09:20:00,Store_B
DEV_0003,28.613644,77.213855,2026-09-05 09:27:00,Store_B
DEV_0003,28.614364,77.209437,2026-09-05 09:56:00,Store_B
DEV_0003,28.613859,77.205902,2026-09-05 10:12:00,Store_A
DEV_0003,28.614126,77.212822,2026-09-05 10:24:00,Store_A
DEV_0003,28.613056,77.215887,2026-09-05 10:43:00,Store_B
DEV_0003,28.614923,77.214464,2026-09-05 11:08:00,Store_B
DEV_0003,28.619636,77.215163,2026-09-05 11:09:00,Store_B
DEV_0003,28.61001,77.206726,2026-09-05 11:39:00,Store_A
DEV_0003,28.617489,77.208184,2026-09-05 11:49:00,Store_A
DEV_0003,28.615389,77.212218,2026-09-05 12:10:00,Store_B
DEV_0003,28.61212,77.207479,2026-09-05 12:27:00,Store_A
DEV_0003,28.617695,77.206243,2026-09-05 12:38:00,Store_A
DEV_0003,28.616691,77.215106,2026-09-05 12:59:00,Store_B
DEV_0003,28.612381,77.2085,2026-09-05 13:27:00,Store_A
DEV_0003,28.610363,77.20569,2026-09-05 13:41:00,Store_A
DEV_0003,28.613527,77.209871,2026-09-05 13:51:00,Store_A
DEV_0003,28.610856,77.210663,2026-09-05 14:14:00,Store_A
DEV_0003,28.611211,77.212624,2026-09-05 14:31:00,Store_A
DEV_0003,28.613336,77.210015,2026-09-05 14:56:00,Store_B
DEV_0003,28.617863,77.209944,2026-09-05 15:25:00,Store_B
DEV_0003,28.61258,77.208435,2026-09-05 15:42:00,Store_A
DEV_0003,28.612004,77.2128,2026-09-05 16:03:00,Store_A
DEV_0003,28.613869,77.209086,2026-09-05 16:05:00,Store_A
DEV_0003,28.618875,77.210335,2026-09-05 16:11:00,Store_B
DEV_0003,28.618187,77.216154,2026-09-06 06:22:00,Store_B
DEV_0003,28.611727,77.209071,2026-09-06 06:24:00,Store_A
DEV_0003,28.611856,77.208774,2026-09-06 06:37:00,Store_A
DEV_0003,28.611332,77.212683,2026-09-06 06:39:00,Store_A
DEV_0003,28.613796,77.210986,2026-09-06 07:09:00,Store_B
DEV_0003,28.61417,77.209623,2026-09-06 07:21:00,Store_B
DEV_0003,28.613916,77.212216,2026-09-06 07:27:00,Store_A
DEV_0003,28.616335,77.212851,2026-09-06 07:40:00,Store_A
DEV_0003,28.616916,77.211928,2026-09-06 08:05:00,Store_A
DEV_0003,28.614618,77.213425,2026-09-06 08:06:00,Store_B
DEV_0003,28.613605,77.21351,2026-09-06 08:16:00,Store_B
DEV_0003,28.613611,77.209734,2026-09-06 08:32:00,Store_A
DEV_0003,28.61576,77.209372,2026-09-06 08:58:00,Store_A
DEV_0003,28.611105,77.212459,2026-09-06 08:59:00,Store_A
DEV_0003,28.614232,77.210088,2026-09-06 09:22:00,Store_A
DEV_0003,28.617508,77.205012,2026-09-06 09:44:00,Store_A
DEV_0003,28.618792,77.214818,2026-09-06 09:48:00,Store_B
DEV_0003,28.614139,77.206905,2026-09-06 10:04:00,Store_A
DEV_0003,28.61768,77.206139,2026-09-06 10:13:00,Store_A
DEV_0003,28.610251,77.206852,2026-09-06 10:41:00,Store_A
DEV_0003,28.617607,77.21198,2026-09-06 11:05:00,Store_B
DEV_0003,28.614546,77.209043,2026-09-06 11:26:00,Store_A
DEV_0003,28.612599,77.213543,2026-09-06 11:40:00,Store_B
DEV_0003,28.611794,77.207088,2026-09-06 11:51:00,Store_A
DEV_0003,28.617606,77.214883,2026-09-06 12:02:00,Store_B
DEV_0003,28.614176,77.209597,2026-09-06 12:09:00,Store_B
DEV_0003,28.616139,77.209678,2026-09-06 12:14:00,Store_A
DEV_0003,28.611215,77.208728,2026-09-06 12:28:00,Store_A
DEV_0003,28.614187,77.212717,2026-09-06 12:35:00,Store_A
DEV_0003,28.614466,77.21112,2026-09-06 12:39:00,Store_B
DEV_0003,28.611161,77.210488,2026-09-06 13:06:00,Store_A
DEV_0003,28.61162,77.211853,2026-09-06 13:11:00,Store_A
DEV_0003,28.615589,77.212747,2026-09-06 13:24:00,Store_A
DEV_0003,28.615317,77.207081,2026-09-06 13:30:00,Store_A
DEV_0003,28.617517,77.211837,2026-09-06 13:48:00,Store_A
DEV_0003,28.610658,77.205815,2026-09-06 14:14:00,Store_A
DEV_0003,28.610872,77.205493,2026-09-06 14:39:00,Store_A
DEV_0003,28.610946,77.211589,2026-09-06 14:51:00,Store_A
DEV_0003,28.614559,77.207071,2026-09-06 15:18:00,Store_A
DEV_0003,28.610074,77.205516,2026-09-06 15:47:00,Store_A
DEV_0003,28.618474,77.209736,2026-09-07 06:28:00,Store_B
DEV_0003,28.61298,77.216538,2026-09-07 06:30:00,Store_B
DEV_0003,28.617293,77.208465,2026-09-07 06:54:00,Store_A
DEV_0003,28.615969,77.212062,2026-09-07 07:08:00,Store_B
DEV_0003,28.612732,77.212266,2026-09-07 07:17:00,Store_A
DEV_0003,28.615568,77.210189,2026-09-07 07:37:00,Store_B
DEV_0003,28.615078,77.208991,2026-09-07 08:06:00,Store_A
DEV_0003,28.612488,77.211238,2026-09-07 08:11:00,Store_B
DEV_0003,28.613596,77.216077,2026-09-07 08:28:00,Store_B
DEV_0003,28.614946,77.211417,2026-09-07 08:54:00,Store_A
DEV_0003,28.617815,77.211255,2026-09-07 09:06:00,Store_A
DEV_0003,28.616356,77.212877,2026-09-07 09:36:00,Store_B
DEV_0003,28.615107,77.210439,2026-09-07 09:47:00,Store_B
DEV_0003,28.610134,77.211486,2026-09-07 09:56:00,Store_A
DEV_0003,28.616369,77.208773,2026-09-07 10:08:00,Store_A
DEV_0003,28.617692,77.205801,2026-09-07 10:30:00,Store_A
DEV_0003,28.612032,77.21153,2026-09-07 11:00:00,Store_A
DEV_0003,28.616012,77.212582,2026-09-07 11:19:00,Store_A
DEV_0003,28.614838,77.215714,2026-09-07 11:47:00,Store_B
DEV_0003,28.611309,77.20974,2026-09-07 12:13:00,Store_A
DEV_0003,28.619312,77.209226,2026-09-07 12:36:00,Store_B
DEV_0003,28.61958,77.213509,2026-09-07 12:55:00,Store_B
DEV_0003,28.616594,77.211483,2026-09-07 13:11:00,Store_A
DEV_0003,28.613404,77.209304,2026-09-07 13:13:00,Store_B
DEV_0003,28.614713,77.205159,2026-09-07 13:29:00,Store_A
DEV_0003,28.612554,77.209913,2026-09-07 13:55:00,Store_A
DEV_0003,28.612626,77.20642,2026-09-07 14:21:00,Store_A
DEV_0003,28.612476,77.210182,2026-09-07 14:44:00,Store_B
DEV_0003,28.616095,77.211772,2026-09-07 15:12:00,Store_A
DEV_0003,28.619684,77.211989,2026-09-07 15:34:00,Store_B
DEV_0003,28.616688,77.211692,2026-09-07 15:45:00,Store_B
DEV_0003,28.617707,77.210859,2026-09-07 15:59:00,Store_A
DEV_0003,28.617193,77.210394,2026-09-07 16:17:00,Store_B
DEV_0003,28.613786,77.213712,2026-09-07 16:23:00,Store_B
DEV_0003,28.614455,77.214508,2026-09-07 16:28:00,Store_B
DEV_0003,28.615731,77.21259,2026-09-07 16:47:00,Store_A
DEV_0003,28.618806,77.215167,2026-09-07 17:06:00,Store_B
DEV_0003,28.611357,77.207546,2026-09-07 17:32:00,Store_A
DEV_0003,28.615017,77.205833,2026-09-07 17:48:00,Store_A
DEV_0003,28.612549,77.205622,2026-09-07 18:00:00,Store_A
DEV_0004,28.613343,77.216083,2026-09-01 06:03:00,Store_B
DEV_0004,28.615573,77.211122,2026-09-01 06:11:00,Store_B
DEV_0004,28.612704,77.211296,2026-09-01 06:35:00,Store_A
DEV_0004,28.610285,77.208506,2026-09-01 06:49:00,Store_A
DEV_0004,28.616976,77.208945,2026-09-01 07:02:00,Store_A
DEV_0004,28.616368,77.209811,2026-09-01 07:18:00,Store_B
DEV_0004,28.611201,77.20559,2026-09-01 07:46:00,Store_A
DEV_0004,28.612259,77.20755,2026-09-01 07:50:00,Store_A
DEV_0004,28.612634,77.212103,2026-09-01 07:56:00,Store_A
DEV_0004,28.614276,77.212185,2026-09-01 07:59:00,Store_A
DEV_0004,28.616752,77.213909,2026-09-01 08:15:00,Store_B
DEV_0004,28.613351,77.210229,2026-09-01 08:35:00,Store_A
DEV_0004,28.613257,77.20981,2026-09-01 08:42:00,Store_B
DEV_0004,28.613174,77.209433,2026-09-01 09:12:00,Store_A
DEV_0004,28.617285,77.211379,2026-09-01 09:16:00,Store_B
DEV_0004,28.613043,77.209397,2026-09-01 09:32:00,Store_A
DEV_0004,28.610336,77.205031,2026-09-01 09:35:00,Store_A
DEV_0004,28.618591,77.214001,2026-09-01 09:51:00,Store_B
DEV_0004,28.610676,77.206656,2026-09-01 10:12:00,Store_A
DEV_0004,28.619816,77.212789,2026-09-01 10:16:00,Store_B
DEV_0004,28.618279,77.212768,2026-09-01 10:45:00,Store_B
DEV_0004,28.612729,77.213353,2026-09-01 10:51:00,Store_B
DEV_0004,28.619084,77.211955,2026-09-01 11:06:00,Store_B
DEV_0004,28.612006,77.20872,2026-09-01 11:14:00,Store_A
DEV_0004,28.616514,77.210209,2026-09-01 11:37:00,Store_B
DEV_0004,28.610586,77.20775,2026-09-01 11:55:00,Store_A
DEV_0004,28.619766,77.213718,2026-09-01 12:13:00,Store_B
DEV_0004,28.616626,77.211547,2026-09-01 12:27:00,Store_A
DEV_0004,28.616582,77.210885,2026-09-01 12:37:00,Store_B
DEV_0004,28.613058,77.211832,2026-09-01 12:39:00,Store_A
DEV_0004,28.610862,77.211058,2026-09-01 12:45:00,Store_A
DEV_0004,28.617677,77.211468,2026-09-01 12:50:00,Store_A
DEV_0004,28.613287,77.212906,2026-09-01 13:04:00,Store_A
DEV_0004,28.617878,77.210018,2026-09-01 13:31:00,Store_A
DEV_0004,28.614558,77.214817,2026-09-01 13:57:00,Store_B
DEV_0004,28.610596,77.209451,2026-09-01 14:15:00,Store_A
DEV_0004,28.618853,77.213158,2026-09-01 14:45:00,Store_B
DEV_0004,28.616192,77.209984,2026-09-01 15:02:00,Store_A
DEV_0004,28.6129,77.210197,2026-09-01 15:21:00,Store_B
DEV_0004,28.617299,77.209501,2026-09-01 15:25:00,Store_A
DEV_0004,28.61894,77.216041,2026-09-02 06:29:00,Store_B
DEV_0004,28.614113,77.214238,2026-09-02 06:48:00,Store_B
DEV_0004,28.6123,77.211203,2026-09-02 06:53:00,Store_B
DEV_0004,28.61231,77.216117,2026-09-02 07:04:00,Store_B
DEV_0004,28.610294,77.208802,2026-09-02 07:13:00,Store_A
DEV_0004,28.612162,77.215539,2026-09-02 07:23:00,Store_B
DEV_0004,28.614243,77.212933,2026-09-02 07:46:00,Store_B
DEV_0004,28.61768,77.206824,2026-09-02 07:56:00,Store_A
DEV_0004,28.618192,77.211567,2026-09-02 08:20:00,Store_B
DEV_0004,28.61684,77.209714,2026-09-02 08:35:00,Store_B
DEV_0004,28.617207,77.208257,2026-09-02 08:51:00,Store_A
DEV_0004,28.618568,77.213122,2026-09-02 08:57:00,Store_B
DEV_0004,28.612389,77.209054,2026-09-02 09:02:00,Store_A
DEV_0004,28.61129,77.212001,2026-09-02 09:09:00,Store_A
DEV_0004,28.611896,77.208652,2026-09-02 09:39:00,Store_A
DEV_0004,28.617637,77.211192,2026-09-02 10:06:00,Store_B
DEV_0004,28.616041,77.214083,2026-09-02 10:10:00,Store_B
DEV_0004,28.611836,77.20891,2026-09-02 10:25:00,Store_A
DEV_0004,28.617584,77.208797,2026-09-02 10:43:00,Store_A
DEV_0004,28.614754,77.215701,2026-09-02 10:52:00,Store_B
DEV_0004,28.612181,77.208093,2026-09-02 10:58:00,Store_A
DEV_0004,28.616757,77.210179,2026-09-02 11:20:00,Store_A
DEV_0004,28.612053,77.208276,2026-09-02 11:21:00,Store_A
DEV_0004,28.613693,77.206059,2026-09-02 11:27:00,Store_A
DEV_0004,28.61169,77.209867,2026-09-02 11:37:00,Store_A
DEV_0004,28.61539,77.212012,2026-09-02 11:49:00,Store_B
DEV_0004,28.614016,77.212734,2026-09-02 12:11:00,Store_B
DEV_0004,28.616676,77.209059,2026-09-02 12:33:00,Store_B
DEV_0004,28.616492,77.21375,2026-09-02 12:43:00,Store_B
DEV_0004,28.617475,77.212854,2026-09-02 12:54:00,Store_B
DEV_0004,28.617125,77.215892,2026-09-02 13:03:00,Store_B
DEV_0004,28.613507,77.213138,2026-09-02 13:11:00,Store_B
DEV_0004,28.616343,77.211419,2026-09-02 13:31:00,Store_A
DEV_0004,28.617284,77.214446,2026-09-02 13:55:00,Store_B
DEV_0004,28.615143,77.21298,2026-09-02 14:04:00,Store_A
DEV_0004,28.615237,77.214894,2026-09-02 14:23:00,Store_B
DEV_0004,28.612645,77.210707,2026-09-02 14:45:00,Store_A
DEV_0004,28.619252,77.214375,2026-09-02 15:02:00,Store_B
DEV_0004,28.618763,77.215725,2026-09-02 15:31:00,Store_B
DEV_0004,28.61225,77.208766,2026-09-02 15:55:00,Store_A
DEV_0004,28.617801,77.213472,2026-09-03 06:30:00,Store_B
DEV_0004,28.617475,77.212197,2026-09-03 06:51:00,Store_A
DEV_0004,28.611678,77.206787,2026-09-03 07:19:00,Store_A
DEV_0004,28.615364,77.216095,2026-09-03 07:31:00,Store_B
DEV_0004,28.616685,77.21271,2026-09-03 07:35:00,Store_B
DEV_0004,28.612429,77.214075,2026-09-03 07:54:00,Store_B
DEV_0004,28.613678,77.206556,2026-09-03 07:58:00,Store_A
DEV_0004,28.616239,77.212305,2026-09-03 08:26:00,Store_B
DEV_0004,28.610999,77.206602,2026-09-03 08:40:00,Store_A
DEV_0004,28.613146,77.215899,2026-09-03 08:46:00,Store_B
DEV_0004,28.613801,77.210048,2026-09-03 08:52:00,Store_A
DEV_0004,28.617076,77.209038,2026-09-03 09:01:00,Store_B
DEV_0004,28.61599,77.206349,2026-09-03 09:26:00,Store_A
DEV_0004,28.613817,77.211109,2026-09-03 09:29:00,Store_A
DEV_0004,28.614816,77.210068,2026-09-03 09:42:00,Store_A
DEV_0004,28.619723,77.212067,2026-09-03 09:44:00,Store_B
DEV_0004,28.615745,77.212601,2026-09-03 10:13:00,Store_A
DEV_0004,28.618055,77.213248,2026-09-03 10:14:00,Store_B
DEV_0004,28.614913,77.206991,2026-09-03 10:37:00,Store_A
DEV_0004,28.614497,77.209822,2026-09-03 10:54:00,Store_B
DEV_0004,28.613336,77.215591,2026-09-03 11:04:00,Store_B
DEV_0004,28.615647,77.213162,2026-09-03 11:21:00,Store_B
DEV_0004,28.615469,77.214494,2026-09-03 11:26:00,Store_B
DEV_0004,28.619969,77.212921,2026-09-03 11:51:00,Store_B
DEV_0004,28.611219,77.212255,2026-09-03 12:17:00,Store_A
DEV_0004,28.612153,77.210795,2026-09-03 12:22:00,Store_B
DEV_0004,28.615773,77.209718,2026-09-03 12:28:00,Store_A
DEV_0004,28.612833,77.210204,2026-09-03 12:30:00,Store_A
DEV_0004,28.619012,77.211046,2026-09-03 12:48:00,Store_B
DEV_0004,28.614651,77.205384,2026-09-03 12:52:00,Store_A
DEV_0004,28.610286,77.205926,2026-09-03 13:07:00,Store_A
DEV_0004,28.612989,77.211022,2026-09-03 13:30:00,Store_B
DEV_0004,28.611544,77.210486,2026-09-03 13:31:00,Store_A
DEV_0004,28.615367,77.209808,2026-09-03 13:48:00,Store_B
DEV_0004,28.616982,77.214606,2026-09-03 14:02:00,Store_B
DEV_0004,28.613993,77.209942,2026-09-03 14:12:00,Store_A
DEV_0004,28.616178,77.208982,2026-09-03 14:32:00,Store_A
DEV_0004,28.616124,77.211652,2026-09-03 14:39:00,Store_A
DEV_0004,28.617627,77.211363,2026-09-03 14:41:00,Store_B
DEV_0004,28.619283,77.214506,2026-09-03 14:57:00,Store_B
DEV_0004,28.613876,77.209102,2026-09-04 06:03:00,Store_B
DEV_0004,28.616582,77.210352,2026-09-04 06:08:00,Store_A
DEV_0004,28.616136,77.2056,2026-09-04 06:32:00,Store_A
DEV_0004,28.617138,77.210155,2026-09-04 06:47:00,Store_A
DEV_0004,28.614113,77.209401,2026-09-04 07:14:00,Store_B
DEV_0004,28.616893,77.211818,2026-09-04 07:26:00,Store_A
DEV_0004,28.615408,77.209927,2026-09-04 07:54:00,Store_B
DEV_0004,28.609977,77.206107,2026-09-04 08:15:00,Store_A
DEV_0004,28.612529,77.212156,2026-09-04 08:35:00,Store_A
DEV_0004,28.619028,77.209744,2026-09-04 09:02:00,Store_B
DEV_0004,28.613463,77.212206,2026-09-04 09:17:00,Store_B
DEV_0004,28.618686,77.214519,2026-09-04 09:33:00,Store_B
DEV_0004,28.617191,77.215375,2026-09-04 09:37:00,Store_B
DEV_0004,28.615469,77.205469,2026-09-04 10:05:00,Store_A
DEV_0004,28.61073,77.21229,2026-09-04 10:21:00,Store_A
DEV_0004,28.61345,77.212038,2026-09-04 10:33:00,Store_B
DEV_0004,28.616801,77.21204,2026-09-04 10:57:00,Store_A
DEV_0004,28.613765,77.208905,2026-09-04 11:26:00,Store_A
DEV_0004,28.615526,77.209507,2026-09-04 11:47:00,Store_B
DEV_0004,28.612099,77.215947,2026-09-04 12:04:00,Store_B
DEV_0004,28.617723,77.210359,2026-09-04 12:15:00,Store_A
DEV_0004,28.613363,77.210813,2026-09-04 12:31:00,Store_A
DEV_0004,28.61731,77.214131,2026-09-04 12:36:00,Store_B
DEV_0004,28.609993,77.212475,2026-09-04 12:53:00,Store_A
DEV_0004,28.618815,77.215955,2026-09-04 12:56:00,Store_B
DEV_0004,28.614565,77.211647,2026-09-04 13:05:00,Store_B
DEV_0004,28.613955,77.209404,2026-09-04 13:18:00,Store_A
DEV_0004,28.618537,77.209631,2026-09-04 13:33:00,Store_B
DEV_0004,28.612704,77.212988,2026-09-04 13:44:00,Store_B
DEV_0004,28.617745,77.210962,2026-09-04 13:45:00,Store_A
DEV_0004,28.613128,77.205287,2026-09-04 14:03:00,Store_A
DEV_0004,28.616507,77.211334,2026-09-04 14:23:00,Store_A
DEV_0004,28.619121,77.213499,2026-09-04 14:44:00,Store_B
DEV_0004,28.619603,77.211907,2026-09-04 14:46:00,Store_B
DEV_0004,28.616655,77.207656,2026-09-04 15:11:00,Store_A
DEV_0004,28.617733,77.211906,2026-09-04 15:26:00,Store_B
DEV_0004,28.610679,77.210271,2026-09-04 15:27:00,Store_A
DEV_0004,28.614841,77.214069,2026-09-04 15:53:00,Store_B
DEV_0004,28.616382,77.211991,2026-09-04 15:57:00,Store_B
DEV_0004,28.617075,77.208939,2026-09-04 16:24:00,Store_A
DEV_0004,28.612856,77.213887,2026-09-05 06:07:00,Store_B
DEV_0004,28.617342,77.208143,2026-09-05 06:22:00,Store_A
DEV_0004,28.615634,77.205862,2026-09-05 06:36:00,Store_A
DEV_0004,28.617313,77.2117,2026-09-05 06:55:00,Store_A
DEV_0004,28.616077,77.208604,2026-09-05 07:17:00,Store_A
DEV_0004,28.617611,77.205035,2026-09-05 07:41:00,Store_A
DEV_0004,28.614326,77.208462,2026-09-05 08:00:00,Store_A
DEV_0004,28.619395,77.215249,2026-09-05 08:30:00,Store_B
DEV_0004,28.615435,77.206389,2026-09-05 08:57:00,Store_A
DEV_0004,28.610728,77.21026,2026-09-05 09:17:00,Store_A
DEV_0004,28.616033,77.212077,2026-09-05 09:37:00,Store_B
DEV_0004,28.612089,77.212709,2026-09-05 09:47:00,Store_A
DEV_0004,28.618438,77.210105,2026-09-05 10:07:00,Store_B
DEV_0004,28.618745,77.213382,2026-09-05 10:18:00,Store_B
DEV_0004,28.611507,77.209993,2026-09-05 10:28:00,Store_A
DEV_0004,28.61937,77.210061,2026-09-05 10:51:00,Store_B
DEV_0004,28.613931,77.210554,2026-09-05 11:02:00,Store_A
DEV_0004,28.615986,77.209498,2026-09-05 11:21:00,Store_A
DEV_0004,28.617394,77.216151,2026-09-05 11:39:00,Store_B
DEV_0004,28.61902,77.212379,2026-09-05 11:40:00,Store_B
DEV_0004,28.610102,77.206163,2026-09-05 12:02:00,Store_A
DEV_0004,28.611499,77.211001,2026-09-05 12:08:00,Store_A
DEV_0004,28.617467,77.210171,2026-09-05 12:10:00,Store_B
DEV_0004,28.613632,77.213329,2026-09-05 12:22:00,Store_B
DEV_0004,28.61282,77.215944,2026-09-05 12:46:00,Store_B
DEV_0004,28.615839,77.20949,2026-09-05 12:54:00,Store_A
DEV_0004,28.617543,77.209376,2026-09-05 13:07:00,Store_B
DEV_0004,28.615333,77.215305,2026-09-05 13:29:00,Store_B
DEV_0004,28.619727,77.20943,2026-09-05 13:53:00,Store_B
DEV_0004,28.613625,77.215951,2026-09-05 14:21:00,Store_B
DEV_0004,28.61864,77.216292,2026-09-05 14:44:00,Store_B
DEV_0004,28.618041,77.213373,2026-09-05 15:04:00,Store_B
DEV_0004,28.616109,77.212714,2026-09-05 15:14:00,Store_A
DEV_0004,28.613419,77.214461,2026-09-05 15:20:00,Store_B
DEV_0004,28.615781,77.205955,2026-09-05 15:22:00,Store_A
DEV_0004,28.614233,77.211114,2026-09-05 15:28:00,Store_B
DEV_0004,28.612045,77.212731,2026-09-05 15:58:00,Store_B
DEV_0004,28.61022,77.212429,2026-09-05 16:18:00,Store_A
DEV_0004,28.616089,77.210003,2026-09-05 16:45:00,Store_A
DEV_0004,28.615924,77.213581,2026-09-05 16:57:00,Store_B
DEV_0004,28.616172,77.207543,2026-09-06 06:08:00,Store_A
DEV_0004,28.614065,77.21129,2026-09-06 06:14:00,Store_A
DEV_0004,28.616345,77.212227,2026-09-06 06:26:00,Store_B
DEV_0004,28.616967,77.210307,2026-09-06 06:37:00,Store_A
DEV_0004,28.614349,77.216602,2026-09-06 06:57:00,Store_B
DEV_0004,28.619973,77.21559,2026-09-06 07:18:00,Store_B
DEV_0004,28.610818,77.207768,2026-09-06 07:26:00,Store_A
DEV_0004,28.617571,77.21046,2026-09-06 07:37:00,Store_A
DEV_0004,28.619327,77.21656,2026-09-06 07:50:00,Store_B
DEV_0004,28.616322,77.211263,2026-09-06 08:20:00,Store_B
DEV_0004,28.616114,77.21307,2026-09-06 08:36:00,Store_B
DEV_0004,28.612271,77.210212,2026-09-06 08:47:00,Store_A
DEV_0004,28.617486,77.206339,2026-09-06 09:12:00,Store_A
DEV_0004,28.614915,77.206686,2026-09-06 09:33:00,Store_A
DEV_0004,28.61682,77.208394,2026-09-06 09:37:00,Store_A
DEV_0004,28.614202,77.210622,2026-09-06 10:01:00,Store_A
DEV_0004,28.617172,77.216518,2026-09-06 10:25:00,Store_B
DEV_0004,28.61009,77.210735,2026-09-06 10:27:00,Store_A
DEV_0004,28.610486,77.206424,2026-09-06 10:36:00,Store_A
DEV_0004,28.6145,77.206821,2026-09-06 10:45:00,Store_A
DEV_0004,28.615104,77.214042,2026-09-06 10:59:00,Store_B
DEV_0004,28.612135,77.214386,2026-09-06 11:17:00,Store_B
DEV_0004,28.615031,77.209947,2026-09-06 11:42:00,Store_A
DEV_0004,28.615507,77.205581,2026-09-06 12:12:00,Store_A
DEV_0004,28.612219,77.210487,2026-09-06 12:32:00,Store_A
DEV_0004,28.612152,77.212414,2026-09-06 12:45:00,Store_A
DEV_0004,28.618577,77.209247,2026-09-06 12:51:00,Store_B
DEV_0004,28.610991,77.208128,2026-09-06 13:17:00,Store_A
DEV_0004,28.619681,77.210153,2026-09-06 13:39:00,Store_B
DEV_0004,28.619659,77.209089,2026-09-06 14:07:00,Store_B
DEV_0004,28.610886,77.20504,2026-09-06 14:27:00,Store_A
DEV_0004,28.616297,77.216576,2026-09-06 14:37:00,Store_B
DEV_0004,28.615886,77.212228,2026-09-06 14:49:00,Store_A
DEV_0004,28.613201,77.210167,2026-09-06 15:06:00,Store_A
DEV_0004,28.611188,77.206766,2026-09-06 15:33:00,Store_A
DEV_0004,28.613555,77.210451,2026-09-06 15:59:00,Store_B
DEV_0004,28.616711,77.212459,2026-09-06 16:17:00,Store_A
DEV_0004,28.617157,77.209585,2026-09-06 16:39:00,Store_B
DEV_0004,28.611906,77.206579,2026-09-06 16:58:00,Store_A
DEV_0004,28.619612,77.211857,2026-09-06 17:20:00,Store_B
DEV_0004,28.6107,77.209956,2026-09-07 06:29:00,Store_A
DEV_0004,28.612442,77.208605,2026-09-07 06:49:00,Store_A
DEV_0004,28.617548,77.210219,2026-09-07 07:08:00,Store_B
DEV_0004,28.618462,77.216669,2026-09-07 07:14:00,Store_B
DEV_0004,28.612406,77.211285,2026-09-07 07:37:00,Store_A
DEV_0004,28.614213,77.211876,2026-09-07 07:59:00,Store_B
DEV_0004,28.619023,77.212703,2026-09-07 08:11:00,Store_B
DEV_0004,28.615896,77.209871,2026-09-07 08:32:00,Store_B
DEV_0004,28.616634,77.21187,2026-09-07 08:37:00,Store_A
DEV_0004,28.612006,77.212091,2026-09-07 08:40:00,Store_A
DEV_0004,28.617037,77.211797,2026-09-07 09:01:00,Store_A
DEV_0004,28.616401,77.209631,2026-09-07 09:26:00,Store_A
DEV_0004,28.61715,77.209413,2026-09-07 09:44:00,Store_A
DEV_0004,28.617231,77.210189,2026-09-07 09:57:00,Store_B
DEV_0004,28.617032,77.209717,2026-09-07 10:25:00,Store_A
DEV_0004,28.613071,77.213009,2026-09-07 10:28:00,Store_B
DEV_0004,28.614911,77.209085,2026-09-07 10:36:00,Store_B
DEV_0004,28.615958,77.206123,2026-09-07 10:42:00,Store_A
DEV_0004,28.614431,77.209527,2026-09-07 11:10:00,Store_A
DEV_0004,28.615787,77.208868,2026-09-07 11:22:00,Store_A
DEV_0004,28.611651,77.208901,2026-09-07 11:25:00,Store_A
DEV_0004,28.614955,77.209342,2026-09-07 11:32:00,Store_B
DEV_0004,28.615105,77.216343,2026-09-07 12:01:00,Store_B
DEV_0004,28.610219,77.210188,2026-09-07 12:05:00,Store_A
DEV_0004,28.618679,77.211107,2026-09-07 12:23:00,Store_B
DEV_0004,28.612913,77.208028,2026-09-07 12:42:00,Store_A
DEV_0004,28.614033,77.208011,2026-09-07 13:12:00,Store_A
DEV_0004,28.614031,77.207823,2026-09-07 13:40:00,Store_A
DEV_0004,28.615895,77.212857,2026-09-07 14:00:00,Store_B
DEV_0004,28.613915,77.206112,2026-09-07 14:06:00,Store_A
DEV_0004,28.610517,77.210148,2026-09-07 14:13:00,Store_A
DEV_0004,28.611395,77.207898,2026-09-07 14:36:00,Store_A
DEV_0004,28.615189,77.208317,2026-09-07 14:47:00,Store_A
DEV_0004,28.613752,77.208831,2026-09-07 14:54:00,Store_A
DEV_0004,28.615078,77.208287,2026-09-07 15:02:00,Store_A
DEV_0004,28.610923,77.209739,2026-09-07 15:07:00,Store_A
DEV_0004,28.617026,77.206175,2026-09-07 15:13:00,Store_A
DEV_0004,28.61938,77.213133,2026-09-07 15:26:00,Store_B
DEV_0004,28.616928,77.210824,2026-09-07 15:53:00,Store_A
DEV_0004,28.619578,77.210733,2026-09-07 16:13:00,Store_B
DEV_0005,28.618938,77.210365,2026-09-01 06:27:00,Store_B
DEV_0005,28.616807,77.215357,2026-09-01 06:54:00,Store_B
DEV_0005,28.614886,77.209086,2026-09-01 07:00:00,Store_A
DEV_0005,28.619379,77.213772,2026-09-01 07:03:00,Store_B
DEV_0005,28.612926,77.206058,2026-09-01 07:04:00,Store_A
DEV_0005,28.614082,77.212275,2026-09-01 07:26:00,Store_A
DEV_0005,28.618612,77.213844,2026-09-01 07:32:00,Store_B
DEV_0005,28.619213,77.213799,2026-09-01 08:01:00,Store_B
DEV_0005,28.610646,77.210275,2026-09-01 08:30:00,Store_A
DEV_0005,28.617076,77.211199,2026-09-01 08:51:00,Store_A
DEV_0005,28.616176,77.211963,2026-09-01 08:53:00,Store_B
DEV_0005,28.613836,77.215418,2026-09-01 09:19:00,Store_B
DEV_0005,28.614804,77.215437,2026-09-01 09:49:00,Store_B
DEV_0005,28.613304,77.207036,2026-09-01 10:14:00,Store_A
DEV_0005,28.617181,77.205671,2026-09-01 10:34:00,Store_A
DEV_0005,28.614062,77.209044,2026-09-01 10:58:00,Store_B
DEV_0005,28.614524,77.205943,2026-09-01 10:59:00,Store_A
DEV_0005,28.617236,77.214502,2026-09-01 11:10:00,Store_B
DEV_0005,28.614898,77.210238,2026-09-01 11:31:00,Store_B
DEV_0005,28.61409,77.213289,2026-09-01 11:50:00,Store_B
DEV_0005,28.616895,77.216934,2026-09-01 12:03:00,Store_B
DEV_0005,28.613206,77.21127,2026-09-01 12:19:00,Store_A
DEV_0005,28.612862,77.209439,2026-09-01 12:28:00,Store_A
DEV_0005,28.616621,77.215194,2026-09-01 12:41:00,Store_B
DEV_0005,28.61674,77.210274,2026-09-01 13:05:00,Store_A
DEV_0005,28.613473,77.210594,2026-09-01 13:11:00,Store_A
DEV_0005,28.611616,77.208204,2026-09-01 13:22:00,Store_A
DEV_0005,28.611186,77.212717,2026-09-01 13:23:00,Store_A
DEV_0005,28.616486,77.208773,2026-09-01 13:43:00,Store_A
DEV_0005,28.612705,77.211105,2026-09-01 13:55:00,Store_B
DEV_0005,28.614772,77.210796,2026-09-01 14:25:00,Store_A
DEV_0005,28.616912,77.213168,2026-09-01 14:48:00,Store_B
DEV_0005,28.617466,77.211562,2026-09-01 15:09:00,Store_A
DEV_0005,28.615512,77.210614,2026-09-01 15:31:00,Store_B
DEV_0005,28.613558,77.215272,2026-09-01 15:48:00,Store_B
DEV_0005,28.614822,77.210392,2026-09-01 16:00:00,Store_A
DEV_0005,28.61514,77.212805,2026-09-01 16:03:00,Store_A
DEV_0005,28.618237,77.211825,2026-09-01 16:16:00,Store_B
DEV_0005,28.616689,77.213142,2026-09-01 16:40:00,Store_B
DEV_0005,28.617253,77.209397,2026-09-01 17:04:00,Store_A
DEV_0005,28.61478,77.215524,2026-09-02 06:08:00,Store_B
DEV_0005,28.613538,77.208232,2026-09-02 06:09:00,Store_A
DEV_0005,28.6134,77.21305,2026-09-02 06:27:00,Store_B
DEV_0005,28.613925,77.20772,2026-09-02 06:31:00,Store_A
DEV_0005,28.619009,77.215505,2026-09-02 06:50:00,Store_B
DEV_0005,28.617554,77.216728,2026-09-02 07:09:00,Store_B
DEV_0005,28.61816,77.21506,2026-09-02 07:34:00,Store_B
DEV_0005,28.617453,77.216172,2026-09-02 08:02:00,Store_B
DEV_0005,28.613756,77.207063,2026-09-02 08:15:00,Store_A
DEV_0005,28.615315,77.206839,2026-09-02 08:26:00,Store_A
DEV_0005,28.619644,77.213132,2026-09-02 08:27:00,Store_B
DEV_0005,28.613986,77.209744,2026-09-02 08:49:00,Store_B
DEV_0005,28.612608,77.216451,2026-09-02 09:05:00,Store_B
DEV_0005,28.614828,77.216155,2026-09-02 09:14:00,Store_B
DEV_0005,28.617477,77.210465,2026-09-02 09:44:00,Store_A
DEV_0005,28.613892,77.206597,2026-09-02 10:08:00,Store_A
DEV_0005,28.616882,77.206654,2026-09-02 10:15:00,Store_A
DEV_0005,28.616591,77.207848,2026-09-02 10:40:00,Store_A
DEV_0005,28.610859,77.205628,2026-09-02 11:02:00,Store_A
DEV_0005,28.616911,77.215114,2026-09-02 11:20:00,Store_B
DEV_0005,28.616684,77.20797,2026-09-02 11:31:00,Store_A
DEV_0005,28.619185,77.216048,2026-09-02 11:50:00,Store_B
DEV_0005,28.615926,77.216875,2026-09-02 12:20:00,Store_B
DEV_0005,28.615183,77.215001,2026-09-02 12:25:00,Store_B
DEV_0005,28.614106,77.208385,2026-09-02 12:43:00,Store_A
DEV_0005,28.61392,77.20815,2026-09-02 13:05:00,Store_A
DEV_0005,28.613558,77.205963,2026-09-02 13:22:00,Store_A
DEV_0005,28.614525,77.209067,2026-09-02 13:44:00,Store_B
DEV_0005,28.612935,77.205806,2026-09-02 13:56:00,Store_A
DEV_0005,28.613497,77.211103,2026-09-02 14:05:00,Store_B
DEV_0005,28.619668,77.211745,2026-09-02 14:11:00,Store_B
DEV_0005,28.615392,77.212353,2026-09-02 14:36:00,Store_B
DEV_0005,28.614921,77.212205,2026-09-02 14:51:00,Store_B
DEV_0005,28.614471,77.212834,2026-09-02 15:13:00,Store_A
DEV_0005,28.616414,77.210767,2026-09-02 15:39:00,Store_A
DEV_0005,28.614343,77.21185,2026-09-02 15:46:00,Store_A
DEV_0005,28.6163,77.210908,2026-09-02 16:02:00,Store_A
DEV_0005,28.611313,77.208997,2026-09-02 16:31:00,Store_A
DEV_0005,28.618283,77.2114,2026-09-02 16:49:00,Store_B
DEV_0005,28.613087,77.210524,2026-09-02 16:51:00,Store_A
DEV_0005,28.616411,77.208812,2026-09-03 06:21:00,Store_A
DEV_0005,28.613499,77.207677,2026-09-03 06:33:00,Store_A
DEV_0005,28.616483,77.216455,2026-09-03 06:42:00,Store_B
DEV_0005,28.612159,77.20997,2026-09-03 07:10:00,Store_B
DEV_0005,28.614515,77.210199,2026-09-03 07:28:00,Store_A
DEV_0005,28.617735,77.207277,2026-09-03 07:39:00,Store_A
DEV_0005,28.618198,77.212575,2026-09-03 07:42:00,Store_B
DEV_0005,28.616909,77.21271,2026-09-03 07:47:00,Store_B
DEV_0005,28.615025,77.212429,2026-09-03 08:01:00,Store_A
DEV_0005,28.618791,77.209571,2026-09-03 08:07:00,Store_B
DEV_0005,28.613826,77.211535,2026-09-03 08:17:00,Store_B
DEV_0005,28.616843,77.212164,2026-09-03 08:46:00,Store_B
DEV_0005,28.618248,77.21651,2026-09-03 09:10:00,Store_B
DEV_0005,28.615312,77.210471,2026-09-03 09:11:00,Store_B
DEV_0005,28.615722,77.210296,2026-09-03 09:35:00,Store_A
DEV_0005,28.611585,77.208176,2026-09-03 09:39:00,Store_A
DEV_0005,28.617394,77.208785,2026-09-03 09:41:00,Store_A
DEV_0005,28.616067,77.209192,2026-09-03 09:44:00,Store_A
DEV_0005,28.612,77.206242,2026-09-03 10:05:00,Store_A
DEV_0005,28.614475,77.210979,2026-09-03 10:15:00,Store_B
DEV_0005,28.617012,77.21005,2026-09-03 10:42:00,Store_B
DEV_0005,28.610129,77.210308,2026-09-03 11:10:00,Store_A
DEV_0005,28.618914,77.212738,2026-09-03 11:38:00,Store_B
DEV_0005,28.616388,77.210081,2026-09-03 12:01:00,Store_B
DEV_0005,28.614627,77.208652,2026-09-03 12:25:00,Store_A
DEV_0005,28.616188,77.214116,2026-09-03 12:35:00,Store_B
DEV_0005,28.615853,77.210817,2026-09-03 12:38:00,Store_B
DEV_0005,28.614463,77.212298,2026-09-03 12:43:00,Store_B
DEV_0005,28.612084,77.213187,2026-09-03 13:08:00,Store_B
DEV_0005,28.612651,77.208754,2026-09-03 13:09:00,Store_A
DEV_0005,28.619576,77.212817,2026-09-03 13:10:00,Store_B
DEV_0005,28.618384,77.213776,2026-09-03 13:36:00,Store_B
DEV_0005,28.614286,77.206509,2026-09-03 14:05:00,Store_A
DEV_0005,28.615158,77.210306,2026-09-03 14:29:00,Store_B
DEV_0005,28.618627,77.210765,2026-09-03 14:32:00,Store_B
DEV_0005,28.617003,77.213133,2026-09-03 14:58:00,Store_B
DEV_0005,28.614277,77.214943,2026-09-03 15:24:00,Store_B
DEV_0005,28.615303,77.215828,2026-09-03 15:30:00,Store_B
DEV_0005,28.612217,77.210095,2026-09-03 15:50:00,Store_A
DEV_0005,28.614177,77.213982,2026-09-03 15:57:00,Store_B
DEV_0005,28.612155,77.209397,2026-09-04 06:18:00,Store_B
DEV_0005,28.611388,77.205818,2026-09-04 06:27:00,Store_A
DEV_0005,28.615622,77.210817,2026-09-04 06:35:00,Store_A
DEV_0005,28.611105,77.208949,2026-09-04 06:46:00,Store_A
DEV_0005,28.614493,77.215396,2026-09-04 06:58:00,Store_B
DEV_0005,28.617575,77.209254,2026-09-04 07:01:00,Store_B
DEV_0005,28.610348,77.211205,2026-09-04 07:04:00,Store_A
DEV_0005,28.613453,77.216166,2026-09-04 07:13:00,Store_B
DEV_0005,28.618626,77.209976,2026-09-04 07:38:00,Store_B
DEV_0005,28.612978,77.2128,2026-09-04 07:46:00,Store_A
DEV_0005,28.611493,77.210883,2026-09-04 07:50:00,Store_A
DEV_0005,28.613683,77.210452,2026-09-04 08:00:00,Store_A
DEV_0005,28.613269,77.214826,2026-09-04 08:24:00,Store_B
DEV_0005,28.611927,77.210108,2026-09-04 08:31:00,Store_A
DEV_0005,28.6191,77.215909,2026-09-04 08:38:00,Store_B
DEV_0005,28.611788,77.208473,2026-09-04 08:39:00,Store_A
DEV_0005,28.616255,77.209678,2026-09-04 08:52:00,Store_A
DEV_0005,28.609971,77.205336,2026-09-04 09:18:00,Store_A
DEV_0005,28.617507,77.21024,2026-09-04 09:43:00,Store_B
DEV_0005,28.61189,77.208999,2026-09-04 10:05:00,Store_A
DEV_0005,28.619447,77.216976,2026-09-04 10:26:00,Store_B
DEV_0005,28.610378,77.210157,2026-09-04 10:49:00,Store_A
DEV_0005,28.610907,77.206861,2026-09-04 11:07:00,Store_A
DEV_0005,28.618444,77.21251,2026-09-04 11:14:00,Store_B
DEV_0005,28.615414,77.207865,2026-09-04 11:19:00,Store_A
DEV_0005,28.619189,77.212882,2026-09-04 11:34:00,Store_B
DEV_0005,28.616342,77.212921,2026-09-04 11:53:00,Store_B
DEV_0005,28.614249,77.207589,2026-09-04 12:08:00,Store_A
DEV_0005,28.618941,77.213789,2026-09-04 12:36:00,Store_B
DEV_0005,28.610451,77.20624,2026-09-04 12:46:00,Store_A
DEV_0005,28.616333,77.212633,2026-09-04 13:11:00,Store_B
DEV_0005,28.617869,77.216063,2026-09-04 13:31:00,Store_B
DEV_0005,28.618208,77.21091,2026-09-04 13:55:00,Store_B
DEV_0005,28.615166,77.209312,2026-09-04 14:08:00,Store_A
DEV_0005,28.614093,77.20898,2026-09-04 14:26:00,Store_A
DEV_0005,28.614804,77.207581,2026-09-04 14:47:00,Store_A
DEV_0005,28.612884,77.213186,2026-09-04 14:50:00,Store_B
DEV_0005,28.616582,77.206038,2026-09-04 15:18:00,Store_A
DEV_0005,28.611517,77.208883,2026-09-04 15:22:00,Store_A
DEV_0005,28.614468,77.21169,2026-09-04 15:44:00,Store_A
DEV_0005,28.616207,77.214611,2026-09-05 06:09:00,Store_B
DEV_0005,28.612831,77.209848,2026-09-05 06:12:00,Store_A
DEV_0005,28.617342,77.20667,2026-09-05 06:28:00,Store_A
DEV_0005,28.613644,77.210111,2026-09-05 06:40:00,Store_A
DEV_0005,28.618576,77.215354,2026-09-05 06:42:00,Store_B
DEV_0005,28.616232,77.214874,2026-09-05 07:09:00,Store_B
DEV_0005,28.612623,77.210727,2026-09-05 07:26:00,Store_B
DEV_0005,28.61071,77.206848,2026-09-05 07:39:00,Store_A
DEV_0005,28.611445,77.210255,2026-09-05 07:58:00,Store_A
DEV_0005,28.614367,77.209465,2026-09-05 08:22:00,Store_A
DEV_0005,28.61603,77.209613,2026-09-05 08:44:00,Store_A
DEV_0005,28.61762,77.212417,2026-09-05 08:48:00,Store_B
DEV_0005,28.61624,77.2094,2026-09-05 09:05:00,Store_A
DEV_0005,28.61726,77.213271,2026-09-05 09:25:00,Store_B
DEV_0005,28.619468,77.21622,2026-09-05 09:43:00,Store_B
DEV_0005,28.618759,77.212299,2026-09-05 10:04:00,Store_B
DEV_0005,28.618609,77.211588,2026-09-05 10:12:00,Store_B
DEV_0005,28.612901,77.209402,2026-09-05 10:36:00,Store_A
DEV_0005,28.61488,77.212619,2026-09-05 10:49:00,Store_B
DEV_0005,28.615711,77.212864,2026-09-05 11:09:00,Store_A
DEV_0005,28.614041,77.212947,2026-09-05 11:19:00,Store_A
DEV_0005,28.612303,77.206775,2026-09-05 11:47:00,Store_A
DEV_0005,28.612174,77.215576,2026-09-05 12:10:00,Store_B
DEV_0005,28.619353,77.21309,2026-09-05 12:29:00,Store_B
DEV_0005,28.610654,77.208683,2026-09-05 12:34:00,Store_A
DEV_0005,28.61202,77.212117,2026-09-05 12:42:00,Store_A
DEV_0005,28.61195,77.207402,2026-09-05 13:01:00,Store_A
DEV_0005,28.616553,77.210739,2026-09-05 13:04:00,Store_B
DEV_0005,28.618343,77.210383,2026-09-05 13:31:00,Store_B
DEV_0005,28.614662,77.207403,2026-09-05 13:55:00,Store_A
DEV_0005,28.612628,77.209447,2026-09-05 14:20:00,Store_B
DEV_0005,28.614783,77.215537,2026-09-05 14:34:00,Store_B
DEV_0005,28.616858,77.206814,2026-09-05 14:55:00,Store_A
DEV_0005,28.614971,77.210058,2026-09-05 14:57:00,Store_A
DEV_0005,28.616195,77.211555,2026-09-05 15:16:00,Store_B
DEV_0005,28.612515,77.210582,2026-09-05 15:21:00,Store_A
DEV_0005,28.615289,77.212979,2026-09-05 15:36:00,Store_A
DEV_0005,28.611677,77.207318,2026-09-05 15:49:00,Store_A
DEV_0005,28.610958,77.20566,2026-09-05 16:08:00,Store_A
DEV_0005,28.614285,77.2071,2026-09-05 16:21:00,Store_A
DEV_0005,28.618191,77.210043,2026-09-06 06:05:00,Store_B
DEV_0005,28.616474,77.212903,2026-09-06 06:26:00,Store_B
DEV_0005,28.614389,77.212977,2026-09-06 06:43:00,Store_A
DEV_0005,28.611839,77.20713,2026-09-06 06:57:00,Store_A
DEV_0005,28.617478,77.213608,2026-09-06 07:01:00,Store_B
DEV_0005,28.615388,77.211786,2026-09-06 07:12:00,Store_B
DEV_0005,28.616751,77.209194,2026-09-06 07:22:00,Store_B
DEV_0005,28.617801,77.20993,2026-09-06 07:48:00,Store_A
DEV_0005,28.616985,77.212524,2026-09-06 08:18:00,Store_B
DEV_0005,28.611497,77.207991,2026-09-06 08:43:00,Store_A
DEV_0005,28.610799,77.205436,2026-09-06 09:03:00,Store_A
DEV_0005,28.61685,77.211561,2026-09-06 09:04:00,Store_A
DEV_0005,28.61755,77.20989,2026-09-06 09:19:00,Store_B
DEV_0005,28.612182,77.210672,2026-09-06 09:37:00,Store_B
DEV_0005,28.61153,77.209186,2026-09-06 09:46:00,Store_A
DEV_0005,28.616984,77.216938,2026-09-06 10:09:00,Store_B
DEV_0005,28.612913,77.212248,2026-09-06 10:26:00,Store_A
DEV_0005,28.611944,77.205481,2026-09-06 10:33:00,Store_A
DEV_0005,28.612425,77.214238,2026-09-06 10:34:00,Store_B
DEV_0005,28.613009,77.20717,2026-09-06 11:02:00,Store_A
DEV_0005,28.618914,77.209153,2026-09-06 11:30:00,Store_B
DEV_0005,28.613849,77.212046,2026-09-06 11:53:00,Store_B
DEV_0005,28.617131,77.208877,2026-09-06 12:13:00,Store_A
DEV_0005,28.611391,77.209005,2026-09-06 12:28:00,Store_A
DEV_0005,28.610218,77.212378,2026-09-06 12:38:00,Store_A
DEV_0005,28.615919,77.214955,2026-09-06 12:39:00,Store_B
DEV_0005,28.617474,77.211843,2026-09-06 12:49:00,Store_B
DEV_0005,28.617868,77.212829,2026-09-06 12:58:00,Store_A
DEV_0005,28.614906,77.212029,2026-09-06 13:27:00,Store_A
DEV_0005,28.617453,77.212593,2026-09-06 13:35:00,Store_A
DEV_0005,28.612634,77.208143,2026-09-06 13:40:00,Store_A
DEV_0005,28.615739,77.209166,2026-09-06 14:02:00,Store_A
DEV_0005,28.613239,77.209583,2026-09-06 14:16:00,Store_A
DEV_0005,28.619278,77.211634,2026-09-06 14:34:00,Store_B
DEV_0005,28.611554,77.206109,2026-09-06 14:52:00,Store_A
DEV_0005,28.616801,77.207472,2026-09-06 15:15:00,Store_A
DEV_0005,28.613341,77.212272,2026-09-06 15:40:00,Store_A
DEV_0005,28.61515,77.209519,2026-09-06 15:46:00,Store_A
DEV_0005,28.612543,77.213264,2026-09-06 16:10:00,Store_B
DEV_0005,28.611373,77.211716,2026-09-06 16:15:00,Store_A
DEV_0005,28.616023,77.212041,2026-09-07 06:14:00,Store_A
DEV_0005,28.614427,77.214965,2026-09-07 06:41:00,Store_B
DEV_0005,28.613216,77.210503,2026-09-07 06:46:00,Store_B
DEV_0005,28.61011,77.212888,2026-09-07 07:06:00,Store_A
DEV_0005,28.616845,77.213899,2026-09-07 07:26:00,Store_B
DEV_0005,28.611747,77.205209,2026-09-07 07:29:00,Store_A
DEV_0005,28.613073,77.215769,2026-09-07 07:45:00,Store_B
DEV_0005,28.613472,77.2121,2026-09-07 08:01:00,Store_B
DEV_0005,28.61121,77.20681,2026-09-07 08:15:00,Store_A
DEV_0005,28.617303,77.212602,2026-09-07 08:23:00,Store_A
DEV_0005,28.615962,77.205529,2026-09-07 08:53:00,Store_A
DEV_0005,28.618937,77.21292,2026-09-07 09:04:00,Store_B
DEV_0005,28.619101,77.21242,2026-09-07 09:29:00,Store_B
DEV_0005,28.614763,77.211595,2026-09-07 09:53:00,Store_A
DEV_0005,28.615153,77.216513,2026-09-07 10:12:00,Store_B
DEV_0005,28.614065,77.208613,2026-09-07 10:39:00,Store_A
DEV_0005,28.616922,77.206966,2026-09-07 10:57:00,Store_A
DEV_0005,28.619871,77.209314,2026-09-07 11:10:00,Store_B
DEV_0005,28.611419,77.208516,2026-09-07 11:39:00,Store_A
DEV_0005,28.618189,77.211287,2026-09-07 11:45:00,Store_B
DEV_0005,28.614355,77.216352,2026-09-07 12:08:00,Store_B
DEV_0005,28.613609,77.210169,2026-09-07 12:11:00,Store_A
DEV_0005,28.611338,77.209684,2026-09-07 12:40:00,Store_A
DEV_0005,28.613045,77.207588,2026-09-07 12:41:00,Store_A
DEV_0005,28.613529,77.212173,2026-09-07 13:10:00,Store_A
DEV_0005,28.61696,77.205721,2026-09-07 13:21:00,Store_A
DEV_0005,28.615647,77.205988,2026-09-07 13:25:00,Store_A
DEV_0005,28.617073,77.209682,2026-09-07 13:48:00,Store_B
DEV_0005,28.617815,77.216802,2026-09-07 14:08:00,Store_B
DEV_0005,28.612929,77.208045,2026-09-07 14:33:00,Store_A
DEV_0005,28.617198,77.209524,2026-09-07 14:55:00,Store_A
DEV_0005,28.611197,77.206157,2026-09-07 15:20:00,Store_A
DEV_0005,28.613257,77.207476,2026-09-07 15:45:00,Store_A
DEV_0005,28.61431,77.210446,2026-09-07 16:14:00,Store_B
DEV_0005,28.617583,77.205028,2026-09-07 16:39:00,Store_A
DEV_0005,28.612098,77.212981,2026-09-07 16:55:00,Store_B
DEV_0005,28.614764,77.208948,2026-09-07 17:02:00,Store_A
DEV_0005,28.61563,77.212535,2026-09-07 17:22:00,Store_B
DEV_0005,28.611858,77.209379,2026-09-07 17:42:00,Store_A
DEV_0005,28.610291,77.206186,2026-09-07 18:03:00,Store_A
DEV_0006,28.612294,77.215831,2026-09-01 06:22:00,Store_B
DEV_0006,28.614649,77.209702,2026-09-01 06:26:00,Store_B
DEV_0006,28.61995,77.210291,2026-09-01 06:36:00,Store_B
DEV_0006,28.61763,77.210995,2026-09-01 06:48:00,Store_A
DEV_0006,28.610645,77.207394,2026-09-01 07:00:00,Store_A
DEV_0006,28.618562,77.215068,2026-09-01 07:27:00,Store_B
DEV_0006,28.612243,77.206076,2026-09-01 07:50:00,Store_A
DEV_0006,28.614634,77.21231,2026-09-01 07:57:00,Store_B
DEV_0006,28.614796,77.205874,2026-09-01 08:21:00,Store_A
DEV_0006,28.613769,77.210509,2026-09-01 08:51:00,Store_A
DEV_0006,28.615416,77.215782,2026-09-01 09:00:00,Store_B
DEV_0006,28.619417,77.213914,2026-09-01 09:16:00,Store_B
DEV_0006,28.61594,77.210439,2026-09-01 09:36:00,Store_B
DEV_0006,28.615569,77.212834,2026-09-01 09:37:00,Store_A
DEV_0006,28.610092,77.210004,2026-09-01 09:41:00,Store_A
DEV_0006,28.616297,77.212992,2026-09-01 09:55:00,Store_A
DEV_0006,28.61257,77.209483,2026-09-01 10:16:00,Store_A
DEV_0006,28.60999,77.206609,2026-09-01 10:26:00,Store_A
DEV_0006,28.618322,77.211462,2026-09-01 10:43:00,Store_B
DEV_0006,28.618136,77.209911,2026-09-01 10:54:00,Store_B
DEV_0006,28.615168,77.213551,2026-09-01 10:55:00,Store_B
DEV_0006,28.611452,77.211671,2026-09-01 11:25:00,Store_A
DEV_0006,28.619329,77.215378,2026-09-01 11:46:00,Store_B
DEV_0006,28.613752,77.210018,2026-09-01 12:15:00,Store_A
DEV_0006,28.6157,77.215513,2026-09-01 12:45:00,Store_B
DEV_0006,28.616581,77.207395,2026-09-01 13:09:00,Store_A
DEV_0006,28.616441,77.20915,2026-09-01 13:28:00,Store_B
DEV_0006,28.618396,77.216104,2026-09-01 13:40:00,Store_B
DEV_0006,28.617657,77.207244,2026-09-01 13:41:00,Store_A
DEV_0006,28.619869,77.214012,2026-09-01 14:08:00,Store_B
DEV_0006,28.614468,77.208117,2026-09-01 14:28:00,Store_A
DEV_0006,28.616817,77.211012,2026-09-01 14:51:00,Store_A
DEV_0006,28.617679,77.211172,2026-09-01 14:54:00,Store_B
DEV_0006,28.619016,77.211973,2026-09-01 15:21:00,Store_B
DEV_0006,28.613729,77.211419,2026-09-01 15:25:00,Store_B
DEV_0006,28.61828,77.215222,2026-09-01 15:55:00,Store_B
DEV_0006,28.61345,77.205199,2026-09-01 16:11:00,Store_A
DEV_0006,28.611422,77.212389,2026-09-01 16:35:00,Store_A
DEV_0006,28.618204,77.210146,2026-09-01 17:03:00,Store_B
DEV_0006,28.616477,77.212504,2026-09-01 17:25:00,Store_A
DEV_0006,28.611541,77.205292,2026-09-02 06:13:00,Store_A
DEV_0006,28.609933,77.212459,2026-09-02 06:35:00,Store_A
DEV_0006,28.612566,77.212113,2026-09-02 06:39:00,Store_A
DEV_0006,28.61218,77.215068,2026-09-02 07:00:00,Store_B
DEV_0006,28.612467,77.20654,2026-09-02 07:09:00,Store_A
DEV_0006,28.618182,77.214369,2026-09-02 07:18:00,Store_B
DEV_0006,28.61116,77.205916,2026-09-02 07:38:00,Store_A
DEV_0006,28.611553,77.207803,2026-09-02 07:49:00,Store_A
DEV_0006,28.613132,77.214635,2026-09-02 07:59:00,Store_B
DEV_0006,28.61127,77.207491,2026-09-02 08:28:00,Store_A
DEV_0006,28.616325,77.209406,2026-09-02 08:29:00,Store_B
DEV_0006,28.619226,77.209404,2026-09-02 08:42:00,Store_B
DEV_0006,28.610589,77.208135,2026-09-02 09:05:00,Store_A
DEV_0006,28.616931,77.2115,2026-09-02 09:32:00,Store_B
DEV_0006,28.615603,77.210367,2026-09-02 09:50:00,Store_A
DEV_0006,28.617689,77.211046,2026-09-02 10:05:00,Store_A
DEV_0006,28.610643,77.211419,2026-09-02 10:28:00,Store_A
DEV_0006,28.612778,77.211483,2026-09-02 10:49:00,Store_B
DEV_0006,28.615764,77.21658,2026-09-02 10:54:00,Store_B
DEV_0006,28.619303,77.212137,2026-09-02 11:17:00,Store_B
DEV_0006,28.61831,77.216059,2026-09-02 11:32:00,Store_B
DEV_0006,28.612242,77.212803,2026-09-02 11:44:00,Store_B
DEV_0006,28.61569,77.210366,2026-09-02 12:09:00,Store_B
DEV_0006,28.616836,77.210019,2026-09-02 12:13:00,Store_B
DEV_0006,28.61854,77.215374,2026-09-02 12:24:00,Store_B
DEV_0006,28.616239,77.209262,2026-09-02 12:37:00,Store_A
DEV_0006,28.613909,77.21095,2026-09-02 12:43:00,Store_B
DEV_0006,28.615071,77.211726,2026-09-02 13:10:00,Store_B
DEV_0006,28.618275,77.212483,2026-09-02 13:36:00,Store_B
DEV_0006,28.616356,77.210889,2026-09-02 13:58:00,Store_B
DEV_0006,28.615815,77.210695,2026-09-02 14:25:00,Store_A
DEV_0006,28.612915,77.213769,2026-09-02 14:36:00,Store_B
DEV_0006,28.616476,77.206409,2026-09-02 14:49:00,Store_A
DEV_0006,28.614686,77.210484,2026-09-02 15:09:00,Store_A
DEV_0006,28.614619,77.21416,2026-09-02 15:11:00,Store_B
DEV_0006,28.611641,77.206111,2026-09-02 15:30:00,Store_A
DEV_0006,28.615957,77.210287,2026-09-02 15:45:00,Store_A
DEV_0006,28.61512,77.213623,2026-09-02 15:52:00,Store_B
DEV_0006,28.615352,77.207533,2026-09-02 16:11:00,Store_A
DEV_0006,28.619348,77.216493,2026-09-02 16:34:00,Store_B
DEV_0006,28.619922,77.213662,2026-09-03 06:20:00,Store_B
DEV_0006,28.618781,77.21582,2026-09-03 06:22:00,Store_B
DEV_0006,28.619209,77.216743,2026-09-03 06:23:00,Store_B
DEV_0006,28.612878,77.211258,2026-09-03 06:24:00,Store_B
DEV_0006,28.613354,77.209721,2026-09-03 06:45:00,Store_A
DEV_0006,28.617694,77.212248,2026-09-03 06:59:00,Store_B
DEV_0006,28.6152,77.208799,2026-09-03 07:06:00,Store_A
DEV_0006,28.618747,77.211882,2026-09-03 07:20:00,Store_B
DEV_0006,28.612208,77.211982,2026-09-03 07:25:00,Store_A
DEV_0006,28.609993,77.210187,2026-09-03 07:30:00,Store_A
DEV_0006,28.617263,77.2168,2026-09-03 07:35:00,Store_B
DEV_0006,28.610998,77.211448,2026-09-03 08:03:00,Store_A
DEV_0006,28.619149,77.214563,2026-09-03 08:33:00,Store_B
DEV_0006,28.616986,77.212635,2026-09-03 08:47:00,Store_B
DEV_0006,28.615078,77.210806,2026-09-03 09:01:00,Store_B
DEV_0006,28.614524,77.211774,2026-09-03 09:09:00,Store_A
DEV_0006,28.615287,77.213369,2026-09-03 09:21:00,Store_B
DEV_0006,28.617726,77.209545,2026-09-03 09:44:00,Store_A
DEV_0006,28.612905,77.212852,2026-09-03 10:07:00,Store_B
DEV_0006,28.611037,77.21085,2026-09-03 10:35:00,Store_A
DEV_0006,28.615719,77.209626,2026-09-03 11:04:00,Store_B
DEV_0006,28.611862,77.210045,2026-09-03 11:26:00,Store_A
DEV_0006,28.615373,77.209314,2026-09-03 11:45:00,Store_A
DEV_0006,28.616904,77.216229,2026-09-03 12:03:00,Store_B
DEV_0006,28.613651,77.209101,2026-09-03 12:19:00,Store_A
DEV_0006,28.615368,77.216685,2026-09-03 12:45:00,Store_B
DEV_0006,28.614314,77.209283,2026-09-03 13:15:00,Store_B
DEV_0006,28.617816,77.21351,2026-09-03 13:17:00,Store_B
DEV_0006,28.616625,77.213583,2026-09-03 13:39:00,Store_B
DEV_0006,28.618471,77.213995,2026-09-03 13:49:00,Store_B
DEV_0006,28.61266,77.213045,2026-09-03 14:17:00,Store_B
DEV_0006,28.614016,77.213926,2026-09-03 14:26:00,Store_B
DEV_0006,28.612114,77.209892,2026-09-03 14:32:00,Store_B
DEV_0006,28.615173,77.207958,2026-09-03 14:38:00,Store_A
DEV_0006,28.61826,77.21089,2026-09-03 14:44:00,Store_B
DEV_0006,28.612643,77.205675,2026-09-03 14:49:00,Store_A
DEV_0006,28.616601,77.211022,2026-09-03 15:03:00,Store_A
DEV_0006,28.613904,77.212521,2026-09-03 15:24:00,Store_B
DEV_0006,28.611587,77.210875,2026-09-03 15:36:00,Store_A
DEV_0006,28.615038,77.211044,2026-09-03 15:40:00,Store_A
DEV_0006,28.611241,77.20819,2026-09-04 06:10:00,Store_A
DEV_0006,28.617969,77.215019,2026-09-04 06:28:00,Store_B
DEV_0006,28.612938,77.210645,2026-09-04 06:44:00,Store_A
DEV_0006,28.613161,77.215962,2026-09-04 06:45:00,Store_B
DEV_0006,28.619418,77.212591,2026-09-04 07:07:00,Store_B
DEV_0006,28.619694,77.214463,2026-09-04 07:09:00,Store_B
DEV_0006,28.617242,77.210099,2026-09-04 07:37:00,Store_A
DEV_0006,28.616884,77.214217,2026-09-04 07:46:00,Store_B
DEV_0006,28.614163,77.215419,2026-09-04 07:55:00,Store_B
DEV_0006,28.615689,77.214402,2026-09-04 08:03:00,Store_B
DEV_0006,28.61406,77.210422,2026-09-04 08:09:00,Store_A
DEV_0006,28.616381,77.214382,2026-09-04 08:36:00,Store_B
DEV_0006,28.609996,77.205782,2026-09-04 08:40:00,Store_A
DEV_0006,28.614812,77.214802,2026-09-04 08:49:00,Store_B
DEV_0006,28.610172,77.209955,2026-09-04 08:51:00,Store_A
DEV_0006,28.617504,77.210105,2026-09-04 09:14:00,Store_A
DEV_0006,28.610591,77.209837,2026-09-04 09:27:00,Store_A
DEV_0006,28.617068,77.210565,2026-09-04 09:36:00,Store_A
DEV_0006,28.615736,77.216489,2026-09-04 09:57:00,Store_B
DEV_0006,28.619382,77.211211,2026-09-04 10:11:00,Store_B
DEV_0006,28.614059,77.215246,2026-09-04 10:20:00,Store_B
DEV_0006,28.612962,77.207661,2026-09-04 10:22:00,Store_A
DEV_0006,28.619645,77.211117,2026-09-04 10:37:00,Store_B
DEV_0006,28.613834,77.212429,2026-09-04 10:57:00,Store_A
DEV_0006,28.613428,77.212936,2026-09-04 11:02:00,Store_B
DEV_0006,28.613747,77.214147,2026-09-04 11:32:00,Store_B
DEV_0006,28.617723,77.209826,2026-09-04 11:35:00,Store_B
DEV_0006,28.614471,77.207005,2026-09-04 11:50:00,Store_A
DEV_0006,28.617072,77.206191,2026-09-04 12:11:00,Store_A
DEV_0006,28.617363,77.210317,2026-09-04 12:20:00,Store_A
DEV_0006,28.6155,77.212237,2026-09-04 12:39:00,Store_A
DEV_0006,28.614023,77.212519,2026-09-04 12:55:00,Store_A
DEV_0006,28.615488,77.215752,2026-09-04 13:20:00,Store_B
DEV_0006,28.614221,77.205026,2026-09-04 13:43:00,Store_A
DEV_0006,28.61297,77.213282,2026-09-04 13:55:00,Store_B
DEV_0006,28.617455,77.212205,2026-09-04 14:16:00,Store_B
DEV_0006,28.612823,77.211827,2026-09-04 14:27:00,Store_A
DEV_0006,28.616629,77.211084,2026-09-04 14:37:00,Store_A
DEV_0006,28.611313,77.205315,2026-09-04 14:50:00,Store_A
DEV_0006,28.612291,77.208121,2026-09-04 14:54:00,Store_A
DEV_0006,28.615892,77.216082,2026-09-05 06:15:00,Store_B
DEV_0006,28.61102,77.206545,2026-09-05 06:39:00,Store_A
DEV_0006,28.613814,77.205504,2026-09-05 06:57:00,Store_A
DEV_0006,28.615997,77.21672,2026-09-05 07:23:00,Store_B
DEV_0006,28.619733,77.209131,2026-09-05 07:34:00,Store_B
DEV_0006,28.612602,77.210768,2026-09-05 07:47:00,Store_A
DEV_0006,28.611593,77.210231,2026-09-05 08:04:00,Store_A
DEV_0006,28.619521,77.215962,2026-09-05 08:22:00,Store_B
DEV_0006,28.615828,77.206864,2026-09-05 08:25:00,Store_A
DEV_0006,28.615784,77.208911,2026-09-05 08:26:00,Store_A
DEV_0006,28.619257,77.213947,2026-09-05 08:34:00,Store_B
DEV_0006,28.610015,77.210061,2026-09-05 09:03:00,Store_A
DEV_0006,28.618566,77.209778,2026-09-05 09:23:00,Store_B
DEV_0006,28.616583,77.205512,2026-09-05 09:50:00,Store_A
DEV_0006,28.610813,77.20976,2026-09-05 10:10:00,Store_A
DEV_0006,28.610405,77.206621,2026-09-05 10:21:00,Store_A
DEV_0006,28.614594,77.216807,2026-09-05 10:40:00,Store_B
DEV_0006,28.612473,77.212718,2026-09-05 10:47:00,Store_A
DEV_0006,28.614645,77.207684,2026-09-05 10:51:00,Store_A
DEV_0006,28.61313,77.212321,2026-09-05 11:14:00,Store_B
DEV_0006,28.616427,77.212509,2026-09-05 11:44:00,Store_B
DEV_0006,28.610967,77.211328,2026-09-05 12:05:00,Store_A
DEV_0006,28.618221,77.209125,2026-09-05 12:21:00,Store_B
DEV_0006,28.609951,77.206435,2026-09-05 12:24:00,Store_A
DEV_0006,28.61533,77.215459,2026-09-05 12:49:00,Store_B
DEV_0006,28.617539,77.210649,2026-09-05 13:10:00,Store_B
DEV_0006,28.616185,77.212296,2026-09-05 13:16:00,Store_B
DEV_0006,28.61467,77.210738,2026-09-05 13:36:00,Store_A
DEV_0006,28.614918,77.211261,2026-09-05 13:48:00,Store_A
DEV_0006,28.612037,77.210885,2026-09-05 13:52:00,Store_B
DEV_0006,28.614851,77.211902,2026-09-05 14:10:00,Store_A
DEV_0006,28.613614,77.210012,2026-09-05 14:17:00,Store_A
DEV_0006,28.612425,77.209901,2026-09-05 14:22:00,Store_B
DEV_0006,28.61598,77.210278,2026-09-05 14:52:00,Store_B
DEV_0006,28.610332,77.207914,2026-09-05 14:59:00,Store_A
DEV_0006,28.614011,77.213935,2026-09-05 15:28:00,Store_B
DEV_0006,28.612347,77.214923,2026-09-05 15:58:00,Store_B
DEV_0006,28.611164,77.205233,2026-09-05 16:15:00,Store_A
DEV_0006,28.610467,77.206882,2026-09-05 16:30:00,Store_A
DEV_0006,28.615353,77.214977,2026-09-05 16:59:00,Store_B
DEV_0006,28.613841,77.209881,2026-09-06 06:08:00,Store_B
DEV_0006,28.611797,77.208301,2026-09-06 06:15:00,Store_A
DEV_0006,28.619131,77.209588,2026-09-06 06:34:00,Store_B
DEV_0006,28.612435,77.212487,2026-09-06 06:41:00,Store_B
DEV_0006,28.613424,77.211988,2026-09-06 06:56:00,Store_B
DEV_0006,28.614956,77.212804,2026-09-06 07:03:00,Store_A
DEV_0006,28.613018,77.214538,2026-09-06 07:05:00,Store_B
DEV_0006,28.613092,77.215813,2026-09-06 07:20:00,Store_B
DEV_0006,28.61337,77.211749,2026-09-06 07:49:00,Store_B
DEV_0006,28.616829,77.215316,2026-09-06 08:10:00,Store_B
DEV_0006,28.614525,77.209422,2026-09-06 08:18:00,Store_A
DEV_0006,28.613194,77.209174,2026-09-06 08:46:00,Store_A
DEV_0006,28.614633,77.211696,2026-09-06 08:55:00,Store_A
DEV_0006,28.61574,77.210889,2026-09-06 09:03:00,Store_A
DEV_0006,28.612518,77.209636,2026-09-06 09:32:00,Store_A
DEV_0006,28.61721,77.212186,2026-09-06 09:46:00,Store_A
DEV_0006,28.61022,77.208765,2026-09-06 10:11:00,Store_A
DEV_0006,28.613306,77.208155,2026-09-06 10:37:00,Store_A
DEV_0006,28.61352,77.206924,2026-09-06 10:55:00,Store_A
DEV_0006,28.615445,77.208253,2026-09-06 11:02:00,Store_A
DEV_0006,28.612767,77.206912,2026-09-06 11:05:00,Store_A
DEV_0006,28.613738,77.207439,2026-09-06 11:28:00,Store_A
DEV_0006,28.618863,77.214978,2026-09-06 11:29:00,Store_B
DEV_0006,28.61571,77.210109,2026-09-06 11:52:00,Store_B
DEV_0006,28.61348,77.215972,2026-09-06 12:13:00,Store_B
DEV_0006,28.617631,77.209011,2026-09-06 12:34:00,Store_B
DEV_0006,28.612979,77.210526,2026-09-06 12:51:00,Store_A
DEV_0006,28.612273,77.211023,2026-09-06 13:14:00,Store_A
DEV_0006,28.616202,77.205648,2026-09-06 13:43:00,Store_A
DEV_0006,28.617886,77.209438,2026-09-06 14:13:00,Store_B
DEV_0006,28.619104,77.209888,2026-09-06 14:25:00,Store_B
DEV_0006,28.616953,77.211925,2026-09-06 14:31:00,Store_B
DEV_0006,28.614386,77.211189,2026-09-06 14:36:00,Store_A
DEV_0006,28.613909,77.209908,2026-09-06 14:52:00,Store_B
DEV_0006,28.615925,77.211087,2026-09-06 15:03:00,Store_A
DEV_0006,28.619183,77.213029,2026-09-06 15:17:00,Store_B
DEV_0006,28.612436,77.211983,2026-09-06 15:32:00,Store_B
DEV_0006,28.616012,77.215636,2026-09-06 15:48:00,Store_B
DEV_0006,28.615616,77.211945,2026-09-06 16:10:00,Store_B
DEV_0006,28.611407,77.212072,2026-09-06 16:13:00,Store_A
DEV_0006,28.613025,77.20643,2026-09-07 06:03:00,Store_A
DEV_0006,28.611218,77.205896,2026-09-07 06:08:00,Store_A
DEV_0006,28.613204,77.210634,2026-09-07 06:29:00,Store_B
DEV_0006,28.612245,77.212757,2026-09-07 06:47:00,Store_A
DEV_0006,28.613691,77.208361,2026-09-07 07:11:00,Store_A
DEV_0006,28.612232,77.205504,2026-09-07 07:39:00,Store_A
DEV_0006,28.61658,77.209157,2026-09-07 07:50:00,Store_A
DEV_0006,28.61663,77.214246,2026-09-07 08:16:00,Store_B
DEV_0006,28.615889,77.214327,2026-09-07 08:33:00,Store_B
DEV_0006,28.615664,77.213538,2026-09-07 09:02:00,Store_B
DEV_0006,28.613374,77.21108,2026-09-07 09:18:00,Store_B
DEV_0006,28.619766,77.215158,2026-09-07 09:20:00,Store_B
DEV_0006,28.612725,77.208647,2026-09-07 09:26:00,Store_A
DEV_0006,28.615594,77.207282,2026-09-07 09:32:00,Store_A
DEV_0006,28.61119,77.205935,2026-09-07 09:43:00,Store_A
DEV_0006,28.613427,77.207957,2026-09-07 09:50:00,Store_A
DEV_0006,28.615224,77.212824,2026-09-07 09:55:00,Store_A
DEV_0006,28.615587,77.216804,2026-09-07 10:13:00,Store_B
DEV_0006,28.612972,77.209199,2026-09-07 10:43:00,Store_B
DEV_0006,28.618148,77.216582,2026-09-07 11:13:00,Store_B
DEV_0006,28.613248,77.216761,2026-09-07 11:31:00,Store_B
DEV_0006,28.617178,77.211364,2026-09-07 12:00:00,Store_B
DEV_0006,28.619757,77.215033,2026-09-07 12:19:00,Store_B
DEV_0006,28.616297,77.210828,2026-09-07 12:49:00,Store_A
DEV_0006,28.614709,77.209899,2026-09-07 13:05:00,Store_B
DEV_0006,28.611015,77.209408,2026-09-07 13:15:00,Store_A
DEV_0006,28.613113,77.211727,2026-09-07 13:30:00,Store_A
DEV_0006,28.61274,77.20944,2026-09-07 13:51:00,Store_B
DEV_0006,28.614567,77.206777,2026-09-07 14:21:00,Store_A
DEV_0006,28.613566,77.209669,2026-09-07 14:49:00,Store_B
DEV_0006,28.617417,77.216661,2026-09-07 15:06:00,Store_B
DEV_0006,28.613556,77.211542,2026-09-07 15:26:00,Store_B
DEV_0006,28.617168,77.207889,2026-09-07 15:31:00,Store_A
DEV_0006,28.614957,77.211983,2026-09-07 15:41:00,Store_B
DEV_0006,28.614811,77.21682,2026-09-07 16:09:00,Store_B
DEV_0006,28.611626,77.212102,2026-09-07 16:33:00,Store_A
DEV_0006,28.618429,77.211309,2026-09-07 16:59:00,Store_B
DEV_0006,28.617829,77.212314,2026-09-07 17:26:00,Store_B
DEV_0006,28.611049,77.207426,2026-09-07 17:54:00,Store_A
DEV_0006,28.612529,77.216681,2026-09-07 18:19:00,Store_B
DEV_0007,28.612708,77.212276,2026-09-01 06:30:00,Store_B
DEV_0007,28.615316,77.213447,2026-09-01 06:53:00,Store_B
DEV_0007,28.611494,77.211658,2026-09-01 07:03:00,Store_A
DEV_0007,28.612338,77.21561,2026-09-01 07:30:00,Store_B
DEV_0007,28.615953,77.214919,2026-09-01 07:38:00,Store_B
DEV_0007,28.61623,77.206232,2026-09-01 07:48:00,Store_A
DEV_0007,28.612993,77.214327,2026-09-01 07:58:00,Store_B
DEV_0007,28.613435,77.216254,2026-09-01 08:19:00,Store_B
DEV_0007,28.610128,77.211118,2026-09-01 08:35:00,Store_A
DEV_0007,28.614691,77.207894,2026-09-01 08:51:00,Store_A
DEV_0007,28.618947,77.214024,2026-09-01 09:07:00,Store_B
DEV_0007,28.612886,77.210864,2026-09-01 09:08:00,Store_A
DEV_0007,28.613303,77.209468,2026-09-01 09:19:00,Store_B
DEV_0007,28.619027,77.210084,2026-09-01 09:25:00,Store_B
DEV_0007,28.612081,77.208356,2026-09-01 09:55:00,Store_A
DEV_0007,28.61239,77.211333,2026-09-01 10:16:00,Store_B
DEV_0007,28.614011,77.211132,2026-09-01 10:22:00,Store_A
DEV_0007,28.61469,77.206337,2026-09-01 10:33:00,Store_A
DEV_0007,28.618615,77.21448,2026-09-01 10:43:00,Store_B
DEV_0007,28.617484,77.214507,2026-09-01 10:47:00,Store_B
DEV_0007,28.618587,77.209103,2026-09-01 11:04:00,Store_B
DEV_0007,28.614984,77.212879,2026-09-01 11:15:00,Store_B
DEV_0007,28.610719,77.206236,2026-09-01 11:23:00,Store_A
DEV_0007,28.616261,77.209469,2026-09-01 11:46:00,Store_A
DEV_0007,28.613239,77.212328,2026-09-01 11:50:00,Store_A
DEV_0007,28.617287,77.208836,2026-09-01 12:00:00,Store_A
DEV_0007,28.613112,77.212536,2026-09-01 12:20:00,Store_B
DEV_0007,28.613378,77.211437,2026-09-01 12:44:00,Store_B
DEV_0007,28.611679,77.211855,2026-09-01 12:49:00,Store_A
DEV_0007,28.612359,77.206679,2026-09-01 12:52:00,Store_A
DEV_0007,28.617527,77.215272,2026-09-01 12:55:00,Store_B
DEV_0007,28.616098,77.211059,2026-09-01 12:57:00,Store_A
DEV_0007,28.610763,77.211344,2026-09-01 13:14:00,Store_A
DEV_0007,28.613653,77.212268,2026-09-01 13:16:00,Store_A
DEV_0007,28.612313,77.205082,2026-09-01 13:20:00,Store_A
DEV_0007,28.617261,77.206643,2026-09-01 13:49:00,Store_A
DEV_0007,28.611378,77.207812,2026-09-01 13:52:00,Store_A
DEV_0007,28.616667,77.212535,2026-09-01 14:11:00,Store_A
DEV_0007,28.614818,77.215841,2026-09-01 14:36:00,Store_B
DEV_0007,28.613939,77.205547,2026-09-01 15:03:00,Store_A
DEV_0007,28.614131,77.210726,2026-09-02 06:10:00,Store_A
DEV_0007,28.617113,77.209297,2026-09-02 06:34:00,Store_A
DEV_0007,28.617294,77.212364,2026-09-02 07:02:00,Store_A
DEV_0007,28.614932,77.213715,2026-09-02 07:17:00,Store_B
DEV_0007,28.611347,77.207839,2026-09-02 07:30:00,Store_A
DEV_0007,28.613714,77.21082,2026-09-02 07:34:00,Store_B
DEV_0007,28.612989,77.209883,2026-09-02 07:39:00,Store_B
DEV_0007,28.618098,77.214638,2026-09-02 07:57:00,Store_B
DEV_0007,28.610558,77.20895,2026-09-02 08:10:00,Store_A
DEV_0007,28.615656,77.214889,2026-09-02 08:32:00,Store_B
DEV_0007,28.613807,77.212258,2026-09-02 09:00:00,Store_B
DEV_0007,28.61351,77.209557,2026-09-02 09:27:00,Store_B
DEV_0007,28.619513,77.21194,2026-09-02 09:28:00,Store_B
DEV_0007,28.617377,77.212171,2026-09-02 09:45:00,Store_B
DEV_0007,28.610854,77.208158,2026-09-02 10:08:00,Store_A
DEV_0007,28.615831,77.212139,2026-09-02 10:14:00,Store_A
DEV_0007,28.61281,77.206593,2026-09-02 10:21:00,Store_A
DEV_0007,28.612982,77.215705,2026-09-02 10:45:00,Store_B
DEV_0007,28.614228,77.214708,2026-09-02 11:04:00,Store_B
DEV_0007,28.61805,77.215408,2026-09-02 11:17:00,Store_B
DEV_0007,28.615807,77.213825,2026-09-02 11:30:00,Store_B
DEV_0007,28.616091,77.210179,2026-09-02 11:45:00,Store_B
DEV_0007,28.610878,77.208915,2026-09-02 11:53:00,Store_A
DEV_0007,28.610138,77.210902,2026-09-02 12:20:00,Store_A
DEV_0007,28.613885,77.205214,2026-09-02 12:26:00,Store_A
DEV_0007,28.616837,77.211616,2026-09-02 12:36:00,Store_B
DEV_0007,28.615981,77.210289,2026-09-02 12:53:00,Store_A
DEV_0007,28.618342,77.210615,2026-09-02 13:15:00,Store_B
DEV_0007,28.615922,77.211093,2026-09-02 13:26:00,Store_B
DEV_0007,28.617521,77.205253,2026-09-02 13:40:00,Store_A
DEV_0007,28.612969,77.207516,2026-09-02 13:53:00,Store_A
DEV_0007,28.615677,77.209263,2026-09-02 14:11:00,Store_B
DEV_0007,28.619078,77.210313,2026-09-02 14:25:00,Store_B
DEV_0007,28.6124,77.208113,2026-09-02 14:50:00,Store_A
DEV_0007,28.614451,77.208924,2026-09-02 15:08:00,Store_A
DEV_0007,28.615807,77.215835,2026-09-02 15:25:00,Store_B
DEV_0007,28.613031,77.208958,2026-09-02 15:38:00,Store_A
DEV_0007,28.618132,77.211276,2026-09-02 15:40:00,Store_B
DEV_0007,28.614624,77.206026,2026-09-02 15:52:00,Store_A
DEV_0007,28.618476,77.213672,2026-09-02 16:17:00,Store_B
DEV_0007,28.615045,77.212425,2026-09-03 06:12:00,Store_B
DEV_0007,28.61481,77.21429,2026-09-03 06:20:00,Store_B
DEV_0007,28.615085,77.20974,2026-09-03 06:50:00,Store_A
DEV_0007,28.616852,77.205916,2026-09-03 06:56:00,Store_A
DEV_0007,28.614207,77.205299,2026-09-03 07:18:00,Store_A
DEV_0007,28.616544,77.216211,2026-09-03 07:27:00,Store_B
DEV_0007,28.615468,77.209704,2026-09-03 07:38:00,Store_A
DEV_0007,28.616563,77.211579,2026-09-03 07:42:00,Store_B
DEV_0007,28.6128,77.214401,2026-09-03 07:53:00,Store_B
DEV_0007,28.616022,77.215119,2026-09-03 08:04:00,Store_B
DEV_0007,28.614819,77.207907,2026-09-03 08:18:00,Store_A
DEV_0007,28.613876,77.211779,2026-09-03 08:44:00,Store_A
DEV_0007,28.616623,77.209287,2026-09-03 08:54:00,Store_A
DEV_0007,28.61238,77.21697,2026-09-03 09:07:00,Store_B
DEV_0007,28.614897,77.212664,2026-09-03 09:30:00,Store_A
DEV_0007,28.614635,77.207187,2026-09-03 09:49:00,Store_A
DEV_0007,28.615417,77.211779,2026-09-03 09:52:00,Store_B
DEV_0007,28.616037,77.211399,2026-09-03 10:14:00,Store_B
DEV_0007,28.613601,77.212218,2026-09-03 10:34:00,Store_B
DEV_0007,28.617372,77.21338,2026-09-03 11:03:00,Store_B
DEV_0007,28.614923,77.20913,2026-09-03 11:09:00,Store_A
DEV_0007,28.613704,77.216697,2026-09-03 11:33:00,Store_B
DEV_0007,28.614143,77.214103,2026-09-03 11:59:00,Store_B
DEV_0007,28.619477,77.214813,2026-09-03 12:01:00,Store_B
DEV_0007,28.612814,77.206182,2026-09-03 12:06:00,Store_A
DEV_0007,28.618753,77.212282,2026-09-03 12:34:00,Store_B
DEV_0007,28.614971,77.211768,2026-09-03 12:43:00,Store_A
DEV_0007,28.617168,77.211052,2026-09-03 13:03:00,Store_B
DEV_0007,28.613147,77.205908,2026-09-03 13:10:00,Store_A
DEV_0007,28.611865,77.211618,2026-09-03 13:25:00,Store_A
DEV_0007,28.616479,77.212489,2026-09-03 13:46:00,Store_B
DEV_0007,28.611516,77.207182,2026-09-03 13:47:00,Store_A
DEV_0007,28.618317,77.211222,2026-09-03 14:05:00,Store_B
DEV_0007,28.615054,77.205338,2026-09-03 14:29:00,Store_A
DEV_0007,28.618258,77.209443,2026-09-03 14:58:00,Store_B
DEV_0007,28.612411,77.207384,2026-09-03 15:01:00,Store_A
DEV_0007,28.619174,77.214373,2026-09-03 15:30:00,Store_B
DEV_0007,28.613075,77.211718,2026-09-03 15:57:00,Store_A
DEV_0007,28.611788,77.209568,2026-09-03 16:14:00,Store_A
DEV_0007,28.614076,77.211632,2026-09-03 16:39:00,Store_A
DEV_0007,28.615972,77.209722,2026-09-04 06:20:00,Store_B
DEV_0007,28.616086,77.207507,2026-09-04 06:47:00,Store_A
DEV_0007,28.618447,77.214952,2026-09-04 07:17:00,Store_B
DEV_0007,28.613744,77.209855,2026-09-04 07:24:00,Store_B
DEV_0007,28.615516,77.211034,2026-09-04 07:43:00,Store_B
DEV_0007,28.613823,77.207998,2026-09-04 07:47:00,Store_A
DEV_0007,28.616366,77.212799,2026-09-04 07:55:00,Store_B
DEV_0007,28.619035,77.216496,2026-09-04 08:07:00,Store_B
DEV_0007,28.617725,77.215571,2026-09-04 08:08:00,Store_B
DEV_0007,28.616632,77.210298,2026-09-04 08:10:00,Store_A
DEV_0007,28.611924,77.208078,2026-09-04 08:31:00,Store_A
DEV_0007,28.619225,77.214482,2026-09-04 08:49:00,Store_B
DEV_0007,28.616761,77.208108,2026-09-04 09:19:00,Store_A
DEV_0007,28.61942,77.216343,2026-09-04 09:29:00,Store_B
DEV_0007,28.617391,77.211053,2026-09-04 09:39:00,Store_A
DEV_0007,28.616775,77.206282,2026-09-04 09:54:00,Store_A
DEV_0007,28.619036,77.215134,2026-09-04 10:08:00,Store_B
DEV_0007,28.612092,77.205641,2026-09-04 10:33:00,Store_A
DEV_0007,28.615769,77.212304,2026-09-04 11:00:00,Store_B
DEV_0007,28.617739,77.216014,2026-09-04 11:27:00,Store_B
DEV_0007,28.616495,77.210588,2026-09-04 11:44:00,Store_A
DEV_0007,28.612715,77.209817,2026-09-04 12:11:00,Store_A
DEV_0007,28.615626,77.209219,2026-09-04 12:13:00,Store_B
DEV_0007,28.614941,77.211328,2026-09-04 12:18:00,Store_A
DEV_0007,28.613105,77.210026,2026-09-04 12:29:00,Store_A
DEV_0007,28.610787,77.206997,2026-09-04 12:52:00,Store_A
DEV_0007,28.616676,77.210486,2026-09-04 13:18:00,Store_A
DEV_0007,28.615612,77.215988,2026-09-04 13:23:00,Store_B
DEV_0007,28.613388,77.213744,2026-09-04 13:34:00,Store_B
DEV_0007,28.613589,77.212316,2026-09-04 13:40:00,Store_B
DEV_0007,28.619011,77.216558,2026-09-04 14:09:00,Store_B
DEV_0007,28.610066,77.205184,2026-09-04 14:27:00,Store_A
DEV_0007,28.617155,77.212793,2026-09-04 14:34:00,Store_A
DEV_0007,28.61761,77.21035,2026-09-04 14:47:00,Store_B
DEV_0007,28.616803,77.210194,2026-09-04 14:59:00,Store_B
DEV_0007,28.617478,77.205939,2026-09-04 15:22:00,Store_A
DEV_0007,28.618187,77.216426,2026-09-04 15:49:00,Store_B
DEV_0007,28.612948,77.214709,2026-09-04 15:56:00,Store_B
DEV_0007,28.614304,77.212953,2026-09-04 16:01:00,Store_B
DEV_0007,28.618851,77.213801,2026-09-04 16:28:00,Store_B
DEV_0007,28.617814,77.210515,2026-09-05 06:06:00,Store_B
DEV_0007,28.61834,77.20923,2026-09-05 06:15:00,Store_B
DEV_0007,28.614841,77.212259,2026-09-05 06:27:00,Store_A
DEV_0007,28.612686,77.212751,2026-09-05 06:55:00,Store_B
DEV_0007,28.619795,77.21218,2026-09-05 07:02:00,Store_B
DEV_0007,28.617668,77.214889,2026-09-05 07:11:00,Store_B
DEV_0007,28.610662,77.20547,2026-09-05 07:22:00,Store_A
DEV_0007,28.613667,77.207834,2026-09-05 07:42:00,Store_A
DEV_0007,28.609943,77.209036,2026-09-05 07:55:00,Store_A
DEV_0007,28.61982,77.21437,2026-09-05 08:00:00,Store_B
DEV_0007,28.614544,77.207082,2026-09-05 08:17:00,Store_A
DEV_0007,28.619443,77.216023,2026-09-05 08:22:00,Store_B
DEV_0007,28.612439,77.209243,2026-09-05 08:27:00,Store_A
DEV_0007,28.612935,77.209353,2026-09-05 08:32:00,Store_B
DEV_0007,28.618973,77.215678,2026-09-05 08:56:00,Store_B
DEV_0007,28.61941,77.211263,2026-09-05 09:25:00,Store_B
DEV_0007,28.616903,77.215093,2026-09-05 09:34:00,Store_B
DEV_0007,28.615486,77.21032,2026-09-05 09:58:00,Store_B
DEV_0007,28.618109,77.21021,2026-09-05 10:26:00,Store_B
DEV_0007,28.612426,77.210189,2026-09-05 10:34:00,Store_B
DEV_0007,28.610187,77.207082,2026-09-05 10:57:00,Store_A
DEV_0007,28.615491,77.216962,2026-09-05 11:27:00,Store_B
DEV_0007,28.612326,77.211852,2026-09-05 11:50:00,Store_B
DEV_0007,28.615662,77.2099,2026-09-05 12:14:00,Store_B
DEV_0007,28.610889,77.205749,2026-09-05 12:42:00,Store_A
DEV_0007,28.613445,77.210346,2026-09-05 12:59:00,Store_B
DEV_0007,28.616506,77.214305,2026-09-05 13:06:00,Store_B
DEV_0007,28.614108,77.209566,2026-09-05 13:20:00,Store_A
DEV_0007,28.611869,77.208985,2026-09-05 13:24:00,Store_A
DEV_0007,28.612208,77.21445,2026-09-05 13:46:00,Store_B
DEV_0007,28.613053,77.209723,2026-09-05 13:50:00,Store_A
DEV_0007,28.61323,77.209649,2026-09-05 14:17:00,Store_B
DEV_0007,28.615632,77.216642,2026-09-05 14:37:00,Store_B
DEV_0007,28.612535,77.205351,2026-09-05 14:57:00,Store_A
DEV_0007,28.614599,77.214852,2026-09-05 15:21:00,Store_B
DEV_0007,28.611591,77.205389,2026-09-05 15:42:00,Store_A
DEV_0007,28.614585,77.209444,2026-09-05 15:45:00,Store_B
DEV_0007,28.61274,77.211041,2026-09-05 15:53:00,Store_B
DEV_0007,28.612714,77.215819,2026-09-05 15:59:00,Store_B
DEV_0007,28.618236,77.211279,2026-09-05 16:24:00,Store_B
DEV_0007,28.610865,77.208927,2026-09-06 06:14:00,Store_A
DEV_0007,28.61923,77.213828,2026-09-06 06:26:00,Store_B
DEV_0007,28.616556,77.209101,2026-09-06 06:42:00,Store_A
DEV_0007,28.619083,77.212812,2026-09-06 07:01:00,Store_B
DEV_0007,28.612722,77.21238,2026-09-06 07:13:00,Store_B
DEV_0007,28.613373,77.208408,2026-09-06 07:15:00,Store_A
DEV_0007,28.619786,77.214412,2026-09-06 07:36:00,Store_B
DEV_0007,28.617345,77.209218,2026-09-06 07:57:00,Store_A
DEV_0007,28.612226,77.208499,2026-09-06 08:27:00,Store_A
DEV_0007,28.614403,77.216873,2026-09-06 08:49:00,Store_B
DEV_0007,28.618732,77.213185,2026-09-06 08:59:00,Store_B
DEV_0007,28.614308,77.212338,2026-09-06 09:16:00,Store_A
DEV_0007,28.613985,77.208304,2026-09-06 09:31:00,Store_A
DEV_0007,28.614844,77.213685,2026-09-06 09:56:00,Store_B
DEV_0007,28.610811,77.210293,2026-09-06 10:02:00,Store_A
DEV_0007,28.616643,77.205362,2026-09-06 10:16:00,Store_A
DEV_0007,28.614512,77.214793,2026-09-06 10:41:00,Store_B
DEV_0007,28.61699,77.211121,2026-09-06 11:11:00,Store_B
DEV_0007,28.611589,77.205626,2026-09-06 11:31:00,Store_A
DEV_0007,28.618973,77.209851,2026-09-06 11:49:00,Store_B
DEV_0007,28.609947,77.205933,2026-09-06 11:55:00,Store_A
DEV_0007,28.615681,77.212241,2026-09-06 12:17:00,Store_B
DEV_0007,28.614422,77.215505,2026-09-06 12:37:00,Store_B
DEV_0007,28.617525,77.216705,2026-09-06 12:59:00,Store_B
DEV_0007,28.618437,77.209701,2026-09-06 13:04:00,Store_B
DEV_0007,28.611426,77.211528,2026-09-06 13:27:00,Store_A
DEV_0007,28.616772,77.206674,2026-09-06 13:48:00,Store_A
DEV_0007,28.615098,77.208486,2026-09-06 14:09:00,Store_A
DEV_0007,28.610589,77.211158,2026-09-06 14:14:00,Store_A
DEV_0007,28.615375,77.209932,2026-09-06 14:43:00,Store_B
DEV_0007,28.61581,77.208562,2026-09-06 14:59:00,Store_A
DEV_0007,28.612157,77.212596,2026-09-06 15:07:00,Store_B
DEV_0007,28.612259,77.211636,2026-09-06 15:20:00,Store_A
DEV_0007,28.612571,77.205821,2026-09-06 15:48:00,Store_A
DEV_0007,28.619836,77.215789,2026-09-06 16:12:00,Store_B
DEV_0007,28.612296,77.212197,2026-09-06 16:29:00,Store_B
DEV_0007,28.613855,77.209486,2026-09-06 16:30:00,Store_B
DEV_0007,28.616611,77.213426,2026-09-06 16:39:00,Store_B
DEV_0007,28.619113,77.209936,2026-09-06 16:59:00,Store_B
DEV_0007,28.615587,77.21249,2026-09-06 17:05:00,Store_B
DEV_0007,28.61781,77.212754,2026-09-07 06:15:00,Store_B
DEV_0007,28.613961,77.209701,2026-09-07 06:37:00,Store_A
DEV_0007,28.619374,77.215828,2026-09-07 07:00:00,Store_B
DEV_0007,28.613049,77.211347,2026-09-07 07:23:00,Store_B
DEV_0007,28.619678,77.215665,2026-09-07 07:45:00,Store_B
DEV_0007,28.618368,77.215398,2026-09-07 08:13:00,Store_B
DEV_0007,28.614875,77.20726,2026-09-07 08:37:00,Store_A
DEV_0007,28.615236,77.206033,2026-09-07 08:44:00,Store_A
DEV_0007,28.614746,77.205807,2026-09-07 08:58:00,Store_A
DEV_0007,28.614429,77.210675,2026-09-07 09:00:00,Store_B
DEV_0007,28.61277,77.207086,2026-09-07 09:22:00,Store_A
DEV_0007,28.611298,77.211876,2026-09-07 09:39:00,Store_A
DEV_0007,28.616355,77.207702,2026-09-07 09:43:00,Store_A
DEV_0007,28.610866,77.206793,2026-09-07 09:52:00,Store_A
DEV_0007,28.618279,77.215155,2026-09-07 10:17:00,Store_B
DEV_0007,28.619171,77.215827,2026-09-07 10:45:00,Store_B
DEV_0007,28.615551,77.212413,2026-09-07 11:00:00,Store_A
DEV_0007,28.619701,77.215046,2026-09-07 11:04:00,Store_B
DEV_0007,28.616489,77.205336,2026-09-07 11:08:00,Store_A
DEV_0007,28.614939,77.211967,2026-09-07 11:38:00,Store_A
DEV_0007,28.613256,77.211337,2026-09-07 11:53:00,Store_B
DEV_0007,28.61786,77.209794,2026-09-07 12:14:00,Store_B
DEV_0007,28.614677,77.210102,2026-09-07 12:42:00,Store_B
DEV_0007,28.613413,77.208326,2026-09-07 13:07:00,Store_A
DEV_0007,28.611863,77.211473,2026-09-07 13:18:00,Store_A
DEV_0007,28.61604,77.209682,2026-09-07 13:30:00,Store_B
DEV_0007,28.614885,77.21432,2026-09-07 13:35:00,Store_B
DEV_0007,28.618298,77.210104,2026-09-07 13:49:00,Store_B
DEV_0007,28.619344,77.216185,2026-09-07 14:17:00,Store_B
DEV_0007,28.61955,77.212541,2026-09-07 14:42:00,Store_B
DEV_0007,28.615641,77.209139,2026-09-07 14:45:00,Store_A
DEV_0007,28.612606,77.208213,2026-09-07 15:10:00,Store_A
DEV_0007,28.613373,77.208146,2026-09-07 15:12:00,Store_A
DEV_0007,28.61712,77.205462,2026-09-07 15:33:00,Store_A
DEV_0007,28.615354,77.216086,2026-09-07 15:56:00,Store_B
DEV_0007,28.617772,77.21151,2026-09-07 16:08:00,Store_B
DEV_0007,28.616516,77.212202,2026-09-07 16:28:00,Store_A
DEV_0007,28.615502,77.20857,2026-09-07 16:35:00,Store_A
DEV_0007,28.61758,77.216101,2026-09-07 17:01:00,Store_B
DEV_0007,28.618203,77.216048,2026-09-07 17:04:00,Store_B
